observe,inner,outer,stop,hours,split,n,mean,median,positive,loss25,touched,completed
2,0.1,0.25,0.1,24,test,2,-23.50128231586816,-23.50128231586816,0.0,50.0,100.0,50.0
2,0.1,0.25,0.1,24,train,8,-1.6627693047362306,-2.0000000000000018,12.5,0.0,66.66666666666666,66.66666666666666
2,0.1,0.25,0.1,72,test,2,-23.50128231586816,-23.50128231586816,0.0,50.0,100.0,50.0
2,0.1,0.25,0.1,72,train,8,-1.6627693047362306,-2.0000000000000018,12.5,0.0,66.66666666666666,66.66666666666666
2,0.1,0.25,0.1,168,test,2,-23.50128231586816,-23.50128231586816,0.0,50.0,100.0,50.0
2,0.1,0.25,0.1,168,train,8,-1.6627693047362306,-2.0000000000000018,12.5,0.0,66.66666666666666,66.66666666666666
2,0.1,0.25,0.2,24,test,2,-23.50128231586816,-23.50128231586816,0.0,50.0,100.0,50.0
2,0.1,0.25,0.2,24,train,8,-1.6627693047362306,-2.0000000000000018,12.5,0.0,66.66666666666666,66.66666666666666
2,0.1,0.25,0.2,72,test,2,-23.50128231586816,-23.50128231586816,0.0,50.0,100.0,50.0
2,0.1,0.25,0.2,72,train,8,-1.6627693047362306,-2.0000000000000018,12.5,0.0,66.66666666666666,66.66666666666666
2,0.1,0.25,0.2,168,test,2,-23.50128231586816,-23.50128231586816,0.0,50.0,100.0,50.0
2,0.1,0.25,0.2,168,train,8,-1.6627693047362306,-2.0000000000000018,12.5,0.0,66.66666666666666,66.66666666666666
2,0.1,0.35,0.1,24,test,2,-21.38746656301385,-21.38746656301385,0.0,50.0,100.0,50.0
2,0.1,0.35,0.1,24,train,8,-1.804233959283147,-2.0000000000000018,0.0,0.0,66.66666666666666,66.66666666666666
2,0.1,0.35,0.1,72,test,2,-21.38746656301385,-21.38746656301385,0.0,50.0,100.0,50.0
2,0.1,0.35,0.1,72,train,8,-1.804233959283147,-2.0000000000000018,0.0,0.0,66.66666666666666,66.66666666666666
2,0.1,0.35,0.1,168,test,2,-21.38746656301385,-21.38746656301385,0.0,50.0,100.0,50.0
2,0.1,0.35,0.1,168,train,8,-1.804233959283147,-2.0000000000000018,0.0,0.0,66.66666666666666,66.66666666666666
2,0.1,0.35,0.2,24,test,2,-21.38746656301385,-21.38746656301385,0.0,50.0,100.0,50.0
2,0.1,0.35,0.2,24,train,8,-1.804233959283147,-2.0000000000000018,0.0,0.0,66.66666666666666,66.66666666666666
2,0.1,0.35,0.2,72,test,2,-21.38746656301385,-21.38746656301385,0.0,50.0,100.0,50.0
2,0.1,0.35,0.2,72,train,8,-1.804233959283147,-2.0000000000000018,0.0,0.0,66.66666666666666,66.66666666666666
2,0.1,0.35,0.2,168,test,2,-21.38746656301385,-21.38746656301385,0.0,50.0,100.0,50.0
2,0.1,0.35,0.2,168,train,8,-1.804233959283147,-2.0000000000000018,0.0,0.0,66.66666666666666,66.66666666666666
2,0.1,0.5,0.1,24,test,2,-1.8564005420417917,-1.8564005420417917,0.0,0.0,100.0,100.0
2,0.1,0.5,0.1,24,train,8,-1.8844638055875051,-2.0000000000000018,0.0,0.0,66.66666666666666,66.66666666666666
2,0.1,0.5,0.1,72,test,2,-1.8564005420417917,-1.8564005420417917,0.0,0.0,100.0,100.0
2,0.1,0.5,0.1,72,train,8,-1.8844638055875051,-2.0000000000000018,0.0,0.0,66.66666666666666,66.66666666666666
2,0.1,0.5,0.1,168,test,2,-1.8564005420417917,-1.8564005420417917,0.0,0.0,100.0,100.0
2,0.1,0.5,0.1,168,train,8,-1.8844638055875051,-2.0000000000000018,0.0,0.0,66.66666666666666,66.66666666666666
2,0.1,0.5,0.2,24,test,2,-1.8564005420417917,-1.8564005420417917,0.0,0.0,100.0,100.0
2,0.1,0.5,0.2,24,train,8,-1.8844638055875051,-2.0000000000000018,0.0,0.0,66.66666666666666,66.66666666666666
2,0.1,0.5,0.2,72,test,2,-1.8564005420417917,-1.8564005420417917,0.0,0.0,100.0,100.0
2,0.1,0.5,0.2,72,train,8,-1.8844638055875051,-2.0000000000000018,0.0,0.0,66.66666666666666,66.66666666666666
2,0.1,0.5,0.2,168,test,2,-1.8564005420417917,-1.8564005420417917,0.0,0.0,100.0,100.0
2,0.1,0.5,0.2,168,train,8,-1.8844638055875051,-2.0000000000000018,0.0,0.0,66.66666666666666,66.66666666666666
2,0.15,0.25,0.1,24,test,2,-31.346704714679497,-31.346704714679497,0.0,50.0,100.0,0.0
2,0.15,0.25,0.1,24,train,8,-1.9683214105946116,-1.9999999999999962,0.0,0.0,66.66666666666666,66.66666666666666
2,0.15,0.25,0.1,72,test,2,-31.346704714679497,-31.346704714679497,0.0,50.0,100.0,0.0
2,0.15,0.25,0.1,72,train,8,-1.9683214105946116,-1.9999999999999962,0.0,0.0,66.66666666666666,66.66666666666666
2,0.15,0.25,0.1,168,test,2,-31.346704714679497,-31.346704714679497,0.0,50.0,100.0,0.0
2,0.15,0.25,0.1,168,train,8,-1.9683214105946116,-1.9999999999999962,0.0,0.0,66.66666666666666,66.66666666666666
2,0.15,0.25,0.2,24,test,2,-37.68058074357691,-37.68058074357691,0.0,100.0,100.0,0.0
2,0.15,0.25,0.2,24,train,8,-1.9683214105946116,-1.9999999999999962,0.0,0.0,66.66666666666666,66.66666666666666
2,0.15,0.25,0.2,72,test,2,-37.68058074357691,-37.68058074357691,0.0,100.0,100.0,0.0
2,0.15,0.25,0.2,72,train,8,-1.9683214105946116,-1.9999999999999962,0.0,0.0,66.66666666666666,66.66666666666666
2,0.15,0.25,0.2,168,test,2,-37.68058074357691,-37.68058074357691,0.0,100.0,100.0,0.0
2,0.15,0.25,0.2,168,train,8,-1.9683214105946116,-1.9999999999999962,0.0,0.0,66.66666666666666,66.66666666666666
2,0.15,0.35,0.1,24,test,2,-32.90986077134564,-32.90986077134564,0.0,100.0,100.0,0.0
2,0.15,0.35,0.1,24,train,8,-1.9840722736894467,-2.0000000000000018,0.0,0.0,66.66666666666666,66.66666666666666
2,0.15,0.35,0.1,72,test,2,-32.90986077134564,-32.90986077134564,0.0,100.0,100.0,0.0
2,0.15,0.35,0.1,72,train,8,-1.9840722736894467,-2.0000000000000018,0.0,0.0,66.66666666666666,66.66666666666666
2,0.15,0.35,0.1,168,test,2,-32.90986077134564,-32.90986077134564,0.0,100.0,100.0,0.0
2,0.15,0.35,0.1,168,train,8,-1.9840722736894467,-2.0000000000000018,0.0,0.0,66.66666666666666,66.66666666666666
2,0.15,0.35,0.2,24,test,2,-36.82288751900188,-36.82288751900188,0.0,100.0,100.0,0.0
2,0.15,0.35,0.2,24,train,8,-1.9840722736894467,-2.0000000000000018,0.0,0.0,66.66666666666666,66.66666666666666
2,0.15,0.35,0.2,72,test,2,-36.82288751900188,-36.82288751900188,0.0,100.0,100.0,0.0
2,0.15,0.35,0.2,72,train,8,-1.9840722736894467,-2.0000000000000018,0.0,0.0,66.66666666666666,66.66666666666666
2,0.15,0.35,0.2,168,test,2,-36.82288751900188,-36.82288751900188,0.0,100.0,100.0,0.0
2,0.15,0.35,0.2,168,train,8,-1.9840722736894467,-2.0000000000000018,0.0,0.0,66.66666666666666,66.66666666666666
2,0.15,0.5,0.1,24,test,2,-17.890847213696244,-17.890847213696244,0.0,50.0,100.0,50.0
2,0.15,0.5,0.1,24,train,8,-1.9908685260091206,-2.0000000000000018,0.0,0.0,66.66666666666666,66.66666666666666
2,0.15,0.5,0.1,72,test,2,-17.890847213696244,-17.890847213696244,0.0,50.0,100.0,50.0
2,0.15,0.5,0.1,72,train,8,-1.9908685260091206,-2.0000000000000018,0.0,0.0,66.66666666666666,66.66666666666666
2,0.15,0.5,0.1,168,test,2,-17.890847213696244,-17.890847213696244,0.0,50.0,100.0,50.0
2,0.15,0.5,0.1,168,train,8,-1.9908685260091206,-2.0000000000000018,0.0,0.0,66.66666666666666,66.66666666666666
2,0.15,0.5,0.2,24,test,2,-21.857226852179927,-21.857226852179927,0.0,50.0,100.0,50.0
2,0.15,0.5,0.2,24,train,8,-1.9908685260091206,-2.0000000000000018,0.0,0.0,66.66666666666666,66.66666666666666
2,0.15,0.5,0.2,72,test,2,-21.857226852179927,-21.857226852179927,0.0,50.0,100.0,50.0
2,0.15,0.5,0.2,72,train,8,-1.9908685260091206,-2.0000000000000018,0.0,0.0,66.66666666666666,66.66666666666666
2,0.15,0.5,0.2,168,test,2,-21.857226852179927,-21.857226852179927,0.0,50.0,100.0,50.0
2,0.15,0.5,0.2,168,train,8,-1.9908685260091206,-2.0000000000000018,0.0,0.0,66.66666666666666,66.66666666666666
2,0.2,0.25,0.1,24,test,2,-29.172250185167314,-29.172250185167314,0.0,50.0,100.0,0.0
2,0.2,0.25,0.1,24,train,8,-5.028801029431811,-2.0000000000000018,0.0,0.0,55.55555555555556,33.33333333333333
2,0.2,0.25,0.1,72,test,2,-29.172250185167314,-29.172250185167314,0.0,50.0,100.0,0.0
2,0.2,0.25,0.1,72,train,8,-5.028801029431811,-2.0000000000000018,0.0,0.0,55.55555555555556,33.33333333333333
2,0.2,0.25,0.1,168,test,2,-29.172250185167314,-29.172250185167314,0.0,50.0,100.0,0.0
2,0.2,0.25,0.1,168,train,8,-7.021288828334384,-2.000000000000007,0.0,0.0,66.66666666666666,33.33333333333333
2,0.2,0.25,0.2,24,test,2,-35.70106015684526,-35.70106015684526,0.0,100.0,100.0,0.0
2,0.2,0.25,0.2,24,train,8,-6.223080539057524,-2.0000000000000018,0.0,12.5,55.55555555555556,44.44444444444444
2,0.2,0.25,0.2,72,test,2,-35.70106015684526,-35.70106015684526,0.0,100.0,100.0,0.0
2,0.2,0.25,0.2,72,train,8,-6.223080539057524,-2.0000000000000018,0.0,12.5,55.55555555555556,44.44444444444444
2,0.2,0.25,0.2,168,test,2,-35.70106015684526,-35.70106015684526,0.0,100.0,100.0,0.0
2,0.2,0.25,0.2,168,train,8,-10.207987279946174,-2.000000000000007,0.0,25.0,66.66666666666666,44.44444444444444
2,0.2,0.35,0.1,24,test,2,-30.783514567906938,-30.783514567906938,0.0,50.0,100.0,0.0
2,0.2,0.35,0.1,24,train,8,-5.517533740526268,-2.0000000000000018,0.0,12.5,55.55555555555556,44.44444444444444
2,0.2,0.35,0.1,72,test,2,-30.783514567906938,-30.783514567906938,0.0,50.0,100.0,0.0
2,0.2,0.35,0.1,72,train,8,-5.517533740526268,-2.0000000000000018,0.0,12.5,55.55555555555556,44.44444444444444
2,0.2,0.35,0.1,168,test,2,-30.783514567906938,-30.783514567906938,0.0,50.0,100.0,0.0
2,0.2,0.35,0.1,168,train,8,-8.870856335502443,-2.0000000000000018,0.0,25.0,66.66666666666666,44.44444444444444
2,0.2,0.35,0.2,24,test,2,-34.81697021702039,-34.81697021702039,0.0,100.0,100.0,0.0
2,0.2,0.35,0.2,24,train,8,-5.517533740526268,-2.0000000000000018,0.0,12.5,55.55555555555556,44.44444444444444
2,0.2,0.35,0.2,72,test,2,-34.81697021702039,-34.81697021702039,0.0,100.0,100.0,0.0
2,0.2,0.35,0.2,72,train,8,-5.517533740526268,-2.0000000000000018,0.0,12.5,55.55555555555556,44.44444444444444
2,0.2,0.35,0.2,168,test,2,-34.81697021702039,-34.81697021702039,0.0,100.0,100.0,0.0
2,0.2,0.35,0.2,168,train,8,-9.111940318484198,-2.0000000000000018,0.0,25.0,66.66666666666666,44.44444444444444
2,0.2,0.5,0.1,24,test,2,-16.85897817356642,-16.85897817356642,0.0,50.0,100.0,50.0
2,0.2,0.5,0.1,24,train,8,-5.3306910498543205,-1.9999999999999962,0.0,12.5,55.55555555555556,44.44444444444444
2,0.2,0.5,0.1,72,test,2,-16.85897817356642,-16.85897817356642,0.0,50.0,100.0,50.0
2,0.2,0.5,0.1,72,train,8,-6.1136840778903965,-1.9999999999999962,0.0,12.5,55.55555555555556,44.44444444444444
2,0.2,0.5,0.1,168,test,2,-16.85897817356642,-16.85897817356642,0.0,50.0,100.0,50.0
2,0.2,0.5,0.1,168,train,8,-6.1136840778903965,-1.9999999999999962,0.0,12.5,66.66666666666666,55.55555555555556
2,0.2,0.5,0.2,24,test,2,-20.947428723758275,-20.947428723758275,0.0,50.0,100.0,50.0
2,0.2,0.5,0.2,24,train,8,-5.3306910498543205,-1.9999999999999962,0.0,12.5,55.55555555555556,44.44444444444444
2,0.2,0.5,0.2,72,test,2,-20.947428723758275,-20.947428723758275,0.0,50.0,100.0,50.0
2,0.2,0.5,0.2,72,train,8,-6.728090618011687,-1.9999999999999962,0.0,12.5,55.55555555555556,44.44444444444444
2,0.2,0.5,0.2,168,test,2,-20.947428723758275,-20.947428723758275,0.0,50.0,100.0,50.0
2,0.2,0.5,0.2,168,train,8,-6.728090618011687,-1.9999999999999962,0.0,12.5,66.66666666666666,55.55555555555556
4,0.1,0.25,0.1,24,test,2,-13.6016939063886,-13.6016939063886,0.0,50.0,50.0,0.0
4,0.1,0.25,0.1,24,train,8,-6.51512468271823,-2.0000000000000018,12.5,0.0,77.77777777777779,55.55555555555556
4,0.1,0.25,0.1,72,test,2,-13.6016939063886,-13.6016939063886,0.0,50.0,50.0,0.0
4,0.1,0.25,0.1,72,train,8,-6.51512468271823,-2.0000000000000018,12.5,0.0,77.77777777777779,55.55555555555556
4,0.1,0.25,0.1,168,test,2,-13.6016939063886,-13.6016939063886,0.0,50.0,50.0,0.0
4,0.1,0.25,0.1,168,train,8,-6.51512468271823,-2.0000000000000018,12.5,0.0,77.77777777777779,55.55555555555556
4,0.1,0.25,0.2,24,test,2,-16.44057395282233,-16.44057395282233,0.0,50.0,50.0,0.0
4,0.1,0.25,0.2,24,train,8,-1.9917184242454187,-2.0000000000000018,12.5,0.0,77.77777777777779,66.66666666666666
4,0.1,0.25,0.2,72,test,2,-16.44057395282233,-16.44057395282233,0.0,50.0,50.0,0.0
4,0.1,0.25,0.2,72,train,8,-1.6724921384531453,-2.0000000000000018,12.5,0.0,77.77777777777779,77.77777777777779
4,0.1,0.25,0.2,168,test,2,-16.44057395282233,-16.44057395282233,0.0,50.0,50.0,0.0
4,0.1,0.25,0.2,168,train,8,-1.6724921384531453,-2.0000000000000018,12.5,0.0,77.77777777777779,77.77777777777779
4,0.1,0.35,0.1,24,test,2,-13.803049142966252,-13.803049142966252,0.0,50.0,50.0,0.0
4,0.1,0.35,0.1,24,train,8,-1.9951947949283233,-2.0000000000000018,0.0,0.0,77.77777777777779,66.66666666666666
4,0.1,0.35,0.1,72,test,2,-13.803049142966252,-13.803049142966252,0.0,50.0,50.0,0.0
4,0.1,0.35,0.1,72,train,8,-1.809970652451144,-1.9999999999999962,0.0,0.0,77.77777777777779,77.77777777777779
4,0.1,0.35,0.1,168,test,2,-13.803049142966252,-13.803049142966252,0.0,50.0,50.0,0.0
4,0.1,0.35,0.1,168,train,8,-1.809970652451144,-1.9999999999999962,0.0,0.0,77.77777777777779,77.77777777777779
4,0.1,0.35,0.2,24,test,2,-19.973412094035425,-19.973412094035425,0.0,50.0,50.0,0.0
4,0.1,0.35,0.2,24,train,8,-1.9951947949283233,-2.0000000000000018,0.0,0.0,77.77777777777779,66.66666666666666
4,0.1,0.35,0.2,72,test,2,-19.973412094035425,-19.973412094035425,0.0,50.0,50.0,0.0
4,0.1,0.35,0.2,72,train,8,-1.809970652451144,-1.9999999999999962,0.0,0.0,77.77777777777779,77.77777777777779
4,0.1,0.35,0.2,168,test,2,-19.973412094035425,-19.973412094035425,0.0,50.0,50.0,0.0
4,0.1,0.35,0.2,168,train,8,-1.809970652451144,-1.9999999999999962,0.0,0.0,77.77777777777779,77.77777777777779
4,0.1,0.5,0.1,24,test,2,-22.67876623596191,-22.67876623596191,0.0,50.0,50.0,0.0
4,0.1,0.5,0.1,24,train,8,-1.9971663735284988,-2.0000000000000018,0.0,0.0,77.77777777777779,66.66666666666666
4,0.1,0.5,0.1,72,test,2,-22.67876623596191,-22.67876623596191,0.0,50.0,50.0,0.0
4,0.1,0.5,0.1,72,train,8,-1.8879398107793226,-1.9999999999999962,0.0,0.0,77.77777777777779,77.77777777777779
4,0.1,0.5,0.1,168,test,2,-22.67876623596191,-22.67876623596191,0.0,50.0,50.0,0.0
4,0.1,0.5,0.1,168,train,8,-1.8879398107793226,-1.9999999999999962,0.0,0.0,77.77777777777779,77.77777777777779
4,0.1,0.5,0.2,24,test,2,-22.67876623596191,-22.67876623596191,0.0,50.0,50.0,0.0
4,0.1,0.5,0.2,24,train,8,-1.9971663735284988,-2.0000000000000018,0.0,0.0,77.77777777777779,66.66666666666666
4,0.1,0.5,0.2,72,test,2,-22.67876623596191,-22.67876623596191,0.0,50.0,50.0,0.0
4,0.1,0.5,0.2,72,train,8,-1.8879398107793226,-1.9999999999999962,0.0,0.0,77.77777777777779,77.77777777777779
4,0.1,0.5,0.2,168,test,2,-22.67876623596191,-22.67876623596191,0.0,50.0,50.0,0.0
4,0.1,0.5,0.2,168,train,8,-1.8879398107793226,-1.9999999999999962,0.0,0.0,77.77777777777779,77.77777777777779
4,0.15,0.25,0.1,24,test,2,-12.48846899846001,-12.48846899846001,0.0,0.0,50.0,0.0
4,0.15,0.25,0.1,24,train,8,-1.9539707548076102,-2.0000000000000018,0.0,0.0,55.55555555555556,55.55555555555556
4,0.15,0.25,0.1,72,test,2,-12.48846899846001,-12.48846899846001,0.0,0.0,50.0,0.0
4,0.15,0.25,0.1,72,train,8,-1.9539707548076102,-2.0000000000000018,0.0,0.0,55.55555555555556,55.55555555555556
4,0.15,0.25,0.1,168,test,2,-12.48846899846001,-12.48846899846001,0.0,0.0,50.0,0.0
4,0.15,0.25,0.1,168,train,8,-1.9539707548076102,-2.0000000000000018,0.0,0.0,55.55555555555556,55.55555555555556
4,0.15,0.25,0.2,24,test,2,-15.409652466576123,-15.409652466576123,0.0,50.0,50.0,0.0
4,0.15,0.25,0.2,24,train,8,-1.9539707548076102,-2.0000000000000018,0.0,0.0,55.55555555555556,55.55555555555556
4,0.15,0.25,0.2,72,test,2,-15.409652466576123,-15.409652466576123,0.0,50.0,50.0,0.0
4,0.15,0.25,0.2,72,train,8,-1.9539707548076102,-2.0000000000000018,0.0,0.0,55.55555555555556,55.55555555555556
4,0.15,0.25,0.2,168,test,2,-15.409652466576123,-15.409652466576123,0.0,50.0,50.0,0.0
4,0.15,0.25,0.2,168,train,8,-1.9539707548076102,-2.0000000000000018,0.0,0.0,55.55555555555556,55.55555555555556
4,0.15,0.35,0.1,24,test,2,-12.695661827564624,-12.695661827564624,0.0,0.0,50.0,0.0
4,0.15,0.35,0.1,24,train,8,-1.9777551097316923,-2.0000000000000018,0.0,0.0,55.55555555555556,55.55555555555556
4,0.15,0.35,0.1,72,test,2,-12.695661827564624,-12.695661827564624,0.0,0.0,50.0,0.0
4,0.15,0.35,0.1,72,train,8,-1.9777551097316923,-2.0000000000000018,0.0,0.0,55.55555555555556,55.55555555555556
4,0.15,0.35,0.1,168,test,2,-12.695661827564624,-12.695661827564624,0.0,0.0,50.0,0.0
4,0.15,0.35,0.1,168,train,8,-1.9777551097316923,-2.0000000000000018,0.0,0.0,55.55555555555556,55.55555555555556
4,0.15,0.35,0.2,24,test,2,-19.04491292310934,-19.04491292310934,0.0,50.0,50.0,0.0
4,0.15,0.35,0.2,24,train,8,-1.9777551097316923,-2.0000000000000018,0.0,0.0,55.55555555555556,55.55555555555556
4,0.15,0.35,0.2,72,test,2,-19.04491292310934,-19.04491292310934,0.0,50.0,50.0,0.0
4,0.15,0.35,0.2,72,train,8,-1.9777551097316923,-2.0000000000000018,0.0,0.0,55.55555555555556,55.55555555555556
4,0.15,0.35,0.2,168,test,2,-19.04491292310934,-19.04491292310934,0.0,50.0,50.0,0.0
4,0.15,0.35,0.2,168,train,8,-1.9777551097316923,-2.0000000000000018,0.0,0.0,55.55555555555556,55.55555555555556
4,0.15,0.5,0.1,24,test,2,-21.828699369008252,-21.828699369008252,0.0,50.0,50.0,0.0
4,0.15,0.5,0.1,24,train,8,-1.9880176887631829,-2.0000000000000018,0.0,0.0,55.55555555555556,55.55555555555556
4,0.15,0.5,0.1,72,test,2,-21.828699369008252,-21.828699369008252,0.0,50.0,50.0,0.0
4,0.15,0.5,0.1,72,train,8,-1.9880176887631829,-2.0000000000000018,0.0,0.0,55.55555555555556,55.55555555555556
4,0.15,0.5,0.1,168,test,2,-21.828699369008252,-21.828699369008252,0.0,50.0,50.0,0.0
4,0.15,0.5,0.1,168,train,8,-1.9880176887631829,-2.0000000000000018,0.0,0.0,55.55555555555556,55.55555555555556
4,0.15,0.5,0.2,24,test,2,-21.828699369008252,-21.828699369008252,0.0,50.0,50.0,0.0
4,0.15,0.5,0.2,24,train,8,-1.9880176887631829,-2.0000000000000018,0.0,0.0,55.55555555555556,55.55555555555556
4,0.15,0.5,0.2,72,test,2,-21.828699369008252,-21.828699369008252,0.0,50.0,50.0,0.0
4,0.15,0.5,0.2,72,train,8,-1.9880176887631829,-2.0000000000000018,0.0,0.0,55.55555555555556,55.55555555555556
4,0.15,0.5,0.2,168,test,2,-21.828699369008252,-21.828699369008252,0.0,50.0,50.0,0.0
4,0.15,0.5,0.2,168,train,8,-1.9880176887631829,-2.0000000000000018,0.0,0.0,55.55555555555556,55.55555555555556
4,0.2,0.25,0.1,24,test,2,-11.272446062695966,-11.272446062695966,0.0,0.0,50.0,0.0
4,0.2,0.25,0.1,24,train,8,-6.745630767331646,-2.0000000000000018,0.0,0.0,55.55555555555556,22.22222222222222
4,0.2,0.25,0.1,72,test,2,-11.272446062695966,-11.272446062695966,0.0,0.0,50.0,0.0
4,0.2,0.25,0.1,72,train,8,-6.745630767331646,-2.0000000000000018,0.0,0.0,55.55555555555556,22.22222222222222
4,0.2,0.25,0.1,168,test,2,-11.272446062695966,-11.272446062695966,0.0,0.0,50.0,0.0
4,0.2,0.25,0.1,168,train,8,-6.745630767331646,-2.0000000000000018,0.0,0.0,55.55555555555556,22.22222222222222
4,0.2,0.25,0.2,24,test,2,-14.283533060408686,-14.283533060408686,0.0,50.0,50.0,0.0
4,0.2,0.25,0.2,24,train,8,-6.397265352156115,-2.0000000000000018,0.0,12.5,55.55555555555556,44.44444444444444
4,0.2,0.25,0.2,72,test,2,-14.283533060408686,-14.283533060408686,0.0,50.0,50.0,0.0
4,0.2,0.25,0.2,72,train,8,-6.397265352156115,-2.0000000000000018,0.0,12.5,55.55555555555556,44.44444444444444
4,0.2,0.25,0.2,168,test,2,-14.283533060408686,-14.283533060408686,0.0,50.0,50.0,0.0
4,0.2,0.25,0.2,168,train,8,-6.397265352156115,-2.0000000000000018,0.0,12.5,55.55555555555556,44.44444444444444
4,0.2,0.35,0.1,24,test,2,-11.486015542513194,-11.486015542513194,0.0,0.0,50.0,0.0
4,0.2,0.35,0.1,24,train,8,-5.990788535852708,-2.0000000000000018,0.0,12.5,55.55555555555556,44.44444444444444
4,0.2,0.35,0.1,72,test,2,-11.486015542513194,-11.486015542513194,0.0,0.0,50.0,0.0
4,0.2,0.35,0.1,72,train,8,-5.990788535852708,-2.0000000000000018,0.0,12.5,55.55555555555556,44.44444444444444
4,0.2,0.35,0.1,168,test,2,-11.486015542513194,-11.486015542513194,0.0,0.0,50.0,0.0
4,0.2,0.35,0.1,168,train,8,-5.990788535852708,-2.0000000000000018,0.0,12.5,55.55555555555556,44.44444444444444
4,0.2,0.35,0.2,24,test,2,-18.030673770138065,-18.030673770138065,0.0,50.0,50.0,0.0
4,0.2,0.35,0.2,24,train,8,-5.990788535852708,-2.0000000000000018,0.0,12.5,55.55555555555556,44.44444444444444
4,0.2,0.35,0.2,72,test,2,-18.030673770138065,-18.030673770138065,0.0,50.0,50.0,0.0
4,0.2,0.35,0.2,72,train,8,-5.990788535852708,-2.0000000000000018,0.0,12.5,55.55555555555556,44.44444444444444
4,0.2,0.35,0.2,168,test,2,-18.030673770138065,-18.030673770138065,0.0,50.0,50.0,0.0
4,0.2,0.35,0.2,168,train,8,-5.990788535852708,-2.0000000000000018,0.0,12.5,55.55555555555556,44.44444444444444
4,0.2,0.5,0.1,24,test,2,-20.90013515903907,-20.90013515903907,0.0,50.0,50.0,0.0
4,0.2,0.5,0.1,24,train,8,-5.848750824690438,-2.0000000000000018,0.0,12.5,55.55555555555556,44.44444444444444
4,0.2,0.5,0.1,72,test,2,-20.90013515903907,-20.90013515903907,0.0,50.0,50.0,0.0
4,0.2,0.5,0.1,72,train,8,-5.848750824690438,-2.0000000000000018,0.0,12.5,55.55555555555556,44.44444444444444
4,0.2,0.5,0.1,168,test,2,-20.90013515903907,-20.90013515903907,0.0,50.0,50.0,0.0
4,0.2,0.5,0.1,168,train,8,-5.848750824690438,-2.0000000000000018,0.0,12.5,55.55555555555556,44.44444444444444
4,0.2,0.5,0.2,24,test,2,-20.90013515903907,-20.90013515903907,0.0,50.0,50.0,0.0
4,0.2,0.5,0.2,24,train,8,-6.577189524339179,-2.0000000000000018,0.0,12.5,55.55555555555556,44.44444444444444
4,0.2,0.5,0.2,72,test,2,-20.90013515903907,-20.90013515903907,0.0,50.0,50.0,0.0
4,0.2,0.5,0.2,72,train,8,-6.577189524339179,-2.0000000000000018,0.0,12.5,55.55555555555556,44.44444444444444
4,0.2,0.5,0.2,168,test,2,-20.90013515903907,-20.90013515903907,0.0,50.0,50.0,0.0
4,0.2,0.5,0.2,168,train,8,-6.577189524339179,-2.0000000000000018,0.0,12.5,55.55555555555556,44.44444444444444
