observe_hours,width_pct,downside_stop_pct,runner,split,pools,mean_return_pct,median_return_pct,positive_pct,loss_gt_50_pct,p90_return_pct,p10_return_pct,winner_rate_pct,mean_actions
4,60.0,15.0,True,test,2,-2.841474906676222,-2.841474906676222,50.0,0.0,8.933138225599233,-14.616088038951675,20.0,0.8
4,40.0,15.0,True,test,2,-4.941846103010999,-4.941846103010999,50.0,0.0,6.334028601994983,-16.217720808016978,20.0,0.8
2,60.0,15.0,True,test,2,-6.923823503711867,-6.923823503711867,50.0,0.0,17.616678752317576,-31.464325759741307,20.0,1.2
2,40.0,15.0,True,test,2,-7.084978524001295,-7.084978524001295,50.0,0.0,13.91267674505751,-28.082633793060097,20.0,1.2
4,25.0,15.0,True,test,2,-8.20797977989381,-8.20797977989381,50.0,0.0,2.2642548857107987,-18.680214445498418,20.0,0.8
2,25.0,15.0,True,test,2,-8.329548472493382,-8.329548472493382,50.0,0.0,7.138591596771754,-23.797688541758518,20.0,1.2
4,25.0,15.0,False,test,2,-8.82062491091496,-8.82062491091496,50.0,0.0,1.1614936498727286,-18.802743471702648,20.0,0.4
4,60.0,25.0,True,test,2,-8.837672385339928,-8.837672385339928,50.0,0.0,7.733898729866492,-25.409243500546346,20.0,0.8
4,60.0,35.0,True,test,2,-8.837672385339928,-8.837672385339928,50.0,0.0,7.733898729866492,-25.409243500546346,20.0,0.8
4,40.0,15.0,False,test,2,-9.435054117492042,-9.435054117492042,50.0,0.0,-1.753745824070894,-17.11636241091319,20.0,0.4
4,60.0,15.0,False,test,2,-11.250381414609773,-11.250381414609773,0.0,0.0,-6.202893488681159,-16.297869340538384,20.0,0.4
4,40.0,25.0,True,test,2,-11.486077668973222,-11.486077668973222,50.0,0.0,5.025182288802539,-27.99733762674898,20.0,0.8
4,40.0,35.0,True,test,2,-11.486077668973222,-11.486077668973222,50.0,0.0,5.025182288802539,-27.99733762674898,20.0,0.8
2,60.0,25.0,True,test,2,-12.044708650979603,-12.044708650979603,50.0,0.0,16.59250172286403,-40.68191902482323,20.0,1.2
2,40.0,25.0,True,test,2,-12.550543405904397,-12.550543405904397,50.0,0.0,12.81956376867689,-37.920650580485685,20.0,1.2
2,60.0,35.0,True,test,2,-13.809695135501544,-13.809695135501544,50.0,50.0,16.239504425959638,-43.85889469696272,20.0,1.2
2,25.0,25.0,True,test,2,-14.252865158832691,-14.252865158832691,50.0,0.0,5.9539282595038925,-34.45965857716927,20.0,1.2
2,40.0,35.0,True,test,2,-14.434328702667743,-14.434328702667743,50.0,0.0,12.44280670932422,-41.31146411465971,20.0,1.2
4,25.0,25.0,True,test,2,-14.64958123899662,-14.64958123899662,50.0,0.0,0.9759345938902366,-30.275097071883472,20.0,0.8
4,25.0,35.0,True,test,2,-14.64958123899662,-14.64958123899662,50.0,0.0,0.9759345938902366,-30.275097071883472,20.0,0.8
4,25.0,25.0,False,test,2,-15.26222637001777,-15.26222637001777,50.0,0.0,-0.12682664194783344,-30.397626098087702,20.0,0.4
4,25.0,35.0,False,test,2,-15.26222637001777,-15.26222637001777,50.0,0.0,-0.12682664194783344,-30.397626098087702,20.0,0.4
4,40.0,25.0,False,test,2,-15.979285683454265,-15.979285683454265,50.0,0.0,-3.0625921372633385,-28.89597922964519,20.0,0.4
4,40.0,35.0,False,test,2,-15.979285683454265,-15.979285683454265,50.0,0.0,-3.0625921372633385,-28.89597922964519,20.0,0.4
2,25.0,35.0,True,test,2,-16.294421177817075,-16.294421177817075,50.0,0.0,5.545617055707016,-38.13445941134116,20.0,1.2
4,60.0,25.0,False,test,2,-17.24657889327348,-17.24657889327348,0.0,0.0,-7.4021329844139,-27.091024802133056,20.0,0.4
4,60.0,35.0,False,test,2,-17.24657889327348,-17.24657889327348,0.0,0.0,-7.4021329844139,-27.091024802133056,20.0,0.4
2,25.0,15.0,False,test,2,-53.224032886394134,-53.224032886394134,0.0,50.0,-32.776585424538666,-73.6714803482496,20.0,1.0
6,60.0,15.0,False,test,2,-56.01197466238483,-56.01197466238483,0.0,50.0,-20.82155439229269,-91.20239493247696,0.0,0.2
6,60.0,15.0,True,test,2,-56.01197466238483,-56.01197466238483,0.0,50.0,-20.82155439229269,-91.20239493247696,0.0,0.2
2,40.0,15.0,False,test,2,-56.31312073005245,-56.31312073005245,0.0,50.0,-37.92826223427033,-74.69797922583457,20.0,1.0
6,40.0,15.0,False,test,2,-56.381237807393305,-56.381237807393305,0.0,50.0,-21.486228053307943,-91.27624756147866,0.0,0.2
6,40.0,15.0,True,test,2,-56.381237807393305,-56.381237807393305,0.0,50.0,-21.486228053307943,-91.27624756147866,0.0,0.2
12,60.0,15.0,False,test,2,-56.74242819375136,-56.74242819375136,0.0,50.0,-22.136370748752448,-91.34848563875028,0.0,0.2
12,60.0,15.0,True,test,2,-56.74242819375136,-56.74242819375136,0.0,50.0,-22.136370748752448,-91.34848563875028,0.0,0.2
12,40.0,15.0,False,test,2,-57.20029398297113,-57.20029398297113,0.0,50.0,-22.96052916934803,-91.44005879659423,0.0,0.2
12,40.0,15.0,True,test,2,-57.20029398297113,-57.20029398297113,0.0,50.0,-22.96052916934803,-91.44005879659423,0.0,0.2
2,60.0,15.0,False,test,2,-57.52519665846398,-57.52519665846398,0.0,50.0,-41.58460039069173,-73.46579292623623,20.0,1.0
12,25.0,15.0,False,test,2,-58.02019727127973,-58.02019727127973,0.0,50.0,-24.436355088303507,-91.60403945425594,0.0,0.2
12,25.0,15.0,True,test,2,-58.02019727127973,-58.02019727127973,0.0,50.0,-24.436355088303507,-91.60403945425594,0.0,0.2
2,25.0,25.0,False,test,2,-59.14734957273345,-59.14734957273345,0.0,50.0,-43.43855545994942,-74.85614368551747,20.0,1.0
6,60.0,25.0,False,test,2,-59.18034545011809,-59.18034545011809,0.0,50.0,-26.524621810212558,-91.83606909002361,0.0,0.2
6,60.0,25.0,True,test,2,-59.18034545011809,-59.18034545011809,0.0,50.0,-26.524621810212558,-91.83606909002361,0.0,0.2
6,40.0,25.0,False,test,2,-59.979137549057995,-59.979137549057995,0.0,50.0,-27.962447588304382,-91.9958275098116,0.0,0.2
6,40.0,25.0,True,test,2,-59.979137549057995,-59.979137549057995,0.0,50.0,-27.962447588304382,-91.9958275098116,0.0,0.2
2,25.0,35.0,False,test,2,-61.18890559171783,-61.18890559171783,0.0,50.0,-47.11335629412132,-75.26445488931434,20.0,1.0
12,60.0,25.0,False,test,2,-61.21001920585092,-61.21001920585092,0.0,50.0,-30.178034570531654,-92.24200384117019,0.0,0.2
12,60.0,25.0,True,test,2,-61.21001920585092,-61.21001920585092,0.0,50.0,-30.178034570531654,-92.24200384117019,0.0,0.2
2,40.0,25.0,False,test,2,-61.77868561195555,-61.77868561195555,0.0,50.0,-47.766279021695915,-75.7910922022152,20.0,1.0
12,40.0,25.0,False,test,2,-62.32217839629911,-62.32217839629911,0.0,50.0,-32.17992111333839,-92.46443567925982,0.0,0.2
12,40.0,25.0,True,test,2,-62.32217839629911,-62.32217839629911,0.0,50.0,-32.17992111333839,-92.46443567925982,0.0,0.2
2,60.0,25.0,False,test,2,-62.64608180573172,-62.64608180573172,0.0,50.0,-50.80219365577365,-74.48996995568979,20.0,1.0
12,25.0,25.0,False,test,2,-63.46201320447484,-63.46201320447484,0.0,50.0,-34.23162376805472,-92.69240264089497,0.0,0.2
12,25.0,25.0,True,test,2,-63.46201320447484,-63.46201320447484,0.0,50.0,-34.23162376805472,-92.69240264089497,0.0,0.2
2,40.0,35.0,False,test,2,-63.6624709087189,-63.6624709087189,0.0,50.0,-51.15709255586994,-76.16784926156787,20.0,1.0
12,60.0,35.0,False,test,2,-63.95836501085543,-63.95836501085543,0.0,50.0,-35.12505701953978,-92.79167300217108,0.0,0.2
12,60.0,35.0,True,test,2,-63.95836501085543,-63.95836501085543,0.0,50.0,-35.12505701953978,-92.79167300217108,0.0,0.2
6,25.0,15.0,False,test,2,-64.19874162613299,-64.19874162613299,0.0,50.0,-35.55773492703936,-92.8397483252266,0.0,0.4
6,25.0,15.0,True,test,2,-64.19874162613299,-64.19874162613299,0.0,50.0,-35.55773492703936,-92.8397483252266,0.0,0.4
2,60.0,35.0,False,test,2,-64.41106829025367,-64.41106829025367,0.0,100.0,-53.97916932791315,-74.84296725259418,20.0,1.0
6,60.0,35.0,False,test,2,-64.88781063609599,-64.88781063609599,0.0,50.0,-36.798059144972775,-92.9775621272192,0.0,0.2
6,60.0,35.0,True,test,2,-64.88781063609599,-64.88781063609599,0.0,50.0,-36.798059144972775,-92.9775621272192,0.0,0.2
12,40.0,35.0,False,test,2,-65.25162541424031,-65.25162541424031,0.0,50.0,-37.45292574563255,-93.05032508284806,0.0,0.2
12,40.0,35.0,True,test,2,-65.25162541424031,-65.25162541424031,0.0,50.0,-37.45292574563255,-93.05032508284806,0.0,0.2
6,40.0,35.0,False,test,2,-66.17143120902759,-66.17143120902759,0.0,50.0,-39.108576176249656,-93.23428624180552,0.0,0.2
6,40.0,35.0,True,test,2,-66.17143120902759,-66.17143120902759,0.0,50.0,-39.108576176249656,-93.23428624180552,0.0,0.2
12,25.0,35.0,False,test,2,-66.30399882363807,-66.30399882363807,0.0,50.0,-39.34719788254851,-93.26079976472761,0.0,0.2
12,25.0,35.0,True,test,2,-66.30399882363807,-66.30399882363807,0.0,50.0,-39.34719788254851,-93.26079976472761,0.0,0.2
6,25.0,25.0,False,test,2,-67.64561147001648,-67.64561147001648,0.0,50.0,-41.762100646029666,-93.5291222940033,0.0,0.4
6,25.0,25.0,True,test,2,-67.64561147001648,-67.64561147001648,0.0,50.0,-41.762100646029666,-93.5291222940033,0.0,0.4
6,25.0,35.0,False,test,2,-72.7045061018458,-72.7045061018458,0.0,50.0,-50.868110983322424,-94.54090122036916,0.0,0.4
6,25.0,35.0,True,test,2,-72.7045061018458,-72.7045061018458,0.0,50.0,-50.868110983322424,-94.54090122036916,0.0,0.4
2,40.0,25.0,True,train,9,-10.17647404586976,8.415115514646487,55.55555555555556,11.11111111111111,16.57581176245091,-38.767506200791026,23.076923076923077,1.3846153846153846
2,40.0,35.0,True,train,9,-15.280943214737984,8.415115514646487,55.55555555555556,11.11111111111111,16.57581176245091,-52.124744214634816,23.076923076923077,1.5384615384615385
2,60.0,25.0,True,train,9,-8.223392686874353,4.596052573881204,55.55555555555556,11.11111111111111,21.363242030855965,-37.10567170136427,23.076923076923077,1.3076923076923077
2,60.0,35.0,True,train,9,-13.091937919039665,4.596052573881204,55.55555555555556,11.11111111111111,21.363242030855965,-51.67443766167371,23.076923076923077,1.4615384615384615
2,25.0,25.0,True,train,9,-12.822403936362099,3.62485833714834,55.55555555555556,11.11111111111111,11.312673633626673,-40.61954470639897,23.076923076923077,1.6153846153846154
2,25.0,35.0,True,train,9,-17.818973042987924,3.62485833714834,55.55555555555556,11.11111111111111,11.312673633626673,-51.57236193652016,23.076923076923077,1.7692307692307692
12,60.0,35.0,True,train,9,-11.159798420176367,0.10869235347397144,55.55555555555556,22.22222222222222,28.046524789506016,-60.48029376104637,15.384615384615385,1.2307692307692308
12,40.0,35.0,True,train,9,-11.763007335784952,0.10869189546482971,55.55555555555556,11.11111111111111,25.091038181628335,-58.192676590633724,15.384615384615385,1.2307692307692308
12,25.0,35.0,True,train,9,-16.415985461112356,0.10869107530497857,55.55555555555556,11.11111111111111,15.036182085294344,-55.05685962016839,15.384615384615385,1.3076923076923077
12,60.0,15.0,True,train,9,-7.811854161836059,-9.21253834038076,44.44444444444444,11.11111111111111,20.890545949949797,-48.47750150217212,7.6923076923076925,0.8461538461538461
4,60.0,15.0,True,train,9,-13.717554270951371,-9.354876725647598,44.44444444444444,11.11111111111111,14.651734401849259,-42.08377998572218,15.384615384615385,1.0
12,40.0,15.0,True,train,9,-7.7006605467934675,-9.45762646343411,44.44444444444444,11.11111111111111,23.321096258288247,-45.50888250348302,7.6923076923076925,0.8461538461538461
2,60.0,15.0,True,train,9,-9.69761164348094,-9.555859608654949,44.44444444444444,11.11111111111111,18.572862092700166,-30.664521409709636,15.384615384615385,1.0
4,40.0,15.0,True,train,9,-13.72894246081981,-9.652673621210129,44.44444444444444,11.11111111111111,10.797924590173539,-39.77037735805486,15.384615384615385,1.0
2,40.0,15.0,True,train,9,-11.058892732012875,-9.854430022950078,44.44444444444444,11.11111111111111,14.067875641848897,-31.381625499407555,15.384615384615385,1.0769230769230769
12,25.0,15.0,True,train,9,-11.584212031643387,-9.896507381703302,44.44444444444444,11.11111111111111,12.974109987920365,-41.4395627084861,7.6923076923076925,0.9230769230769231
12,60.0,15.0,False,train,9,-22.51640684633121,-10.028178720783886,33.33333333333333,11.11111111111111,3.502576978858918,-54.90303096979473,7.6923076923076925,0.6923076923076923
6,60.0,15.0,True,train,9,-14.717463521147184,-10.041322019901832,33.33333333333333,11.11111111111111,6.358899089285874,-31.399887267876025,7.6923076923076925,0.7692307692307693
6,60.0,15.0,False,train,9,-20.38650692226883,-10.045843719544688,22.22222222222222,11.11111111111111,2.859511227551668,-48.82539079403347,7.6923076923076925,0.6153846153846154
4,25.0,15.0,True,train,9,-15.110030705890527,-10.185940486017564,44.44444444444444,11.11111111111111,7.727203950520472,-37.0366490559262,15.384615384615385,1.1538461538461537
2,25.0,15.0,True,train,9,-13.526003911572172,-10.389082032853224,44.44444444444444,11.11111111111111,9.992769123446683,-32.665748522018106,15.384615384615385,1.1538461538461537
12,40.0,15.0,False,train,9,-21.55247641110876,-10.548329963917658,33.33333333333333,11.11111111111111,4.320204367220809,-53.24675980824698,7.6923076923076925,0.6923076923076923
6,40.0,15.0,True,train,9,-14.976510181967743,-10.562815115791613,33.33333333333333,11.11111111111111,8.156523240022722,-32.21100227995061,7.6923076923076925,0.7692307692307693
6,40.0,15.0,False,train,9,-22.02647192145039,-10.567798762163383,22.22222222222222,22.22222222222222,4.777532404857095,-62.61185957825558,7.6923076923076925,0.6923076923076923
4,60.0,15.0,False,train,9,-25.5038180800385,-10.870221128192426,22.22222222222222,11.11111111111111,1.3715252261782809,-50.93339140072685,15.384615384615385,0.6923076923076923
4,40.0,15.0,False,train,9,-28.03358296161524,-11.478983106649043,22.22222222222222,33.33333333333333,2.5617173105798736,-62.362117891847326,15.384615384615385,0.8461538461538461
12,25.0,15.0,False,train,9,-22.760406809607716,-11.479768225312803,33.33333333333333,11.11111111111111,2.1799995843043485,-58.6504541409259,7.6923076923076925,0.7692307692307693
6,25.0,15.0,True,train,9,-17.955132530930896,-11.496656241766301,33.33333333333333,11.11111111111111,4.88218331466928,-42.65489861967825,7.6923076923076925,1.0
6,25.0,15.0,False,train,9,-25.117631863871278,-11.502467099191971,22.22222222222222,22.22222222222222,2.3251065248004603,-64.22010358904456,7.6923076923076925,0.9230769230769231
2,60.0,15.0,False,train,9,-22.206537369060037,-12.495462105766642,22.22222222222222,11.11111111111111,6.208957313207272,-48.504970209617014,15.384615384615385,0.6923076923076923
4,25.0,15.0,False,train,9,-28.198425273542565,-12.569097196160705,22.22222222222222,22.22222222222222,1.3076055712216441,-65.93521249030316,15.384615384615385,0.9230769230769231
2,40.0,15.0,False,train,9,-23.841997113842087,-13.289659587450252,22.22222222222222,22.22222222222222,8.72124047425777,-61.88319019124401,15.384615384615385,0.8461538461538461
2,25.0,15.0,False,train,9,-24.824815997999714,-14.711834255508405,22.22222222222222,22.22222222222222,4.995280400103815,-65.93521249030316,15.384615384615385,0.9230769230769231
4,60.0,25.0,True,train,9,-16.406422783918753,-15.942536013577769,44.44444444444444,11.11111111111111,14.651734401849259,-42.08377998572218,15.384615384615385,1.0
4,40.0,25.0,True,train,9,-16.723268757592002,-16.634838000208617,44.44444444444444,11.11111111111111,10.797924590173539,-39.77037735805486,15.384615384615385,1.0
6,60.0,35.0,True,train,9,-19.503794677486358,-16.650398935694767,44.44444444444444,11.11111111111111,13.302018123374006,-49.49771448065982,15.384615384615385,1.0769230769230769
6,60.0,25.0,True,train,9,-18.49609167648719,-17.761905421489477,33.33333333333333,11.11111111111111,6.358899089285874,-34.89509878487797,7.6923076923076925,0.7692307692307693
6,60.0,25.0,False,train,9,-25.363741989265215,-18.02220359266076,22.22222222222222,11.11111111111111,2.859511227551668,-57.45536055795937,7.6923076923076925,0.6153846153846154
6,40.0,35.0,True,train,9,-20.6199602011724,-18.174945223905315,44.44444444444444,11.11111111111111,10.265229840500103,-50.48442702417947,15.384615384615385,1.0769230769230769
4,25.0,25.0,True,train,9,-18.50659745273267,-18.188468570417328,44.44444444444444,11.11111111111111,7.727203950520472,-39.846332643655465,15.384615384615385,1.1538461538461537
12,60.0,25.0,True,train,9,-13.114018486459395,-18.592476224742793,44.44444444444444,11.11111111111111,20.890545949949797,-56.37286139245393,7.6923076923076925,0.8461538461538461
12,60.0,25.0,False,train,9,-27.81857117095455,-18.952882259039384,33.33333333333333,11.11111111111111,3.502576978858918,-56.37286139245393,7.6923076923076925,0.6923076923076923
6,40.0,25.0,True,train,9,-19.2457593646324,-19.28774924437464,33.33333333333333,11.11111111111111,8.156523240022722,-36.20480423245,7.6923076923076925,0.7692307692307693
6,40.0,25.0,False,train,9,-27.176392835025386,-19.56842391380651,22.22222222222222,22.22222222222222,4.777532404857095,-68.95269604081005,7.6923076923076925,0.6923076923076923
12,40.0,25.0,True,train,9,-13.511982133993952,-20.225550040231667,44.44444444444444,11.11111111111111,23.321096258288247,-53.852201035738936,7.6923076923076925,0.8461538461538461
4,60.0,25.0,False,train,9,-29.57464563097757,-20.527645085107473,22.22222222222222,11.11111111111111,1.3715252261782809,-56.20209139277682,15.384615384615385,0.6923076923076923
12,40.0,25.0,False,train,9,-27.36379799830924,-20.64164393650305,33.33333333333333,11.11111111111111,4.320204367220809,-53.852201035738936,7.6923076923076925,0.6923076923076923
4,25.0,35.0,True,train,9,-21.5897826092345,-21.295811319907752,44.44444444444444,11.11111111111111,7.727203950520472,-45.85143706543663,15.384615384615385,1.1538461538461537
2,60.0,25.0,False,train,9,-32.04426126878118,-21.382089626705348,22.22222222222222,22.22222222222222,6.208957313207272,-73.51183606399809,23.076923076923077,0.8461538461538461
6,25.0,25.0,True,train,9,-24.36117616684997,-21.861567810113456,33.33333333333333,11.11111111111111,4.88218331466928,-49.88671165866408,7.6923076923076925,1.0769230769230769
4,25.0,25.0,False,train,9,-32.70571447506267,-21.91838627133422,22.22222222222222,22.22222222222222,1.3076055712216441,-69.09988425585225,15.384615384615385,0.9230769230769231
4,40.0,25.0,False,train,9,-32.08258442269409,-22.466691290270823,22.22222222222222,33.33333333333333,2.5617173105798736,-66.42330582594305,15.384615384615385,0.8461538461538461
12,25.0,25.0,True,train,9,-17.86345381716102,-22.547572499984636,44.44444444444444,11.11111111111111,12.974109987920365,-50.39693342121046,7.6923076923076925,0.9230769230769231
6,25.0,25.0,False,train,9,-32.36725888282447,-22.57076405762335,22.22222222222222,22.22222222222222,2.3251065248004603,-70.2939039468902,7.6923076923076925,1.0
12,25.0,25.0,False,train,9,-29.039648595125342,-22.97632875953759,33.33333333333333,11.11111111111111,2.1799995843043485,-58.6504541409259,7.6923076923076925,0.7692307692307693
2,40.0,25.0,False,train,9,-33.79509706772686,-23.459382750988787,22.22222222222222,33.33333333333333,8.72124047425777,-74.35416952223568,23.076923076923077,1.0769230769230769
4,40.0,35.0,True,train,9,-19.87566048554099,-24.712971697568577,44.44444444444444,11.11111111111111,10.797924590173539,-44.160408742600836,15.384615384615385,1.0
4,60.0,35.0,True,train,9,-19.22502561628618,-24.782393143799975,44.44444444444444,11.11111111111111,14.651734401849259,-42.09371701911735,15.384615384615385,1.0
2,25.0,25.0,False,train,9,-35.651964229020344,-25.77443088299871,22.22222222222222,33.33333333333333,4.995280400103815,-80.5948252237412,23.076923076923077,1.3076923076923077
4,60.0,35.0,False,train,9,-34.16647024552817,-27.604724982152728,22.22222222222222,33.33333333333333,1.3715252261782809,-62.49562827823698,15.384615384615385,0.6923076923076923
6,60.0,35.0,False,train,9,-37.71108138664462,-28.68300632946702,22.22222222222222,33.33333333333333,2.859511227551668,-85.92617375585762,15.384615384615385,0.7692307692307693
4,40.0,35.0,False,train,9,-36.58719994713343,-30.088965817291168,22.22222222222222,33.33333333333333,2.5617173105798736,-71.27445242768235,15.384615384615385,0.8461538461538461
12,60.0,35.0,False,train,9,-36.451887417966105,-31.165182235583533,33.33333333333333,33.33333333333333,3.502576978858918,-85.92617375585762,15.384615384615385,0.9230769230769231
6,40.0,35.0,False,train,9,-39.90387871353361,-31.269583237478372,22.22222222222222,33.33333333333333,4.777532404857095,-89.29545408696728,15.384615384615385,0.8461538461538461
4,25.0,35.0,False,train,9,-37.19845208150953,-32.20608150514268,22.22222222222222,33.33333333333333,1.3076055712216441,-73.47613636300797,15.384615384615385,0.9230769230769231
6,25.0,35.0,True,train,9,-25.717478952549833,-32.614773707958136,44.44444444444444,11.11111111111111,6.419117922221581,-56.880456401688406,15.384615384615385,1.3846153846153846
12,40.0,35.0,False,train,9,-36.41550565355716,-33.32303210872798,33.33333333333333,22.22222222222222,4.320204367220809,-89.29545408696728,15.384615384615385,0.9230769230769231
12,25.0,35.0,False,train,9,-37.887108537503565,-34.719491814760886,33.33333333333333,22.22222222222222,2.1799995843043485,-89.54183872848353,15.384615384615385,1.0
6,25.0,35.0,False,train,9,-44.54782041407241,-38.8224289021388,22.22222222222222,33.33333333333333,2.3251065248004603,-89.54183872848353,15.384615384615385,1.1538461538461537
2,25.0,35.0,False,train,9,-47.3578406563108,-39.4654524206502,22.22222222222222,44.44444444444444,4.995280400103815,-89.97004830293953,23.076923076923077,1.5384615384615385
2,60.0,35.0,False,train,9,-42.68936698176229,-39.59304707709214,22.22222222222222,33.33333333333333,6.208957313207272,-85.9261737558576,23.076923076923077,1.0
2,40.0,35.0,False,train,9,-44.956245963694585,-40.155930268293524,22.22222222222222,44.44444444444444,8.72124047425777,-87.33526282012345,23.076923076923077,1.3076923076923077
