name,half_width_bps,dwell_hours,cooldown_hours,observed_volume_multiple,excess_apy_pct,time_in_range_pct,rebalances,compounds
tight,25,12,168,0.5,-3.0450768855303845,91.75257731958763,1,0
tight,25,12,168,1.0,-1.9166299843827672,91.75257731958763,1,0
tight,25,12,168,2.0,0.37761221069214645,91.75257731958763,1,0
tight,25,12,168,3.0,2.722514671210252,91.75257731958763,1,0
tight,25,12,168,4.0,5.11912993472543,91.75257731958763,1,0
tight,25,12,168,5.0,7.5685310375902315,91.75257731958763,1,0
tight,25,12,168,6.0,10.071811887613036,91.75257731958763,1,0
tight,25,12,168,8.0,15.244495097714616,91.75257731958763,1,0
tight,25,12,168,10.0,20.64636281715453,91.75257731958763,1,0
high_uptime,50,12,168,0.5,-1.6645822664525634,96.90721649484536,0,0
high_uptime,50,12,168,1.0,-1.060160834558288,96.90721649484536,0,0
high_uptime,50,12,168,2.0,0.15922583078462615,96.90721649484536,0,0
high_uptime,50,12,168,3.0,1.3927991397683748,96.90721649484536,0,0
high_uptime,50,12,168,4.0,2.640714363845653,96.90721649484536,0,0
high_uptime,50,12,168,5.0,3.903128367009545,96.90721649484536,0,0
high_uptime,50,12,168,6.0,5.18019962103522,96.90721649484536,0,0
high_uptime,50,12,168,8.0,7.778955900058304,96.90721649484536,0,0
high_uptime,50,12,168,10.0,10.438283718377473,96.90721649484536,0,0
