half_width_bps,dwell_hours,cooldown_hours,fee_capture_pct,excess_apy_pct,pool,address,hours,half_width_pct,compound_hours,fee_haircut_pct,start_price,end_price,volume_usd,fees_to_position_usd,costs_usd,net_return_pct,hodl_return_pct,excess_vs_hodl_pct,max_drawdown_pct,annualized_vol_pct,time_in_range_pct,rebalances,compounds,initial_liquidity_share_pct
5,3,24,100.0,-44.528359343745606,U/USDG Pancake v3 1bp,0x090f2f033c16fe92e28f0204435590548aedc3f0,485,0.05,720,0.0,1.00217308377504,0.997148319846407,35513889.81770265,17.96370370689207,211.61017108956946,-3.452662676631413,-0.2506934186312759,-3.2100165582486406,-3.503837886844019,3.491007321924918,33.81443298969072,20,0,1.938407338574353
5,3,24,25.0,-45.8868439853247,U/USDG Pancake v3 1bp,0x090f2f033c16fe92e28f0204435590548aedc3f0,485,0.05,720,75.0,1.00217308377504,0.997148319846407,35513889.81770265,4.488161686434096,211.47688143305157,-3.58510797542978,-0.2506934186312759,-3.342794723167841,-3.6362183493573674,3.4953034495730644,33.81443298969072,20,0,1.938407338574353
5,3,72,100.0,-18.411731967729605,U/USDG Pancake v3 1bp,0x090f2f033c16fe92e28f0204435590548aedc3f0,485,0.05,720,0.0,1.00217308377504,0.997148319846407,35513889.81770265,20.67455268016897,74.81293205281702,-1.3681617233105903,-0.2506934186312759,-1.1202767647991219,-1.5143634561845865,3.8905069235380703,32.16494845360825,7,0,1.938407338574353
5,3,72,25.0,-20.683212020122042,U/USDG Pancake v3 1bp,0x090f2f033c16fe92e28f0204435590548aedc3f0,485,0.05,720,75.0,1.00217308377504,0.997148319846407,35513889.81770265,5.165402416472109,74.76423940410702,-1.522230071828945,-0.2506934186312759,-1.2747323232371932,-1.6682147999955488,3.898006292362219,32.16494845360825,7,0,1.938407338574353
5,3,168,100.0,-6.516919896214468,U/USDG Pancake v3 1bp,0x090f2f033c16fe92e28f0204435590548aedc3f0,485,0.05,720,0.0,1.00217308377504,0.997148319846407,35513889.81770265,15.06130093401565,32.172168637723914,-0.622169865027522,-0.2506934186312759,-0.3724100538916697,-1.3081323104951803,3.5346704078255535,30.515463917525775,3,0,1.938407338574353
5,3,168,25.0,-8.413107765070826,U/USDG Pancake v3 1bp,0x090f2f033c16fe92e28f0204435590548aedc3f0,485,0.05,720,75.0,1.00217308377504,0.997148319846407,35513889.81770265,3.7640941135372232,32.161275930227156,-0.7348562367206601,-0.2506934186312759,-0.48537963288440844,-1.3311334628301474,3.529237243123388,30.515463917525775,3,0,1.938407338574353
5,6,24,100.0,-34.00115245799265,U/USDG Pancake v3 1bp,0x090f2f033c16fe92e28f0204435590548aedc3f0,485,0.05,720,0.0,1.00217308377504,0.997148319846407,35513889.81770265,15.357683816797108,159.44828900026343,-2.519339787811836,-0.2506934186312759,-2.2743480099583047,-2.670733694697791,3.7844094328813402,33.4020618556701,15,0,1.938407338574353
5,6,24,25.0,-35.377205229507226,U/USDG Pancake v3 1bp,0x090f2f033c16fe92e28f0204435590548aedc3f0,485,0.05,720,75.0,1.00217308377504,0.997148319846407,35513889.81770265,3.83744187457414,159.35544491118492,-2.632989624879134,-0.2506934186312759,-2.3882834757398053,-2.783549857532186,3.7651154980563604,33.4020618556701,15,0,1.938407338574353
5,6,72,100.0,-14.033813518353288,U/USDG Pancake v3 1bp,0x090f2f033c16fe92e28f0204435590548aedc3f0,485,0.05,720,0.0,1.00217308377504,0.997148319846407,35513889.81770265,16.81696636618303,64.19886289653022,-1.082321166203859,-0.2506934186312759,-0.833717823285518,-1.2925120264035583,3.4580506103558744,36.28865979381443,6,0,1.938407338574353
5,6,72,25.0,-15.982763807343536,U/USDG Pancake v3 1bp,0x090f2f033c16fe92e28f0204435590548aedc3f0,485,0.05,720,75.0,1.00217308377504,0.997148319846407,35513889.81770265,4.20219149288517,64.16619468777759,-1.2078313885587555,-0.2506934186312759,-0.9595434822864735,-1.3603725096763108,3.4876074667086367,36.28865979381443,6,0,1.938407338574353
5,6,168,100.0,-9.339043450155415,U/USDG Pancake v3 1bp,0x090f2f033c16fe92e28f0204435590548aedc3f0,485,0.05,720,0.0,1.00217308377504,0.997148319846407,35513889.81770265,14.754104540016927,32.14884252593693,-0.7906858209401957,-0.2506934186312759,-0.5413495299523063,-1.2057832976559602,4.2140504715717375,21.855670103092784,3,0,1.938407338574353
5,6,168,25.0,-11.143010356467142,U/USDG Pancake v3 1bp,0x090f2f033c16fe92e28f0204435590548aedc3f0,485,0.05,720,75.0,1.00217308377504,0.997148319846407,35513889.81770265,3.687190058574519,32.13769948136806,-0.9010209427341986,-0.2506934186312759,-0.6519619498030593,-1.2397282183849834,4.189183967121585,21.855670103092784,3,0,1.938407338574353
5,12,24,100.0,-20.485323981414606,U/USDG Pancake v3 1bp,0x090f2f033c16fe92e28f0204435590548aedc3f0,485,0.05,720,0.0,1.00217308377504,0.997148319846407,35513889.81770265,17.358164286259544,96.11525717184142,-1.5086432143101791,-0.2506934186312759,-1.261111318756647,-1.662701743144146,3.529564739479397,32.78350515463917,9,0,1.938407338574353
5,12,24,25.0,-22.347981968806664,U/USDG Pancake v3 1bp,0x090f2f033c16fe92e28f0204435590548aedc3f0,485,0.05,720,75.0,1.00217308377504,0.997148319846407,35513889.81770265,4.337443741289144,96.0565804488967,-1.6378168058167053,-0.2506934186312759,-1.3906095538157137,-1.7901892963343657,3.512338026767841,32.78350515463917,9,0,1.938407338574353
5,12,72,100.0,-12.47176157458031,U/USDG Pancake v3 1bp,0x090f2f033c16fe92e28f0204435590548aedc3f0,485,0.05,720,0.0,1.00217308377504,0.997148319846407,35513889.81770265,21.102628873288168,53.534464970885224,-0.9836523905720762,-0.2506934186312759,-0.7348010698629892,-1.2665569908713148,3.4167067029870566,35.051546391752574,5,0,1.938407338574353
5,12,72,25.0,-14.951632865361598,U/USDG Pancake v3 1bp,0x090f2f033c16fe92e28f0204435590548aedc3f0,485,0.05,720,75.0,1.00217308377504,0.997148319846407,35513889.81770265,5.272807468219788,53.49777947384095,-1.1410891525878264,-0.2506934186312759,-0.8926335074121328,-1.3253146798555604,3.4231996764737707,35.051546391752574,5,0,1.938407338574353
5,12,168,100.0,-5.8872750230123945,U/USDG Pancake v3 1bp,0x090f2f033c16fe92e28f0204435590548aedc3f0,485,0.05,720,0.0,1.00217308377504,0.997148319846407,35513889.81770265,16.13828695655371,21.463257092061262,-0.5852285778063404,-0.2506934186312759,-0.33537592454557785,-1.2046220305566124,3.359185534996114,28.659793814432987,2,0,1.938407338574353
5,12,168,25.0,-7.92810207768635,U/USDG Pancake v3 1bp,0x090f2f033c16fe92e28f0204435590548aedc3f0,485,0.05,720,75.0,1.00217308377504,0.997148319846407,35513889.81770265,4.033918097180901,21.45311897938405,-0.705825101068458,-0.2506934186312759,-0.45627553517468833,-1.2394383618437255,3.380941581350542,28.659793814432987,2,0,1.938407338574353
5,24,24,100.0,-10.950636182575035,U/USDG Pancake v3 1bp,0x090f2f033c16fe92e28f0204435590548aedc3f0,485,0.05,720,0.0,1.00217308377504,0.997148319846407,35513889.81770265,9.654502158958476,42.82103944185789,-0.889154561744232,-0.2506934186312759,-0.6400657458126235,-1.4818788926827864,3.221549580110819,22.474226804123713,4,0,1.938407338574353
5,24,24,25.0,-12.116870643522471,U/USDG Pancake v3 1bp,0x090f2f033c16fe92e28f0204435590548aedc3f0,485,0.05,720,75.0,1.00217308377504,0.997148319846407,35513889.81770265,2.4131574158704043,42.816542354015326,-0.9614673136944862,-0.2506934186312759,-0.7125602366803485,-1.4951113189467513,3.2010028929556906,22.474226804123713,4,0,1.938407338574353
5,24,72,100.0,-13.627248330724484,U/USDG Pancake v3 1bp,0x090f2f033c16fe92e28f0204435590548aedc3f0,485,0.05,720,0.0,1.00217308377504,0.997148319846407,35513889.81770265,16.236646470096982,42.80884957917924,-1.0564779921482081,-0.2506934186312759,-0.8078096992680694,-1.329956787065456,3.4244165805022755,22.268041237113405,4,0,1.938407338574353
5,24,72,25.0,-15.522699425266428,U/USDG Pancake v3 1bp,0x090f2f033c16fe92e28f0204435590548aedc3f0,485,0.05,720,75.0,1.00217308377504,0.997148319846407,35513889.81770265,4.05756734303308,42.798842615340625,-1.1779576436099726,-0.2506934186312759,-0.9295946576052594,-1.4303590977927327,3.4319641525727382,22.268041237113405,4,0,1.938407338574353
5,24,168,100.0,-4.672232509582486,U/USDG Pancake v3 1bp,0x090f2f033c16fe92e28f0204435590548aedc3f0,485,0.05,720,0.0,1.00217308377504,0.997148319846407,35513889.81770265,16.36610255396411,21.452899136315636,-0.514597246405224,-0.2506934186312759,-0.2645670800314637,-1.2212016534855152,3.7633823001323856,25.36082474226804,2,0,1.938407338574353
5,24,168,25.0,-6.771347542205475,U/USDG Pancake v3 1bp,0x090f2f033c16fe92e28f0204435590548aedc3f0,485,0.05,720,75.0,1.00217308377504,0.997148319846407,35513889.81770265,4.090535019155969,21.44402428371373,-0.6371638590275119,-0.2506934186312759,-0.38744173131768367,-1.243579193298805,3.765376401005207,25.36082474226804,2,0,1.938407338574353
10,3,24,100.0,-39.57192179231526,U/USDG Pancake v3 1bp,0x090f2f033c16fe92e28f0204435590548aedc3f0,485,0.1,720,0.0,1.00217308377504,0.997148319846407,35513889.81770265,16.337811948756695,180.41014460268298,-2.994109765637676,-0.2506934186311982,-2.7503111961671434,-3.138893067173465,3.3957263905685564,48.24742268041237,17,0,0.9790523941649534
10,3,24,25.0,-40.91358463465921,U/USDG Pancake v3 1bp,0x090f2f033c16fe92e28f0204435590548aedc3f0,485,0.1,720,75.0,1.00217308377504,0.997148319846407,35513889.81770265,4.082252957437274,180.3029352540221,-3.1146235946688416,-0.2506934186311982,-2.8711279047353044,-3.2584953697922137,3.3507280143419256,48.24742268041237,17,0,0.9790523941649534
10,3,72,100.0,-17.60910506610963,U/USDG Pancake v3 1bp,0x090f2f033c16fe92e28f0204435590548aedc3f0,485,0.1,720,0.0,1.00217308377504,0.997148319846407,35513889.81770265,17.73134343505936,74.81980998905946,-1.3146891642523362,-0.2506934186311982,-1.0666698166500121,-1.4615370056260568,3.6632931810680267,52.57731958762887,7,0,0.9790523941649534
10,3,72,25.0,-19.579228070913924,U/USDG Pancake v3 1bp,0x090f2f033c16fe92e28f0204435590548aedc3f0,485,0.1,720,75.0,1.00217308377504,0.997148319846407,35513889.81770265,4.430512880113558,74.775181371127,-1.4468364417727253,-0.2506934186311982,-1.199149211293804,-1.593074467046729,3.679203348163397,52.57731958762887,7,0,0.9790523941649534
10,3,168,100.0,-6.510607116906064,U/USDG Pancake v3 1bp,0x090f2f033c16fe92e28f0204435590548aedc3f0,485,0.1,720,0.0,1.00217308377504,0.997148319846407,35513889.81770265,14.02386976668594,32.157862964317445,-0.6217983290415563,-0.2506934186311982,-0.3720375841486545,-1.2721306188195447,3.34450236760821,47.01030927835051,3,0,0.9790523941649534
10,3,168,25.0,-8.279077864070794,U/USDG Pancake v3 1bp,0x090f2f033c16fe92e28f0204435590548aedc3f0,485,0.1,720,75.0,1.00217308377504,0.997148319846407,35513889.81770265,3.5051512522494033,32.145954004926566,-0.7268190736503644,-0.2506934186311982,-0.47732227053706167,-1.2943928734411525,3.33979779176465,47.01030927835051,3,0,0.9790523941649534
10,6,24,100.0,-29.87550636672165,U/USDG Pancake v3 1bp,0x090f2f033c16fe92e28f0204435590548aedc3f0,485,0.1,720,0.0,1.00217308377504,0.997148319846407,35513889.81770265,17.567139182414518,127.73723227193426,-2.1915407508804496,-0.2506934186311982,-1.9457251371126416,-2.263278898133936,3.1448771810272684,57.73195876288659,12,0,0.9790523941649534
10,6,24,25.0,-31.53948382283446,U/USDG Pancake v3 1bp,0x090f2f033c16fe92e28f0204435590548aedc3f0,485,0.1,720,75.0,1.00217308377504,0.997148319846407,35513889.81770265,4.389377063813181,127.64113382820106,-2.321500065489601,-0.2506934186311982,-2.0760110699808987,-2.392237422016874,3.1523392002065935,57.73195876288659,12,0,0.9790523941649534
10,6,72,100.0,-14.423666135178493,U/USDG Pancake v3 1bp,0x090f2f033c16fe92e28f0204435590548aedc3f0,485,0.1,720,0.0,1.00217308377504,0.997148319846407,35513889.81770265,18.637350834284067,64.18748013151175,-1.1072106744296484,-0.2506934186311982,-0.8586698846871244,-1.260975808200937,3.1350151315389487,57.73195876288659,6,0,0.9790523941649534
10,6,72,25.0,-16.570657907779985,U/USDG Pancake v3 1bp,0x090f2f033c16fe92e28f0204435590548aedc3f0,485,0.1,720,75.0,1.00217308377504,0.997148319846407,35513889.81770265,4.6568384319072536,64.1473668518412,-1.2462313102439837,-0.2506934186311982,-0.9980399119874472,-1.3993649081782689,3.136608767938972,57.73195876288659,6,0,0.9790523941649534
10,6,168,100.0,-11.34266678801893,U/USDG Pancake v3 1bp,0x090f2f033c16fe92e28f0204435590548aedc3f0,485,0.1,720,0.0,1.00217308377504,0.997148319846407,35513889.81770265,13.978515282269141,32.144576686867396,-0.9133622126915708,-0.2506934186311982,-0.6643342362684157,-1.1680729287757763,3.3338263817838643,42.2680412371134,3,0,0.9790523941649534
10,6,168,25.0,-13.009165750753048,U/USDG Pancake v3 1bp,0x090f2f033c16fe92e28f0204435590548aedc3f0,485,0.1,720,75.0,1.00217308377504,0.997148319846407,35513889.81770265,3.4945354950513448,32.12403581054858,-1.017409092063859,-0.2506934186311982,-0.7686426098683974,-1.2121778003515105,3.3283472704237997,42.2680412371134,3,0,0.9790523941649534
10,12,24,100.0,-3.7821666037151536,U/USDG Pancake v3 1bp,0x090f2f033c16fe92e28f0204435590548aedc3f0,485,0.1,720,0.0,1.00217308377504,0.997148319846407,35513889.81770265,17.858513376181783,21.44703115667305,-0.46339466745064506,-0.2506934186311982,-0.21323581697877403,-1.2449561914131935,3.0430306339257336,61.649484536082475,2,0,0.9790523941649534
10,12,24,25.0,-6.093581484725319,U/USDG Pancake v3 1bp,0x090f2f033c16fe92e28f0204435590548aedc3f0,485,0.1,720,75.0,1.00217308377504,0.997148319846407,35513889.81770265,4.464178683514828,21.44592562720459,-0.5973068023210182,-0.2506934186311982,-0.3474845044732944,-1.2934300417433264,3.0322435949547097,61.649484536082475,2,0,0.9790523941649534
10,12,72,100.0,-3.7821666037151536,U/USDG Pancake v3 1bp,0x090f2f033c16fe92e28f0204435590548aedc3f0,485,0.1,720,0.0,1.00217308377504,0.997148319846407,35513889.81770265,17.858513376181783,21.44703115667305,-0.46339466745064506,-0.2506934186311982,-0.21323581697877403,-1.2449561914131935,3.0430306339257336,61.649484536082475,2,0,0.9790523941649534
10,12,72,25.0,-6.093581484725319,U/USDG Pancake v3 1bp,0x090f2f033c16fe92e28f0204435590548aedc3f0,485,0.1,720,75.0,1.00217308377504,0.997148319846407,35513889.81770265,4.464178683514828,21.44592562720459,-0.5973068023210182,-0.2506934186311982,-0.3474845044732944,-1.2934300417433264,3.0322435949547097,61.649484536082475,2,0,0.9790523941649534
10,12,168,100.0,-3.693903973486623,U/USDG Pancake v3 1bp,0x090f2f033c16fe92e28f0204435590548aedc3f0,485,0.1,720,0.0,1.00217308377504,0.997148319846407,35513889.81770265,18.324370127331026,21.449079682769117,-0.45834161675580853,-0.2506934186311982,-0.20817006678158778,-1.166939094548447,3.2534115140712956,56.49484536082474,2,0,0.9790523941649534
10,12,168,25.0,-6.064352585082366,U/USDG Pancake v3 1bp,0x090f2f033c16fe92e28f0204435590548aedc3f0,485,0.1,720,75.0,1.00217308377504,0.997148319846407,35513889.81770265,4.580307528111707,21.43735678930993,-0.5955940714157948,-0.2506934186311982,-0.34576746907333256,-1.2118948020839904,3.2394304690107103,56.49484536082474,2,0,0.9790523941649534
10,24,24,100.0,-9.846031232928453,U/USDG Pancake v3 1bp,0x090f2f033c16fe92e28f0204435590548aedc3f0,485,0.1,720,0.0,1.00217308377504,0.997148319846407,35513889.81770265,12.102812659112308,32.14577394085009,-0.821483430822556,-0.2506934186311982,-0.5722245414565785,-1.2626970530011161,3.4526940220267686,40.20618556701031,3,0,0.9790523941649534
10,24,24,25.0,-11.322150330919545,U/USDG Pancake v3 1bp,0x090f2f033c16fe92e28f0204435590548aedc3f0,485,0.1,720,75.0,1.00217308377504,0.997148319846407,35513889.81770265,3.0249385506566364,32.14088088105542,-0.9120928288570918,-0.2506934186311982,-0.6630616621744356,-1.2969966509854935,3.475341343996264,40.20618556701031,3,0,0.9790523941649534
10,24,72,100.0,-9.846031232928453,U/USDG Pancake v3 1bp,0x090f2f033c16fe92e28f0204435590548aedc3f0,485,0.1,720,0.0,1.00217308377504,0.997148319846407,35513889.81770265,12.102812659112308,32.14577394085009,-0.821483430822556,-0.2506934186311982,-0.5722245414565785,-1.2626970530011161,3.4526940220267686,40.20618556701031,3,0,0.9790523941649534
10,24,72,25.0,-11.322150330919545,U/USDG Pancake v3 1bp,0x090f2f033c16fe92e28f0204435590548aedc3f0,485,0.1,720,75.0,1.00217308377504,0.997148319846407,35513889.81770265,3.0249385506566364,32.14088088105542,-0.9120928288570918,-0.2506934186311982,-0.6630616621744356,-1.2969966509854935,3.475341343996264,40.20618556701031,3,0,0.9790523941649534
10,24,168,100.0,-4.410268561168973,U/USDG Pancake v3 1bp,0x090f2f033c16fe92e28f0204435590548aedc3f0,485,0.1,720,0.0,1.00217308377504,0.997148319846407,35513889.81770265,14.297177386469524,21.472345992650638,-0.4994805793603341,-0.2506934186311982,-0.24941242125446905,-1.1972247467222141,3.949064967433149,42.06185567010309,2,0,0.9790523941649534
10,24,168,25.0,-6.248459401591688,U/USDG Pancake v3 1bp,0x090f2f033c16fe92e28f0204435590548aedc3f0,485,0.1,720,75.0,1.00217308377504,0.997148319846407,35513889.81770265,3.5738026608697355,21.4632577310477,-0.6063906228097604,-0.2506934186311982,-0.35659115473489766,-1.2194621403551764,3.9561470754850783,42.06185567010309,2,0,0.9790523941649534
15,3,24,100.0,-47.757954569083985,U/USDG Pancake v3 1bp,0x090f2f033c16fe92e28f0204435590548aedc3f0,485,0.15,720,0.0,1.00217308377504,0.997148319846407,35513889.81770265,11.098687791623162,179.98414889462478,-3.772769086940264,-0.2506934186311316,-3.5309274710958127,-3.915424914944443,3.8365350510288083,56.49484536082474,17,0,0.6550823896247584
15,3,24,25.0,-48.550989755168494,U/USDG Pancake v3 1bp,0x090f2f033c16fe92e28f0204435590548aedc3f0,485,0.15,720,75.0,1.00217308377504,0.997148319846407,35513889.81770265,2.7736599677971667,179.9162951977721,-3.8542285153556066,-0.2506934186311316,-3.6125916261733115,-3.996760865487514,3.829823753499479,56.49484536082474,17,0,0.6550823896247584
15,3,72,100.0,-15.615080133350878,U/USDG Pancake v3 1bp,0x090f2f033c16fe92e28f0204435590548aedc3f0,485,0.15,720,0.0,1.00217308377504,0.997148319846407,35513889.81770265,16.13508473961022,64.21551773251629,-1.1839439250824757,-0.2506934186311316,-0.9355959840082306,-1.428476622361996,3.9120220292630403,68.8659793814433,6,0,0.6550823896247584
15,3,72,25.0,-17.450405176823804,U/USDG Pancake v3 1bp,0x090f2f033c16fe92e28f0204435590548aedc3f0,485,0.15,720,75.0,1.00217308377504,0.997148319846407,35513889.81770265,4.032027540007911,64.18130641183575,-1.3041745642753622,-0.2506934186311316,-1.0561287910155759,-1.4648115495016656,3.90285200856181,68.8659793814433,6,0,0.6550823896247584
15,3,168,100.0,-5.126158786767821,U/USDG Pancake v3 1bp,0x090f2f033c16fe92e28f0204435590548aedc3f0,485,0.15,720,0.0,1.00217308377504,0.997148319846407,35513889.81770265,14.389907749716826,32.17217978834848,-0.540884279403675,-0.2506934186311316,-0.290920178513554,-1.157637825544322,3.1310416270992145,68.24742268041237,3,0,0.6550823896247584
15,3,168,25.0,-6.965325777667242,U/USDG Pancake v3 1bp,0x090f2f033c16fe92e28f0204435590548aedc3f0,485,0.15,720,75.0,1.00217308377504,0.997148319846407,35513889.81770265,3.5962910444104175,32.16018504222222,-0.6486214251680167,-0.2506934186311316,-0.3989280930111416,-1.1862117364647595,3.1281881610075226,68.24742268041237,3,0,0.6550823896247584
15,6,24,100.0,-18.743588396666468,U/USDG Pancake v3 1bp,0x090f2f033c16fe92e28f0204435590548aedc3f0,485,0.15,720,0.0,1.00217308377504,0.997148319846407,35513889.81770265,14.03061960535056,64.09486326316532,-1.3904159761897406,-0.2506934186311316,-1.142586947838986,-1.7737615701906129,3.3332870603923306,76.90721649484537,6,0,0.6550823896247584
15,6,24,25.0,-20.289427870920985,U/USDG Pancake v3 1bp,0x090f2f033c16fe92e28f0204435590548aedc3f0,485,0.15,720,75.0,1.00217308377504,0.997148319846407,35513889.81770265,3.5062965799534718,64.07741188984254,-1.495224545653051,-0.2506934186311316,-1.2476589258359594,-1.8050427514691103,3.3304229471893967,76.90721649484537,6,0,0.6550823896247584
15,6,72,100.0,-8.713524808985584,U/USDG Pancake v3 1bp,0x090f2f033c16fe92e28f0204435590548aedc3f0,485,0.15,720,0.0,1.00217308377504,0.997148319846407,35513889.81770265,16.16126800472153,42.856409513450096,-0.7529113160790857,-0.2506934186311316,-0.5034800888949365,-1.2059465613541653,3.4497004528187625,78.76288659793815,4,0,0.6550823896247584
15,6,72,25.0,-10.700401649113866,U/USDG Pancake v3 1bp,0x090f2f033c16fe92e28f0204435590548aedc3f0,485,0.15,720,75.0,1.00217308377504,0.997148319846407,35513889.81770265,4.038698727870232,42.839025683700655,-0.8737553146284549,-0.2506934186311316,-0.6246277967747793,-1.2554562753117726,3.450379285163681,78.76288659793815,4,0,0.6550823896247584
15,6,168,100.0,-3.2226280662321916,U/USDG Pancake v3 1bp,0x090f2f033c16fe92e28f0204435590548aedc3f0,485,0.15,720,0.0,1.00217308377504,0.997148319846407,35513889.81770265,17.531739543063942,21.460240232218453,-0.4314348075094454,-0.2506934186311316,-0.1811956344086374,-1.1540310218543737,2.9641443431923875,83.09278350515464,2,0,0.6550823896247584
15,6,168,25.0,-5.501378754727282,U/USDG Pancake v3 1bp,0x090f2f033c16fe92e28f0204435590548aedc3f0,485,0.15,720,75.0,1.00217308377504,0.997148319846407,35513889.81770265,4.381734777354488,21.45091122684909,-0.5627032503679019,-0.2506934186311316,-0.3127939856727324,-1.190290133145322,2.958541009882473,83.09278350515464,2,0,0.6550823896247584
15,12,24,100.0,-3.456073864119802,U/USDG Pancake v3 1bp,0x090f2f033c16fe92e28f0204435590548aedc3f0,485,0.15,720,0.0,1.00217308377504,0.997148319846407,35513889.81770265,16.599977358461825,21.451558017137458,-0.44474754631397273,-0.2506934186311316,-0.19454183125027225,-1.153061281964729,3.219616385228663,75.05154639175258,2,0,0.6550823896247584
15,12,24,25.0,-5.610888018366866,U/USDG Pancake v3 1bp,0x090f2f033c16fe92e28f0204435590548aedc3f0,485,0.15,720,75.0,1.00217308377504,0.997148319846407,35513889.81770265,4.149373629283826,21.440775914301582,-0.569086622301751,-0.2506934186311316,-0.31919340051842493,-1.190048158748791,3.206998800271712,75.05154639175258,2,0,0.6550823896247584
15,12,72,100.0,-3.456073864119802,U/USDG Pancake v3 1bp,0x090f2f033c16fe92e28f0204435590548aedc3f0,485,0.15,720,0.0,1.00217308377504,0.997148319846407,35513889.81770265,16.599977358461825,21.451558017137458,-0.44474754631397273,-0.2506934186311316,-0.19454183125027225,-1.153061281964729,3.219616385228663,75.05154639175258,2,0,0.6550823896247584
15,12,72,25.0,-5.610888018366866,U/USDG Pancake v3 1bp,0x090f2f033c16fe92e28f0204435590548aedc3f0,485,0.15,720,75.0,1.00217308377504,0.997148319846407,35513889.81770265,4.149373629283826,21.440775914301582,-0.569086622301751,-0.2506934186311316,-0.31919340051842493,-1.190048158748791,3.206998800271712,75.05154639175258,2,0,0.6550823896247584
15,12,168,100.0,-3.456073864119802,U/USDG Pancake v3 1bp,0x090f2f033c16fe92e28f0204435590548aedc3f0,485,0.15,720,0.0,1.00217308377504,0.997148319846407,35513889.81770265,16.599977358461825,21.451558017137458,-0.44474754631397273,-0.2506934186311316,-0.19454183125027225,-1.153061281964729,3.219616385228663,75.05154639175258,2,0,0.6550823896247584
15,12,168,25.0,-5.610888018366866,U/USDG Pancake v3 1bp,0x090f2f033c16fe92e28f0204435590548aedc3f0,485,0.15,720,75.0,1.00217308377504,0.997148319846407,35513889.81770265,4.149373629283826,21.440775914301582,-0.569086622301751,-0.2506934186311316,-0.31919340051842493,-1.190048158748791,3.206998800271712,75.05154639175258,2,0,0.6550823896247584
15,24,24,100.0,-3.4995447780058364,U/USDG Pancake v3 1bp,0x090f2f033c16fe92e28f0204435590548aedc3f0,485,0.15,720,0.0,1.00217308377504,0.997148319846407,35513889.81770265,15.679860334600894,21.45941255219811,-0.4472299248273859,-0.2506934186311316,-0.1970304485635066,-1.2276363029481097,3.0429071378729673,76.28865979381443,2,0,0.6550823896247584
15,24,24,25.0,-5.537523481964723,U/USDG Pancake v3 1bp,0x090f2f033c16fe92e28f0204435590548aedc3f0,485,0.15,720,75.0,1.00217308377504,0.997148319846407,35513889.81770265,3.9196902380089274,21.45862552178916,-0.5648093789978104,-0.2506934186311316,-0.3149054074982005,-1.2609643758404232,3.0467371408381734,76.28865979381443,2,0,0.6550823896247584
15,24,72,100.0,-3.4995447780058364,U/USDG Pancake v3 1bp,0x090f2f033c16fe92e28f0204435590548aedc3f0,485,0.15,720,0.0,1.00217308377504,0.997148319846407,35513889.81770265,15.679860334600894,21.45941255219811,-0.4472299248273859,-0.2506934186311316,-0.1970304485635066,-1.2276363029481097,3.0429071378729673,76.28865979381443,2,0,0.6550823896247584
15,24,72,25.0,-5.537523481964723,U/USDG Pancake v3 1bp,0x090f2f033c16fe92e28f0204435590548aedc3f0,485,0.15,720,75.0,1.00217308377504,0.997148319846407,35513889.81770265,3.9196902380089274,21.45862552178916,-0.5648093789978104,-0.2506934186311316,-0.3149054074982005,-1.2609643758404232,3.0467371408381734,76.28865979381443,2,0,0.6550823896247584
15,24,168,100.0,-2.658149638457785,U/USDG Pancake v3 1bp,0x090f2f033c16fe92e28f0204435590548aedc3f0,485,0.15,720,0.0,1.00217308377504,0.997148319846407,35513889.81770265,13.45279425801531,10.739453141036,-0.39936917360957613,-0.2506934186311316,-0.1490494120449548,-1.1641290343396449,3.9396900251163087,57.113402061855666,1,0,0.6550823896247584
15,24,168,25.0,-4.423855561310197,U/USDG Pancake v3 1bp,0x090f2f033c16fe92e28f0204435590548aedc3f0,485,0.15,720,75.0,1.00217308377504,0.997148319846407,35513889.81770265,3.3631858893029922,10.7394151044031,-0.500263656375266,-0.2506934186311316,-0.25019746632579665,-1.1928624188664583,3.9443926510620413,57.113402061855666,1,0,0.6550823896247584
25,3,24,100.0,-26.94477560707691,U/USDG Pancake v3 1bp,0x090f2f033c16fe92e28f0204435590548aedc3f0,485,0.25,720,0.0,1.00217308377504,0.997148319846407,35513889.81770265,9.759612963407179,95.93755782276682,-1.9695721919404274,-0.2506934186311316,-1.7231987190879816,-2.2287122783076097,3.3718252660015255,81.23711340206185,9,0,0.3943760259078573
25,3,24,25.0,-27.917194703536786,U/USDG Pancake v3 1bp,0x090f2f033c16fe92e28f0204435590548aedc3f0,485,0.25,720,75.0,1.00217308377504,0.997148319846407,35513889.81770265,2.4392102025261786,95.91723057820205,-2.042274163524138,-0.2506934186311316,-1.7960834077894727,-2.2887972694169534,3.376049707298629,81.23711340206185,9,0,0.3943760259078573
25,3,72,100.0,-22.854790133149038,U/USDG Pancake v3 1bp,0x090f2f033c16fe92e28f0204435590548aedc3f0,485,0.25,720,0.0,1.00217308377504,0.997148319846407,35513889.81770265,9.255142607563196,64.10240522979902,-1.6734700490268706,-0.2506934186311316,-1.4263524019940355,-1.8267788188690237,3.4124122613181735,66.39175257731958,6,0,0.3943760259078573
25,3,72,25.0,-23.821075863457995,U/USDG Pancake v3 1bp,0x090f2f033c16fe92e28f0204435590548aedc3f0,485,0.25,720,75.0,1.00217308377504,0.997148319846407,35513889.81770265,2.3132088792901637,64.0760737597858,-1.7420642824223398,-0.2506934186311316,-1.4951190287971095,-1.894764511167235,3.4160602033643896,66.39175257731958,6,0,0.3943760259078573
25,3,168,100.0,-12.933546915010275,U/USDG Pancake v3 1bp,0x090f2f033c16fe92e28f0204435590548aedc3f0,485,0.25,720,0.0,1.00217308377504,0.997148319846407,35513889.81770265,9.666693426506587,32.12946173753074,-1.0126472532037023,-0.2506934186311316,-0.7638688033896557,-1.1110561622369008,3.2559941071923455,62.68041237113402,3,0,0.3943760259078573
25,3,168,25.0,-14.068329808537872,U/USDG Pancake v3 1bp,0x090f2f033c16fe92e28f0204435590548aedc3f0,485,0.25,720,75.0,1.00217308377504,0.997148319846407,35513889.81770265,2.4165957653741286,32.11534319016248,-1.0845204960732935,-0.2506934186311316,-0.8359226805872422,-1.1439160770663537,3.2548014488816577,62.68041237113402,3,0,0.3943760259078573
25,6,24,100.0,-1.9621515388417832,U/USDG Pancake v3 1bp,0x090f2f033c16fe92e28f0204435590548aedc3f0,485,0.25,720,0.0,1.00217308377504,0.997148319846407,35513889.81770265,12.886478007540225,10.724105363278918,-0.3600734011869666,-0.2506934186311316,-0.10965488012351088,-1.108538822175198,2.755263052472858,93.81443298969072,1,0,0.3943760259078573
25,6,24,25.0,-3.665587400352044,U/USDG Pancake v3 1bp,0x090f2f033c16fe92e28f0204435590548aedc3f0,485,0.25,720,75.0,1.00217308377504,0.997148319846407,35513889.81770265,3.2216098877234227,10.72407538960208,-0.4567214149373333,-0.2506934186311316,-0.20654579301575549,-1.1420219794141317,2.7531560105247825,93.81443298969072,1,0,0.3943760259078573
25,6,72,100.0,-1.9621515388417832,U/USDG Pancake v3 1bp,0x090f2f033c16fe92e28f0204435590548aedc3f0,485,0.25,720,0.0,1.00217308377504,0.997148319846407,35513889.81770265,12.886478007540225,10.724105363278918,-0.3600734011869666,-0.2506934186311316,-0.10965488012351088,-1.108538822175198,2.755263052472858,93.81443298969072,1,0,0.3943760259078573
25,6,72,25.0,-3.665587400352044,U/USDG Pancake v3 1bp,0x090f2f033c16fe92e28f0204435590548aedc3f0,485,0.25,720,75.0,1.00217308377504,0.997148319846407,35513889.81770265,3.2216098877234227,10.72407538960208,-0.4567214149373333,-0.2506934186311316,-0.20654579301575549,-1.1420219794141317,2.7531560105247825,93.81443298969072,1,0,0.3943760259078573
25,6,168,100.0,-1.9621515388417832,U/USDG Pancake v3 1bp,0x090f2f033c16fe92e28f0204435590548aedc3f0,485,0.25,720,0.0,1.00217308377504,0.997148319846407,35513889.81770265,12.886478007540225,10.724105363278918,-0.3600734011869666,-0.2506934186311316,-0.10965488012351088,-1.108538822175198,2.755263052472858,93.81443298969072,1,0,0.3943760259078573
25,6,168,25.0,-3.665587400352044,U/USDG Pancake v3 1bp,0x090f2f033c16fe92e28f0204435590548aedc3f0,485,0.25,720,75.0,1.00217308377504,0.997148319846407,35513889.81770265,3.2216098877234227,10.72407538960208,-0.4567214149373333,-0.2506934186311316,-0.20654579301575549,-1.1420219794141317,2.7531560105247825,93.81443298969072,1,0,0.3943760259078573
25,12,24,100.0,-1.9166299843827672,U/USDG Pancake v3 1bp,0x090f2f033c16fe92e28f0204435590548aedc3f0,485,0.25,720,0.0,1.00217308377504,0.997148319846407,35513889.81770265,12.763661741998598,10.734405370074088,-0.3575124628772519,-0.2506934186311316,-0.10708750557478774,-1.1148195007552486,3.318857855578339,91.75257731958763,1,0,0.3943760259078573
25,12,24,25.0,-3.604687634479775,U/USDG Pancake v3 1bp,0x090f2f033c16fe92e28f0204435590548aedc3f0,485,0.25,720,75.0,1.00217308377504,0.997148319846407,35513889.81770265,3.19089887578405,10.73435306787433,-0.4532384099010023,-0.2506934186311316,-0.2030540343703091,-1.1475415151001478,3.3209654345309767,91.75257731958763,1,0,0.3943760259078573
25,12,72,100.0,-1.9166299843827672,U/USDG Pancake v3 1bp,0x090f2f033c16fe92e28f0204435590548aedc3f0,485,0.25,720,0.0,1.00217308377504,0.997148319846407,35513889.81770265,12.763661741998598,10.734405370074088,-0.3575124628772519,-0.2506934186311316,-0.10708750557478774,-1.1148195007552486,3.318857855578339,91.75257731958763,1,0,0.3943760259078573
25,12,72,25.0,-3.604687634479775,U/USDG Pancake v3 1bp,0x090f2f033c16fe92e28f0204435590548aedc3f0,485,0.25,720,75.0,1.00217308377504,0.997148319846407,35513889.81770265,3.19089887578405,10.73435306787433,-0.4532384099010023,-0.2506934186311316,-0.2030540343703091,-1.1475415151001478,3.3209654345309767,91.75257731958763,1,0,0.3943760259078573
25,12,168,100.0,-1.9166299843827672,U/USDG Pancake v3 1bp,0x090f2f033c16fe92e28f0204435590548aedc3f0,485,0.25,720,0.0,1.00217308377504,0.997148319846407,35513889.81770265,12.763661741998598,10.734405370074088,-0.3575124628772519,-0.2506934186311316,-0.10708750557478774,-1.1148195007552486,3.318857855578339,91.75257731958763,1,0,0.3943760259078573
25,12,168,25.0,-3.604687634479775,U/USDG Pancake v3 1bp,0x090f2f033c16fe92e28f0204435590548aedc3f0,485,0.25,720,75.0,1.00217308377504,0.997148319846407,35513889.81770265,3.19089887578405,10.73435306787433,-0.4532384099010023,-0.2506934186311316,-0.2030540343703091,-1.1475415151001478,3.3209654345309767,91.75257731958763,1,0,0.3943760259078573
25,24,24,100.0,-2.6438719973047475,U/USDG Pancake v3 1bp,0x090f2f033c16fe92e28f0204435590548aedc3f0,485,0.25,720,0.0,1.00217308377504,0.997148319846407,35513889.81770265,10.62790191296387,10.717196425222607,-0.39856040087555833,-0.2506934186311316,-0.1482386066752328,-1.176313623553149,2.6164027272587083,83.29896907216495,1,0,0.3943760259078573
25,24,24,25.0,-4.041441229613918,U/USDG Pancake v3 1bp,0x090f2f033c16fe92e28f0204435590548aedc3f0,485,0.25,720,75.0,1.00217308377504,0.997148319846407,35513889.81770265,2.6568649742020938,10.7167559400625,-0.4782635474857355,-0.2506934186311316,-0.22814206599919284,-1.2000581135302557,2.619327478872658,83.29896907216495,1,0,0.3943760259078573
25,24,72,100.0,-2.6438719973047475,U/USDG Pancake v3 1bp,0x090f2f033c16fe92e28f0204435590548aedc3f0,485,0.25,720,0.0,1.00217308377504,0.997148319846407,35513889.81770265,10.62790191296387,10.717196425222607,-0.39856040087555833,-0.2506934186311316,-0.1482386066752328,-1.176313623553149,2.6164027272587083,83.29896907216495,1,0,0.3943760259078573
25,24,72,25.0,-4.041441229613918,U/USDG Pancake v3 1bp,0x090f2f033c16fe92e28f0204435590548aedc3f0,485,0.25,720,75.0,1.00217308377504,0.997148319846407,35513889.81770265,2.6568649742020938,10.7167559400625,-0.4782635474857355,-0.2506934186311316,-0.22814206599919284,-1.2000581135302557,2.619327478872658,83.29896907216495,1,0,0.3943760259078573
25,24,168,100.0,-2.6438719973047475,U/USDG Pancake v3 1bp,0x090f2f033c16fe92e28f0204435590548aedc3f0,485,0.25,720,0.0,1.00217308377504,0.997148319846407,35513889.81770265,10.62790191296387,10.717196425222607,-0.39856040087555833,-0.2506934186311316,-0.1482386066752328,-1.176313623553149,2.6164027272587083,83.29896907216495,1,0,0.3943760259078573
25,24,168,25.0,-4.041441229613918,U/USDG Pancake v3 1bp,0x090f2f033c16fe92e28f0204435590548aedc3f0,485,0.25,720,75.0,1.00217308377504,0.997148319846407,35513889.81770265,2.6568649742020938,10.7167559400625,-0.4782635474857355,-0.2506934186311316,-0.22814206599919284,-1.2000581135302557,2.619327478872658,83.29896907216495,1,0,0.3943760259078573
35,3,24,100.0,-9.41180843969841,U/USDG Pancake v3 1bp,0x090f2f033c16fe92e28f0204435590548aedc3f0,485,0.35000000000000003,720,0.0,1.00217308377504,0.997148319846407,35513889.81770265,9.398194783501426,32.15909077625653,-0.7950960073131119,-0.2506934186311094,-0.545770800158818,-1.0797449595394082,2.812232738144422,95.25773195876288,3,0,0.2822253471843023
35,3,24,25.0,-10.56171591370595,U/USDG Pancake v3 1bp,0x090f2f033c16fe92e28f0204435590548aedc3f0,485,0.35000000000000003,720,75.0,1.00217308377504,0.997148319846407,35513889.81770265,2.3491945970645443,32.1484726668046,-0.8652382447354334,-0.2506934186311094,-0.6160893214861796,-1.1058330970729724,2.8167307759675677,95.25773195876288,3,0,0.2822253471843023
35,3,72,100.0,-9.39889565350308,U/USDG Pancake v3 1bp,0x090f2f033c16fe92e28f0204435590548aedc3f0,485,0.35000000000000003,720,0.0,1.00217308377504,0.997148319846407,35513889.81770265,8.600640312447272,32.16463280767811,-0.7943131368526202,-0.2506934186311094,-0.5449859621611042,-1.0797449595394082,2.7595416041503245,87.42268041237114,3,0,0.2822253471843023
35,3,72,25.0,-10.451385166262417,U/USDG Pancake v3 1bp,0x090f2f033c16fe92e28f0204435590548aedc3f0,485,0.35000000000000003,720,75.0,1.00217308377504,0.997148319846407,35513889.81770265,2.149909010376961,32.15383850486242,-0.8584714377526503,-0.2506934186311094,-0.6093055079292808,-1.1041451805447355,2.757966232260611,87.42268041237114,3,0,0.2822253471843023
35,3,168,100.0,-10.220067384269061,U/USDG Pancake v3 1bp,0x090f2f033c16fe92e28f0204435590548aedc3f0,485,0.35000000000000003,720,0.0,1.00217308377504,0.997148319846407,35513889.81770265,7.761140341295921,32.14816435186297,-0.8443097803338628,-0.2506934186311094,-0.5951082589416457,-1.0797449595394082,2.9551285425823233,73.19587628865979,3,0,0.2822253471843023
35,3,168,25.0,-11.16129840344373,U/USDG Pancake v3 1bp,0x090f2f033c16fe92e28f0204435590548aedc3f0,485,0.35000000000000003,720,75.0,1.00217308377504,0.997148319846407,35513889.81770265,1.9401532905432897,32.137131268216116,-0.9021502828798877,-0.2506934186311094,-0.653094128245757,-1.1041451805447355,2.956004975634973,73.19587628865979,3,0,0.2822253471843023
35,6,24,100.0,-2.0280431562734513,U/USDG Pancake v3 1bp,0x090f2f033c16fe92e28f0204435590548aedc3f0,485,0.35000000000000003,720,0.0,1.00217308377504,0.997148319846407,35513889.81770265,9.665258057058427,10.725039893680947,-0.3637823029578935,-0.2506934186311094,-0.11337310323509264,-1.1530766514052049,2.870086672376323,97.52577319587628,1,0,0.2822253471843023
35,6,24,25.0,-3.3073575957784707,U/USDG Pancake v3 1bp,0x090f2f033c16fe92e28f0204435590548aedc3f0,485,0.35000000000000003,720,75.0,1.00217308377504,0.997148319846407,35513889.81770265,2.4162041790113116,10.72455005459498,-0.4362631770953196,-0.2506934186311094,-0.18603613882051118,-1.1757767407669206,2.8755427513469716,97.52577319587628,1,0,0.2822253471843023
35,6,72,100.0,-2.0280431562734513,U/USDG Pancake v3 1bp,0x090f2f033c16fe92e28f0204435590548aedc3f0,485,0.35000000000000003,720,0.0,1.00217308377504,0.997148319846407,35513889.81770265,9.665258057058427,10.725039893680947,-0.3637823029578935,-0.2506934186311094,-0.11337310323509264,-1.1530766514052049,2.870086672376323,97.52577319587628,1,0,0.2822253471843023
35,6,72,25.0,-3.3073575957784707,U/USDG Pancake v3 1bp,0x090f2f033c16fe92e28f0204435590548aedc3f0,485,0.35000000000000003,720,75.0,1.00217308377504,0.997148319846407,35513889.81770265,2.4162041790113116,10.72455005459498,-0.4362631770953196,-0.2506934186311094,-0.18603613882051118,-1.1757767407669206,2.8755427513469716,97.52577319587628,1,0,0.2822253471843023
35,6,168,100.0,-2.0280431562734513,U/USDG Pancake v3 1bp,0x090f2f033c16fe92e28f0204435590548aedc3f0,485,0.35000000000000003,720,0.0,1.00217308377504,0.997148319846407,35513889.81770265,9.665258057058427,10.725039893680947,-0.3637823029578935,-0.2506934186311094,-0.11337310323509264,-1.1530766514052049,2.870086672376323,97.52577319587628,1,0,0.2822253471843023
35,6,168,25.0,-3.3073575957784707,U/USDG Pancake v3 1bp,0x090f2f033c16fe92e28f0204435590548aedc3f0,485,0.35000000000000003,720,75.0,1.00217308377504,0.997148319846407,35513889.81770265,2.4162041790113116,10.72455005459498,-0.4362631770953196,-0.2506934186311094,-0.18603613882051118,-1.1757767407669206,2.8755427513469716,97.52577319587628,1,0,0.2822253471843023
35,12,24,100.0,-1.874458519220601,U/USDG Pancake v3 1bp,0x090f2f033c16fe92e28f0204435590548aedc3f0,485,0.35000000000000003,720,0.0,1.00217308377504,0.997148319846407,35513889.81770265,9.580175656178533,10.72975948421448,-0.3551409945685924,-0.2506934186311094,-0.10471007720969094,-1.1553475049402517,3.1210561719059347,96.70103092783505,1,0,0.2822253471843023
35,12,24,25.0,-3.1444123750105524,U/USDG Pancake v3 1bp,0x090f2f033c16fe92e28f0204435590548aedc3f0,485,0.35000000000000003,720,75.0,1.00217308377504,0.997148319846407,35513889.81770265,2.394927568043107,10.729235083089446,-0.4269811766504428,-0.2506934186311094,-0.1767308105300236,-1.1779038170385836,3.1263618700703972,96.70103092783505,1,0,0.2822253471843023
35,12,72,100.0,-1.874458519220601,U/USDG Pancake v3 1bp,0x090f2f033c16fe92e28f0204435590548aedc3f0,485,0.35000000000000003,720,0.0,1.00217308377504,0.997148319846407,35513889.81770265,9.580175656178533,10.72975948421448,-0.3551409945685924,-0.2506934186311094,-0.10471007720969094,-1.1553475049402517,3.1210561719059347,96.70103092783505,1,0,0.2822253471843023
35,12,72,25.0,-3.1444123750105524,U/USDG Pancake v3 1bp,0x090f2f033c16fe92e28f0204435590548aedc3f0,485,0.35000000000000003,720,75.0,1.00217308377504,0.997148319846407,35513889.81770265,2.394927568043107,10.729235083089446,-0.4269811766504428,-0.2506934186311094,-0.1767308105300236,-1.1779038170385836,3.1263618700703972,96.70103092783505,1,0,0.2822253471843023
35,12,168,100.0,-1.874458519220601,U/USDG Pancake v3 1bp,0x090f2f033c16fe92e28f0204435590548aedc3f0,485,0.35000000000000003,720,0.0,1.00217308377504,0.997148319846407,35513889.81770265,9.580175656178533,10.72975948421448,-0.3551409945685924,-0.2506934186311094,-0.10471007720969094,-1.1553475049402517,3.1210561719059347,96.70103092783505,1,0,0.2822253471843023
35,12,168,25.0,-3.1444123750105524,U/USDG Pancake v3 1bp,0x090f2f033c16fe92e28f0204435590548aedc3f0,485,0.35000000000000003,720,75.0,1.00217308377504,0.997148319846407,35513889.81770265,2.394927568043107,10.729235083089446,-0.4269811766504428,-0.2506934186311094,-0.1767308105300236,-1.1779038170385836,3.1263618700703972,96.70103092783505,1,0,0.2822253471843023
35,24,24,100.0,-1.8890818129296383,U/USDG Pancake v3 1bp,0x090f2f033c16fe92e28f0204435590548aedc3f0,485,0.35000000000000003,720,0.0,1.00217308377504,0.997148319846407,35513889.81770265,9.327997623017973,10.731509202197962,-0.3559632111614919,-0.2506934186311094,-0.10553436022585627,-1.159415260366481,3.2130123186640414,95.4639175257732,1,0,0.2822253471843023
35,24,24,25.0,-3.1255538993866128,U/USDG Pancake v3 1bp,0x090f2f033c16fe92e28f0204435590548aedc3f0,485,0.35000000000000003,720,75.0,1.00217308377504,0.997148319846407,35513889.81770265,2.3318575036035925,10.73083522830845,-0.4259078762907431,-0.2506934186311094,-0.1756548127146207,-1.1800634383658304,3.2180528074049337,95.4639175257732,1,0,0.2822253471843023
35,24,72,100.0,-1.8890818129296383,U/USDG Pancake v3 1bp,0x090f2f033c16fe92e28f0204435590548aedc3f0,485,0.35000000000000003,720,0.0,1.00217308377504,0.997148319846407,35513889.81770265,9.327997623017973,10.731509202197962,-0.3559632111614919,-0.2506934186311094,-0.10553436022585627,-1.159415260366481,3.2130123186640414,95.4639175257732,1,0,0.2822253471843023
35,24,72,25.0,-3.1255538993866128,U/USDG Pancake v3 1bp,0x090f2f033c16fe92e28f0204435590548aedc3f0,485,0.35000000000000003,720,75.0,1.00217308377504,0.997148319846407,35513889.81770265,2.3318575036035925,10.73083522830845,-0.4259078762907431,-0.2506934186311094,-0.1756548127146207,-1.1800634383658304,3.2180528074049337,95.4639175257732,1,0,0.2822253471843023
35,24,168,100.0,-1.8890818129296383,U/USDG Pancake v3 1bp,0x090f2f033c16fe92e28f0204435590548aedc3f0,485,0.35000000000000003,720,0.0,1.00217308377504,0.997148319846407,35513889.81770265,9.327997623017973,10.731509202197962,-0.3559632111614919,-0.2506934186311094,-0.10553436022585627,-1.159415260366481,3.2130123186640414,95.4639175257732,1,0,0.2822253471843023
35,24,168,25.0,-3.1255538993866128,U/USDG Pancake v3 1bp,0x090f2f033c16fe92e28f0204435590548aedc3f0,485,0.35000000000000003,720,75.0,1.00217308377504,0.997148319846407,35513889.81770265,2.3318575036035925,10.73083522830845,-0.4259078762907431,-0.2506934186311094,-0.1756548127146207,-1.1800634383658304,3.2180528074049337,95.4639175257732,1,0,0.2822253471843023
50,3,24,100.0,-10.024046553099586,U/USDG Pancake v3 1bp,0x090f2f033c16fe92e28f0204435590548aedc3f0,485,0.5,720,0.0,1.00217308377504,0.997148319846407,35513889.81770265,6.820414403296827,32.140504614146856,-0.8323360142613812,-0.2506934186311316,-0.5831043999847685,-1.1458430252704432,2.9807585539576196,98.35051546391752,3,0,0.19794641526857526
50,3,24,25.0,-10.854693679909921,U/USDG Pancake v3 1bp,0x090f2f033c16fe92e28f0204435590548aedc3f0,485,0.5,720,75.0,1.00217308377504,0.997148319846407,35513889.81770265,1.7048722711399378,32.13244415778856,-0.8832455054166521,-0.2506934186311316,-0.634141838639779,-1.1885085644788185,2.9849551069907396,98.35051546391752,3,0,0.19794641526857526
50,3,72,100.0,-11.682745437453423,U/USDG Pancake v3 1bp,0x090f2f033c16fe92e28f0204435590548aedc3f0,485,0.5,720,0.0,1.00217308377504,0.997148319846407,35513889.81770265,6.587890797130698,32.120169561796345,-0.9344439068366794,-0.2506934186311316,-0.6854689136588599,-1.1562357619558594,2.8610247632457093,94.63917525773195,3,0,0.19794641526857526
50,3,72,25.0,-12.470495885631806,U/USDG Pancake v3 1bp,0x090f2f033c16fe92e28f0204435590548aedc3f0,485,0.5,720,75.0,1.00217308377504,0.997148319846407,35513889.81770265,1.6467600957457404,32.11177106177911,-0.9835731184709262,-0.2506934186311316,-0.7347215985325728,-1.197355218566143,2.862972533515312,94.63917525773195,3,0,0.19794641526857526
50,3,168,100.0,-9.859587835433736,U/USDG Pancake v3 1bp,0x090f2f033c16fe92e28f0204435590548aedc3f0,485,0.5,720,0.0,1.00217308377504,0.997148319846407,35513889.81770265,6.29853484731075,32.145929083516705,-0.8223091875102173,-0.2506934186311316,-0.5730523734646775,-1.1562357619558594,3.128723346116971,89.27835051546393,3,0,0.19794641526857526
50,3,168,25.0,-10.627780445859802,U/USDG Pancake v3 1bp,0x090f2f033c16fe92e28f0204435590548aedc3f0,485,0.5,720,75.0,1.00217308377504,0.997148319846407,35513889.81770265,1.5744605133330314,32.1371133743006,-0.8692938910011438,-0.2506934186311316,-0.6201551605428013,-1.197355218566143,3.132542869802128,89.27835051546393,3,0,0.19794641526857526
50,6,24,100.0,-1.060160834558288,U/USDG Pancake v3 1bp,0x090f2f033c16fe92e28f0204435590548aedc3f0,485,0.5,720,0.0,1.00217308377504,0.997148319846407,35513889.81770265,6.763105512933198,0.0,-0.3095375948064416,-0.2506934186311316,-0.05899206540078694,-1.141618416643475,4.344854957598914,96.90721649484536,0,0,0.19794641526857526
50,6,24,25.0,-1.9654833641175373,U/USDG Pancake v3 1bp,0x090f2f033c16fe92e28f0204435590548aedc3f0,485,0.5,720,75.0,1.00217308377504,0.997148319846407,35513889.81770265,1.6907763782332994,0.0,-0.36026088615345175,-0.2506934186311316,-0.10984283628372449,-1.1579293819842351,4.348703100187459,96.90721649484536,0,0,0.19794641526857526
50,6,72,100.0,-1.060160834558288,U/USDG Pancake v3 1bp,0x090f2f033c16fe92e28f0204435590548aedc3f0,485,0.5,720,0.0,1.00217308377504,0.997148319846407,35513889.81770265,6.763105512933198,0.0,-0.3095375948064416,-0.2506934186311316,-0.05899206540078694,-1.141618416643475,4.344854957598914,96.90721649484536,0,0,0.19794641526857526
50,6,72,25.0,-1.9654833641175373,U/USDG Pancake v3 1bp,0x090f2f033c16fe92e28f0204435590548aedc3f0,485,0.5,720,75.0,1.00217308377504,0.997148319846407,35513889.81770265,1.6907763782332994,0.0,-0.36026088615345175,-0.2506934186311316,-0.10984283628372449,-1.1579293819842351,4.348703100187459,96.90721649484536,0,0,0.19794641526857526
50,6,168,100.0,-1.060160834558288,U/USDG Pancake v3 1bp,0x090f2f033c16fe92e28f0204435590548aedc3f0,485,0.5,720,0.0,1.00217308377504,0.997148319846407,35513889.81770265,6.763105512933198,0.0,-0.3095375948064416,-0.2506934186311316,-0.05899206540078694,-1.141618416643475,4.344854957598914,96.90721649484536,0,0,0.19794641526857526
50,6,168,25.0,-1.9654833641175373,U/USDG Pancake v3 1bp,0x090f2f033c16fe92e28f0204435590548aedc3f0,485,0.5,720,75.0,1.00217308377504,0.997148319846407,35513889.81770265,1.6907763782332994,0.0,-0.36026088615345175,-0.2506934186311316,-0.10984283628372449,-1.1579293819842351,4.348703100187459,96.90721649484536,0,0,0.19794641526857526
50,12,24,100.0,-1.060160834558288,U/USDG Pancake v3 1bp,0x090f2f033c16fe92e28f0204435590548aedc3f0,485,0.5,720,0.0,1.00217308377504,0.997148319846407,35513889.81770265,6.763105512933198,0.0,-0.3095375948064416,-0.2506934186311316,-0.05899206540078694,-1.141618416643475,4.344854957598914,96.90721649484536,0,0,0.19794641526857526
50,12,24,25.0,-1.9654833641175373,U/USDG Pancake v3 1bp,0x090f2f033c16fe92e28f0204435590548aedc3f0,485,0.5,720,75.0,1.00217308377504,0.997148319846407,35513889.81770265,1.6907763782332994,0.0,-0.36026088615345175,-0.2506934186311316,-0.10984283628372449,-1.1579293819842351,4.348703100187459,96.90721649484536,0,0,0.19794641526857526
50,12,72,100.0,-1.060160834558288,U/USDG Pancake v3 1bp,0x090f2f033c16fe92e28f0204435590548aedc3f0,485,0.5,720,0.0,1.00217308377504,0.997148319846407,35513889.81770265,6.763105512933198,0.0,-0.3095375948064416,-0.2506934186311316,-0.05899206540078694,-1.141618416643475,4.344854957598914,96.90721649484536,0,0,0.19794641526857526
50,12,72,25.0,-1.9654833641175373,U/USDG Pancake v3 1bp,0x090f2f033c16fe92e28f0204435590548aedc3f0,485,0.5,720,75.0,1.00217308377504,0.997148319846407,35513889.81770265,1.6907763782332994,0.0,-0.36026088615345175,-0.2506934186311316,-0.10984283628372449,-1.1579293819842351,4.348703100187459,96.90721649484536,0,0,0.19794641526857526
50,12,168,100.0,-1.060160834558288,U/USDG Pancake v3 1bp,0x090f2f033c16fe92e28f0204435590548aedc3f0,485,0.5,720,0.0,1.00217308377504,0.997148319846407,35513889.81770265,6.763105512933198,0.0,-0.3095375948064416,-0.2506934186311316,-0.05899206540078694,-1.141618416643475,4.344854957598914,96.90721649484536,0,0,0.19794641526857526
50,12,168,25.0,-1.9654833641175373,U/USDG Pancake v3 1bp,0x090f2f033c16fe92e28f0204435590548aedc3f0,485,0.5,720,75.0,1.00217308377504,0.997148319846407,35513889.81770265,1.6907763782332994,0.0,-0.36026088615345175,-0.2506934186311316,-0.10984283628372449,-1.1579293819842351,4.348703100187459,96.90721649484536,0,0,0.19794641526857526
50,24,24,100.0,-1.060160834558288,U/USDG Pancake v3 1bp,0x090f2f033c16fe92e28f0204435590548aedc3f0,485,0.5,720,0.0,1.00217308377504,0.997148319846407,35513889.81770265,6.763105512933198,0.0,-0.3095375948064416,-0.2506934186311316,-0.05899206540078694,-1.141618416643475,4.344854957598914,96.90721649484536,0,0,0.19794641526857526
50,24,24,25.0,-1.9654833641175373,U/USDG Pancake v3 1bp,0x090f2f033c16fe92e28f0204435590548aedc3f0,485,0.5,720,75.0,1.00217308377504,0.997148319846407,35513889.81770265,1.6907763782332994,0.0,-0.36026088615345175,-0.2506934186311316,-0.10984283628372449,-1.1579293819842351,4.348703100187459,96.90721649484536,0,0,0.19794641526857526
50,24,72,100.0,-1.060160834558288,U/USDG Pancake v3 1bp,0x090f2f033c16fe92e28f0204435590548aedc3f0,485,0.5,720,0.0,1.00217308377504,0.997148319846407,35513889.81770265,6.763105512933198,0.0,-0.3095375948064416,-0.2506934186311316,-0.05899206540078694,-1.141618416643475,4.344854957598914,96.90721649484536,0,0,0.19794641526857526
50,24,72,25.0,-1.9654833641175373,U/USDG Pancake v3 1bp,0x090f2f033c16fe92e28f0204435590548aedc3f0,485,0.5,720,75.0,1.00217308377504,0.997148319846407,35513889.81770265,1.6907763782332994,0.0,-0.36026088615345175,-0.2506934186311316,-0.10984283628372449,-1.1579293819842351,4.348703100187459,96.90721649484536,0,0,0.19794641526857526
50,24,168,100.0,-1.060160834558288,U/USDG Pancake v3 1bp,0x090f2f033c16fe92e28f0204435590548aedc3f0,485,0.5,720,0.0,1.00217308377504,0.997148319846407,35513889.81770265,6.763105512933198,0.0,-0.3095375948064416,-0.2506934186311316,-0.05899206540078694,-1.141618416643475,4.344854957598914,96.90721649484536,0,0,0.19794641526857526
50,24,168,25.0,-1.9654833641175373,U/USDG Pancake v3 1bp,0x090f2f033c16fe92e28f0204435590548aedc3f0,485,0.5,720,75.0,1.00217308377504,0.997148319846407,35513889.81770265,1.6907763782332994,0.0,-0.36026088615345175,-0.2506934186311316,-0.10984283628372449,-1.1579293819842351,4.348703100187459,96.90721649484536,0,0,0.19794641526857526
75,3,24,100.0,-0.6815733806908697,U/USDG Pancake v3 1bp,0x090f2f033c16fe92e28f0204435590548aedc3f0,485,0.75,720,0.0,1.00217308377504,0.997148319846407,35513889.81770265,4.671660755344664,0.0,-0.28845604197155206,-0.2506934186311316,-0.03785752967577771,-1.148840103258908,4.100989375368409,99.58762886597938,0,0,0.13229749720391407
75,3,24,25.0,-1.3100338228153263,U/USDG Pancake v3 1bp,0x090f2f033c16fe92e28f0204435590548aedc3f0,485,0.75,720,75.0,1.00217308377504,0.997148319846407,35513889.81770265,1.167915188836166,0.0,-0.3234934976366288,-0.2506934186311316,-0.07298304269024447,-1.1597348488762593,4.104054528137134,99.58762886597938,0,0,0.13229749720391407
75,3,72,100.0,-0.6815733806908697,U/USDG Pancake v3 1bp,0x090f2f033c16fe92e28f0204435590548aedc3f0,485,0.75,720,0.0,1.00217308377504,0.997148319846407,35513889.81770265,4.671660755344664,0.0,-0.28845604197155206,-0.2506934186311316,-0.03785752967577771,-1.148840103258908,4.100989375368409,99.58762886597938,0,0,0.13229749720391407
75,3,72,25.0,-1.3100338228153263,U/USDG Pancake v3 1bp,0x090f2f033c16fe92e28f0204435590548aedc3f0,485,0.75,720,75.0,1.00217308377504,0.997148319846407,35513889.81770265,1.167915188836166,0.0,-0.3234934976366288,-0.2506934186311316,-0.07298304269024447,-1.1597348488762593,4.104054528137134,99.58762886597938,0,0,0.13229749720391407
75,3,168,100.0,-0.6815733806908697,U/USDG Pancake v3 1bp,0x090f2f033c16fe92e28f0204435590548aedc3f0,485,0.75,720,0.0,1.00217308377504,0.997148319846407,35513889.81770265,4.671660755344664,0.0,-0.28845604197155206,-0.2506934186311316,-0.03785752967577771,-1.148840103258908,4.100989375368409,99.58762886597938,0,0,0.13229749720391407
75,3,168,25.0,-1.3100338228153263,U/USDG Pancake v3 1bp,0x090f2f033c16fe92e28f0204435590548aedc3f0,485,0.75,720,75.0,1.00217308377504,0.997148319846407,35513889.81770265,1.167915188836166,0.0,-0.3234934976366288,-0.2506934186311316,-0.07298304269024447,-1.1597348488762593,4.104054528137134,99.58762886597938,0,0,0.13229749720391407
75,6,24,100.0,-0.6815733806908697,U/USDG Pancake v3 1bp,0x090f2f033c16fe92e28f0204435590548aedc3f0,485,0.75,720,0.0,1.00217308377504,0.997148319846407,35513889.81770265,4.671660755344664,0.0,-0.28845604197155206,-0.2506934186311316,-0.03785752967577771,-1.148840103258908,4.100989375368409,99.58762886597938,0,0,0.13229749720391407
75,6,24,25.0,-1.3100338228153263,U/USDG Pancake v3 1bp,0x090f2f033c16fe92e28f0204435590548aedc3f0,485,0.75,720,75.0,1.00217308377504,0.997148319846407,35513889.81770265,1.167915188836166,0.0,-0.3234934976366288,-0.2506934186311316,-0.07298304269024447,-1.1597348488762593,4.104054528137134,99.58762886597938,0,0,0.13229749720391407
75,6,72,100.0,-0.6815733806908697,U/USDG Pancake v3 1bp,0x090f2f033c16fe92e28f0204435590548aedc3f0,485,0.75,720,0.0,1.00217308377504,0.997148319846407,35513889.81770265,4.671660755344664,0.0,-0.28845604197155206,-0.2506934186311316,-0.03785752967577771,-1.148840103258908,4.100989375368409,99.58762886597938,0,0,0.13229749720391407
75,6,72,25.0,-1.3100338228153263,U/USDG Pancake v3 1bp,0x090f2f033c16fe92e28f0204435590548aedc3f0,485,0.75,720,75.0,1.00217308377504,0.997148319846407,35513889.81770265,1.167915188836166,0.0,-0.3234934976366288,-0.2506934186311316,-0.07298304269024447,-1.1597348488762593,4.104054528137134,99.58762886597938,0,0,0.13229749720391407
75,6,168,100.0,-0.6815733806908697,U/USDG Pancake v3 1bp,0x090f2f033c16fe92e28f0204435590548aedc3f0,485,0.75,720,0.0,1.00217308377504,0.997148319846407,35513889.81770265,4.671660755344664,0.0,-0.28845604197155206,-0.2506934186311316,-0.03785752967577771,-1.148840103258908,4.100989375368409,99.58762886597938,0,0,0.13229749720391407
75,6,168,25.0,-1.3100338228153263,U/USDG Pancake v3 1bp,0x090f2f033c16fe92e28f0204435590548aedc3f0,485,0.75,720,75.0,1.00217308377504,0.997148319846407,35513889.81770265,1.167915188836166,0.0,-0.3234934976366288,-0.2506934186311316,-0.07298304269024447,-1.1597348488762593,4.104054528137134,99.58762886597938,0,0,0.13229749720391407
75,12,24,100.0,-0.6815733806908697,U/USDG Pancake v3 1bp,0x090f2f033c16fe92e28f0204435590548aedc3f0,485,0.75,720,0.0,1.00217308377504,0.997148319846407,35513889.81770265,4.671660755344664,0.0,-0.28845604197155206,-0.2506934186311316,-0.03785752967577771,-1.148840103258908,4.100989375368409,99.58762886597938,0,0,0.13229749720391407
75,12,24,25.0,-1.3100338228153263,U/USDG Pancake v3 1bp,0x090f2f033c16fe92e28f0204435590548aedc3f0,485,0.75,720,75.0,1.00217308377504,0.997148319846407,35513889.81770265,1.167915188836166,0.0,-0.3234934976366288,-0.2506934186311316,-0.07298304269024447,-1.1597348488762593,4.104054528137134,99.58762886597938,0,0,0.13229749720391407
75,12,72,100.0,-0.6815733806908697,U/USDG Pancake v3 1bp,0x090f2f033c16fe92e28f0204435590548aedc3f0,485,0.75,720,0.0,1.00217308377504,0.997148319846407,35513889.81770265,4.671660755344664,0.0,-0.28845604197155206,-0.2506934186311316,-0.03785752967577771,-1.148840103258908,4.100989375368409,99.58762886597938,0,0,0.13229749720391407
75,12,72,25.0,-1.3100338228153263,U/USDG Pancake v3 1bp,0x090f2f033c16fe92e28f0204435590548aedc3f0,485,0.75,720,75.0,1.00217308377504,0.997148319846407,35513889.81770265,1.167915188836166,0.0,-0.3234934976366288,-0.2506934186311316,-0.07298304269024447,-1.1597348488762593,4.104054528137134,99.58762886597938,0,0,0.13229749720391407
75,12,168,100.0,-0.6815733806908697,U/USDG Pancake v3 1bp,0x090f2f033c16fe92e28f0204435590548aedc3f0,485,0.75,720,0.0,1.00217308377504,0.997148319846407,35513889.81770265,4.671660755344664,0.0,-0.28845604197155206,-0.2506934186311316,-0.03785752967577771,-1.148840103258908,4.100989375368409,99.58762886597938,0,0,0.13229749720391407
75,12,168,25.0,-1.3100338228153263,U/USDG Pancake v3 1bp,0x090f2f033c16fe92e28f0204435590548aedc3f0,485,0.75,720,75.0,1.00217308377504,0.997148319846407,35513889.81770265,1.167915188836166,0.0,-0.3234934976366288,-0.2506934186311316,-0.07298304269024447,-1.1597348488762593,4.104054528137134,99.58762886597938,0,0,0.13229749720391407
75,24,24,100.0,-0.6815733806908697,U/USDG Pancake v3 1bp,0x090f2f033c16fe92e28f0204435590548aedc3f0,485,0.75,720,0.0,1.00217308377504,0.997148319846407,35513889.81770265,4.671660755344664,0.0,-0.28845604197155206,-0.2506934186311316,-0.03785752967577771,-1.148840103258908,4.100989375368409,99.58762886597938,0,0,0.13229749720391407
75,24,24,25.0,-1.3100338228153263,U/USDG Pancake v3 1bp,0x090f2f033c16fe92e28f0204435590548aedc3f0,485,0.75,720,75.0,1.00217308377504,0.997148319846407,35513889.81770265,1.167915188836166,0.0,-0.3234934976366288,-0.2506934186311316,-0.07298304269024447,-1.1597348488762593,4.104054528137134,99.58762886597938,0,0,0.13229749720391407
75,24,72,100.0,-0.6815733806908697,U/USDG Pancake v3 1bp,0x090f2f033c16fe92e28f0204435590548aedc3f0,485,0.75,720,0.0,1.00217308377504,0.997148319846407,35513889.81770265,4.671660755344664,0.0,-0.28845604197155206,-0.2506934186311316,-0.03785752967577771,-1.148840103258908,4.100989375368409,99.58762886597938,0,0,0.13229749720391407
75,24,72,25.0,-1.3100338228153263,U/USDG Pancake v3 1bp,0x090f2f033c16fe92e28f0204435590548aedc3f0,485,0.75,720,75.0,1.00217308377504,0.997148319846407,35513889.81770265,1.167915188836166,0.0,-0.3234934976366288,-0.2506934186311316,-0.07298304269024447,-1.1597348488762593,4.104054528137134,99.58762886597938,0,0,0.13229749720391407
75,24,168,100.0,-0.6815733806908697,U/USDG Pancake v3 1bp,0x090f2f033c16fe92e28f0204435590548aedc3f0,485,0.75,720,0.0,1.00217308377504,0.997148319846407,35513889.81770265,4.671660755344664,0.0,-0.28845604197155206,-0.2506934186311316,-0.03785752967577771,-1.148840103258908,4.100989375368409,99.58762886597938,0,0,0.13229749720391407
75,24,168,25.0,-1.3100338228153263,U/USDG Pancake v3 1bp,0x090f2f033c16fe92e28f0204435590548aedc3f0,485,0.75,720,75.0,1.00217308377504,0.997148319846407,35513889.81770265,1.167915188836166,0.0,-0.3234934976366288,-0.2506934186311316,-0.07298304269024447,-1.1597348488762593,4.104054528137134,99.58762886597938,0,0,0.13229749720391407
100,3,24,100.0,-0.5123347055448257,U/USDG Pancake v3 1bp,0x090f2f033c16fe92e28f0204435590548aedc3f0,485,1.0,720,0.0,1.00217308377504,0.997148319846407,35513889.81770265,3.511423795428807,0.0,-0.279056567521041,-0.2506934186311316,-0.028434432139912147,-1.1524545633508243,4.086553312513673,99.58762886597938,0,0,0.09944056387785083
100,3,24,25.0,-0.9858255335103427,U/USDG Pancake v3 1bp,0x090f2f033c16fe92e28f0204435590548aedc3f0,485,1.0,720,75.0,1.00217308377504,0.997148319846407,35513889.81770265,0.8778559488572018,0.0,-0.3053922459867686,-0.2506934186311316,-0.05483629834661663,-1.1606384797772318,4.088947439034391,99.58762886597938,0,0,0.09944056387785083
100,3,72,100.0,-0.5123347055448257,U/USDG Pancake v3 1bp,0x090f2f033c16fe92e28f0204435590548aedc3f0,485,1.0,720,0.0,1.00217308377504,0.997148319846407,35513889.81770265,3.511423795428807,0.0,-0.279056567521041,-0.2506934186311316,-0.028434432139912147,-1.1524545633508243,4.086553312513673,99.58762886597938,0,0,0.09944056387785083
100,3,72,25.0,-0.9858255335103427,U/USDG Pancake v3 1bp,0x090f2f033c16fe92e28f0204435590548aedc3f0,485,1.0,720,75.0,1.00217308377504,0.997148319846407,35513889.81770265,0.8778559488572018,0.0,-0.3053922459867686,-0.2506934186311316,-0.05483629834661663,-1.1606384797772318,4.088947439034391,99.58762886597938,0,0,0.09944056387785083
100,3,168,100.0,-0.5123347055448257,U/USDG Pancake v3 1bp,0x090f2f033c16fe92e28f0204435590548aedc3f0,485,1.0,720,0.0,1.00217308377504,0.997148319846407,35513889.81770265,3.511423795428807,0.0,-0.279056567521041,-0.2506934186311316,-0.028434432139912147,-1.1524545633508243,4.086553312513673,99.58762886597938,0,0,0.09944056387785083
100,3,168,25.0,-0.9858255335103427,U/USDG Pancake v3 1bp,0x090f2f033c16fe92e28f0204435590548aedc3f0,485,1.0,720,75.0,1.00217308377504,0.997148319846407,35513889.81770265,0.8778559488572018,0.0,-0.3053922459867686,-0.2506934186311316,-0.05483629834661663,-1.1606384797772318,4.088947439034391,99.58762886597938,0,0,0.09944056387785083
100,6,24,100.0,-0.5123347055448257,U/USDG Pancake v3 1bp,0x090f2f033c16fe92e28f0204435590548aedc3f0,485,1.0,720,0.0,1.00217308377504,0.997148319846407,35513889.81770265,3.511423795428807,0.0,-0.279056567521041,-0.2506934186311316,-0.028434432139912147,-1.1524545633508243,4.086553312513673,99.58762886597938,0,0,0.09944056387785083
100,6,24,25.0,-0.9858255335103427,U/USDG Pancake v3 1bp,0x090f2f033c16fe92e28f0204435590548aedc3f0,485,1.0,720,75.0,1.00217308377504,0.997148319846407,35513889.81770265,0.8778559488572018,0.0,-0.3053922459867686,-0.2506934186311316,-0.05483629834661663,-1.1606384797772318,4.088947439034391,99.58762886597938,0,0,0.09944056387785083
100,6,72,100.0,-0.5123347055448257,U/USDG Pancake v3 1bp,0x090f2f033c16fe92e28f0204435590548aedc3f0,485,1.0,720,0.0,1.00217308377504,0.997148319846407,35513889.81770265,3.511423795428807,0.0,-0.279056567521041,-0.2506934186311316,-0.028434432139912147,-1.1524545633508243,4.086553312513673,99.58762886597938,0,0,0.09944056387785083
100,6,72,25.0,-0.9858255335103427,U/USDG Pancake v3 1bp,0x090f2f033c16fe92e28f0204435590548aedc3f0,485,1.0,720,75.0,1.00217308377504,0.997148319846407,35513889.81770265,0.8778559488572018,0.0,-0.3053922459867686,-0.2506934186311316,-0.05483629834661663,-1.1606384797772318,4.088947439034391,99.58762886597938,0,0,0.09944056387785083
100,6,168,100.0,-0.5123347055448257,U/USDG Pancake v3 1bp,0x090f2f033c16fe92e28f0204435590548aedc3f0,485,1.0,720,0.0,1.00217308377504,0.997148319846407,35513889.81770265,3.511423795428807,0.0,-0.279056567521041,-0.2506934186311316,-0.028434432139912147,-1.1524545633508243,4.086553312513673,99.58762886597938,0,0,0.09944056387785083
100,6,168,25.0,-0.9858255335103427,U/USDG Pancake v3 1bp,0x090f2f033c16fe92e28f0204435590548aedc3f0,485,1.0,720,75.0,1.00217308377504,0.997148319846407,35513889.81770265,0.8778559488572018,0.0,-0.3053922459867686,-0.2506934186311316,-0.05483629834661663,-1.1606384797772318,4.088947439034391,99.58762886597938,0,0,0.09944056387785083
100,12,24,100.0,-0.5123347055448257,U/USDG Pancake v3 1bp,0x090f2f033c16fe92e28f0204435590548aedc3f0,485,1.0,720,0.0,1.00217308377504,0.997148319846407,35513889.81770265,3.511423795428807,0.0,-0.279056567521041,-0.2506934186311316,-0.028434432139912147,-1.1524545633508243,4.086553312513673,99.58762886597938,0,0,0.09944056387785083
100,12,24,25.0,-0.9858255335103427,U/USDG Pancake v3 1bp,0x090f2f033c16fe92e28f0204435590548aedc3f0,485,1.0,720,75.0,1.00217308377504,0.997148319846407,35513889.81770265,0.8778559488572018,0.0,-0.3053922459867686,-0.2506934186311316,-0.05483629834661663,-1.1606384797772318,4.088947439034391,99.58762886597938,0,0,0.09944056387785083
100,12,72,100.0,-0.5123347055448257,U/USDG Pancake v3 1bp,0x090f2f033c16fe92e28f0204435590548aedc3f0,485,1.0,720,0.0,1.00217308377504,0.997148319846407,35513889.81770265,3.511423795428807,0.0,-0.279056567521041,-0.2506934186311316,-0.028434432139912147,-1.1524545633508243,4.086553312513673,99.58762886597938,0,0,0.09944056387785083
100,12,72,25.0,-0.9858255335103427,U/USDG Pancake v3 1bp,0x090f2f033c16fe92e28f0204435590548aedc3f0,485,1.0,720,75.0,1.00217308377504,0.997148319846407,35513889.81770265,0.8778559488572018,0.0,-0.3053922459867686,-0.2506934186311316,-0.05483629834661663,-1.1606384797772318,4.088947439034391,99.58762886597938,0,0,0.09944056387785083
100,12,168,100.0,-0.5123347055448257,U/USDG Pancake v3 1bp,0x090f2f033c16fe92e28f0204435590548aedc3f0,485,1.0,720,0.0,1.00217308377504,0.997148319846407,35513889.81770265,3.511423795428807,0.0,-0.279056567521041,-0.2506934186311316,-0.028434432139912147,-1.1524545633508243,4.086553312513673,99.58762886597938,0,0,0.09944056387785083
100,12,168,25.0,-0.9858255335103427,U/USDG Pancake v3 1bp,0x090f2f033c16fe92e28f0204435590548aedc3f0,485,1.0,720,75.0,1.00217308377504,0.997148319846407,35513889.81770265,0.8778559488572018,0.0,-0.3053922459867686,-0.2506934186311316,-0.05483629834661663,-1.1606384797772318,4.088947439034391,99.58762886597938,0,0,0.09944056387785083
100,24,24,100.0,-0.5123347055448257,U/USDG Pancake v3 1bp,0x090f2f033c16fe92e28f0204435590548aedc3f0,485,1.0,720,0.0,1.00217308377504,0.997148319846407,35513889.81770265,3.511423795428807,0.0,-0.279056567521041,-0.2506934186311316,-0.028434432139912147,-1.1524545633508243,4.086553312513673,99.58762886597938,0,0,0.09944056387785083
100,24,24,25.0,-0.9858255335103427,U/USDG Pancake v3 1bp,0x090f2f033c16fe92e28f0204435590548aedc3f0,485,1.0,720,75.0,1.00217308377504,0.997148319846407,35513889.81770265,0.8778559488572018,0.0,-0.3053922459867686,-0.2506934186311316,-0.05483629834661663,-1.1606384797772318,4.088947439034391,99.58762886597938,0,0,0.09944056387785083
100,24,72,100.0,-0.5123347055448257,U/USDG Pancake v3 1bp,0x090f2f033c16fe92e28f0204435590548aedc3f0,485,1.0,720,0.0,1.00217308377504,0.997148319846407,35513889.81770265,3.511423795428807,0.0,-0.279056567521041,-0.2506934186311316,-0.028434432139912147,-1.1524545633508243,4.086553312513673,99.58762886597938,0,0,0.09944056387785083
100,24,72,25.0,-0.9858255335103427,U/USDG Pancake v3 1bp,0x090f2f033c16fe92e28f0204435590548aedc3f0,485,1.0,720,75.0,1.00217308377504,0.997148319846407,35513889.81770265,0.8778559488572018,0.0,-0.3053922459867686,-0.2506934186311316,-0.05483629834661663,-1.1606384797772318,4.088947439034391,99.58762886597938,0,0,0.09944056387785083
100,24,168,100.0,-0.5123347055448257,U/USDG Pancake v3 1bp,0x090f2f033c16fe92e28f0204435590548aedc3f0,485,1.0,720,0.0,1.00217308377504,0.997148319846407,35513889.81770265,3.511423795428807,0.0,-0.279056567521041,-0.2506934186311316,-0.028434432139912147,-1.1524545633508243,4.086553312513673,99.58762886597938,0,0,0.09944056387785083
100,24,168,25.0,-0.9858255335103427,U/USDG Pancake v3 1bp,0x090f2f033c16fe92e28f0204435590548aedc3f0,485,1.0,720,75.0,1.00217308377504,0.997148319846407,35513889.81770265,0.8778559488572018,0.0,-0.3053922459867686,-0.2506934186311316,-0.05483629834661663,-1.1606384797772318,4.088947439034391,99.58762886597938,0,0,0.09944056387785083
150,3,24,100.0,-0.3405326847895074,U/USDG Pancake v3 1bp,0x090f2f033c16fe92e28f0204435590548aedc3f0,485,1.5,720,0.0,1.00217308377504,0.997148319846407,35513889.81770265,2.3638702628905084,0.0,-0.26953016192899915,-0.2506934186311316,-0.018884084454762196,-1.168845236231475,4.360278128817324,100.0,0,0,0.0665618515748221
150,3,24,25.0,-0.660039015815761,U/USDG Pancake v3 1bp,0x090f2f033c16fe92e28f0204435590548aedc3f0,485,1.5,720,75.0,1.00217308377504,0.997148319846407,35513889.81770265,0.5909675657226271,0.0,-0.28725918890067925,-0.2506934186311316,-0.036657668632233964,-1.1743313940869915,4.361769907918785,100.0,0,0,0.0665618515748221
150,3,72,100.0,-0.3405326847895074,U/USDG Pancake v3 1bp,0x090f2f033c16fe92e28f0204435590548aedc3f0,485,1.5,720,0.0,1.00217308377504,0.997148319846407,35513889.81770265,2.3638702628905084,0.0,-0.26953016192899915,-0.2506934186311316,-0.018884084454762196,-1.168845236231475,4.360278128817324,100.0,0,0,0.0665618515748221
150,3,72,25.0,-0.660039015815761,U/USDG Pancake v3 1bp,0x090f2f033c16fe92e28f0204435590548aedc3f0,485,1.5,720,75.0,1.00217308377504,0.997148319846407,35513889.81770265,0.5909675657226271,0.0,-0.28725918890067925,-0.2506934186311316,-0.036657668632233964,-1.1743313940869915,4.361769907918785,100.0,0,0,0.0665618515748221
150,3,168,100.0,-0.3405326847895074,U/USDG Pancake v3 1bp,0x090f2f033c16fe92e28f0204435590548aedc3f0,485,1.5,720,0.0,1.00217308377504,0.997148319846407,35513889.81770265,2.3638702628905084,0.0,-0.26953016192899915,-0.2506934186311316,-0.018884084454762196,-1.168845236231475,4.360278128817324,100.0,0,0,0.0665618515748221
150,3,168,25.0,-0.660039015815761,U/USDG Pancake v3 1bp,0x090f2f033c16fe92e28f0204435590548aedc3f0,485,1.5,720,75.0,1.00217308377504,0.997148319846407,35513889.81770265,0.5909675657226271,0.0,-0.28725918890067925,-0.2506934186311316,-0.036657668632233964,-1.1743313940869915,4.361769907918785,100.0,0,0,0.0665618515748221
150,6,24,100.0,-0.3405326847895074,U/USDG Pancake v3 1bp,0x090f2f033c16fe92e28f0204435590548aedc3f0,485,1.5,720,0.0,1.00217308377504,0.997148319846407,35513889.81770265,2.3638702628905084,0.0,-0.26953016192899915,-0.2506934186311316,-0.018884084454762196,-1.168845236231475,4.360278128817324,100.0,0,0,0.0665618515748221
150,6,24,25.0,-0.660039015815761,U/USDG Pancake v3 1bp,0x090f2f033c16fe92e28f0204435590548aedc3f0,485,1.5,720,75.0,1.00217308377504,0.997148319846407,35513889.81770265,0.5909675657226271,0.0,-0.28725918890067925,-0.2506934186311316,-0.036657668632233964,-1.1743313940869915,4.361769907918785,100.0,0,0,0.0665618515748221
150,6,72,100.0,-0.3405326847895074,U/USDG Pancake v3 1bp,0x090f2f033c16fe92e28f0204435590548aedc3f0,485,1.5,720,0.0,1.00217308377504,0.997148319846407,35513889.81770265,2.3638702628905084,0.0,-0.26953016192899915,-0.2506934186311316,-0.018884084454762196,-1.168845236231475,4.360278128817324,100.0,0,0,0.0665618515748221
150,6,72,25.0,-0.660039015815761,U/USDG Pancake v3 1bp,0x090f2f033c16fe92e28f0204435590548aedc3f0,485,1.5,720,75.0,1.00217308377504,0.997148319846407,35513889.81770265,0.5909675657226271,0.0,-0.28725918890067925,-0.2506934186311316,-0.036657668632233964,-1.1743313940869915,4.361769907918785,100.0,0,0,0.0665618515748221
150,6,168,100.0,-0.3405326847895074,U/USDG Pancake v3 1bp,0x090f2f033c16fe92e28f0204435590548aedc3f0,485,1.5,720,0.0,1.00217308377504,0.997148319846407,35513889.81770265,2.3638702628905084,0.0,-0.26953016192899915,-0.2506934186311316,-0.018884084454762196,-1.168845236231475,4.360278128817324,100.0,0,0,0.0665618515748221
150,6,168,25.0,-0.660039015815761,U/USDG Pancake v3 1bp,0x090f2f033c16fe92e28f0204435590548aedc3f0,485,1.5,720,75.0,1.00217308377504,0.997148319846407,35513889.81770265,0.5909675657226271,0.0,-0.28725918890067925,-0.2506934186311316,-0.036657668632233964,-1.1743313940869915,4.361769907918785,100.0,0,0,0.0665618515748221
150,12,24,100.0,-0.3405326847895074,U/USDG Pancake v3 1bp,0x090f2f033c16fe92e28f0204435590548aedc3f0,485,1.5,720,0.0,1.00217308377504,0.997148319846407,35513889.81770265,2.3638702628905084,0.0,-0.26953016192899915,-0.2506934186311316,-0.018884084454762196,-1.168845236231475,4.360278128817324,100.0,0,0,0.0665618515748221
150,12,24,25.0,-0.660039015815761,U/USDG Pancake v3 1bp,0x090f2f033c16fe92e28f0204435590548aedc3f0,485,1.5,720,75.0,1.00217308377504,0.997148319846407,35513889.81770265,0.5909675657226271,0.0,-0.28725918890067925,-0.2506934186311316,-0.036657668632233964,-1.1743313940869915,4.361769907918785,100.0,0,0,0.0665618515748221
150,12,72,100.0,-0.3405326847895074,U/USDG Pancake v3 1bp,0x090f2f033c16fe92e28f0204435590548aedc3f0,485,1.5,720,0.0,1.00217308377504,0.997148319846407,35513889.81770265,2.3638702628905084,0.0,-0.26953016192899915,-0.2506934186311316,-0.018884084454762196,-1.168845236231475,4.360278128817324,100.0,0,0,0.0665618515748221
150,12,72,25.0,-0.660039015815761,U/USDG Pancake v3 1bp,0x090f2f033c16fe92e28f0204435590548aedc3f0,485,1.5,720,75.0,1.00217308377504,0.997148319846407,35513889.81770265,0.5909675657226271,0.0,-0.28725918890067925,-0.2506934186311316,-0.036657668632233964,-1.1743313940869915,4.361769907918785,100.0,0,0,0.0665618515748221
150,12,168,100.0,-0.3405326847895074,U/USDG Pancake v3 1bp,0x090f2f033c16fe92e28f0204435590548aedc3f0,485,1.5,720,0.0,1.00217308377504,0.997148319846407,35513889.81770265,2.3638702628905084,0.0,-0.26953016192899915,-0.2506934186311316,-0.018884084454762196,-1.168845236231475,4.360278128817324,100.0,0,0,0.0665618515748221
150,12,168,25.0,-0.660039015815761,U/USDG Pancake v3 1bp,0x090f2f033c16fe92e28f0204435590548aedc3f0,485,1.5,720,75.0,1.00217308377504,0.997148319846407,35513889.81770265,0.5909675657226271,0.0,-0.28725918890067925,-0.2506934186311316,-0.036657668632233964,-1.1743313940869915,4.361769907918785,100.0,0,0,0.0665618515748221
150,24,24,100.0,-0.3405326847895074,U/USDG Pancake v3 1bp,0x090f2f033c16fe92e28f0204435590548aedc3f0,485,1.5,720,0.0,1.00217308377504,0.997148319846407,35513889.81770265,2.3638702628905084,0.0,-0.26953016192899915,-0.2506934186311316,-0.018884084454762196,-1.168845236231475,4.360278128817324,100.0,0,0,0.0665618515748221
150,24,24,25.0,-0.660039015815761,U/USDG Pancake v3 1bp,0x090f2f033c16fe92e28f0204435590548aedc3f0,485,1.5,720,75.0,1.00217308377504,0.997148319846407,35513889.81770265,0.5909675657226271,0.0,-0.28725918890067925,-0.2506934186311316,-0.036657668632233964,-1.1743313940869915,4.361769907918785,100.0,0,0,0.0665618515748221
150,24,72,100.0,-0.3405326847895074,U/USDG Pancake v3 1bp,0x090f2f033c16fe92e28f0204435590548aedc3f0,485,1.5,720,0.0,1.00217308377504,0.997148319846407,35513889.81770265,2.3638702628905084,0.0,-0.26953016192899915,-0.2506934186311316,-0.018884084454762196,-1.168845236231475,4.360278128817324,100.0,0,0,0.0665618515748221
150,24,72,25.0,-0.660039015815761,U/USDG Pancake v3 1bp,0x090f2f033c16fe92e28f0204435590548aedc3f0,485,1.5,720,75.0,1.00217308377504,0.997148319846407,35513889.81770265,0.5909675657226271,0.0,-0.28725918890067925,-0.2506934186311316,-0.036657668632233964,-1.1743313940869915,4.361769907918785,100.0,0,0,0.0665618515748221
150,24,168,100.0,-0.3405326847895074,U/USDG Pancake v3 1bp,0x090f2f033c16fe92e28f0204435590548aedc3f0,485,1.5,720,0.0,1.00217308377504,0.997148319846407,35513889.81770265,2.3638702628905084,0.0,-0.26953016192899915,-0.2506934186311316,-0.018884084454762196,-1.168845236231475,4.360278128817324,100.0,0,0,0.0665618515748221
150,24,168,25.0,-0.660039015815761,U/USDG Pancake v3 1bp,0x090f2f033c16fe92e28f0204435590548aedc3f0,485,1.5,720,75.0,1.00217308377504,0.997148319846407,35513889.81770265,0.5909675657226271,0.0,-0.28725918890067925,-0.2506934186311316,-0.036657668632233964,-1.1743313940869915,4.361769907918785,100.0,0,0,0.0665618515748221
300,3,24,100.0,-0.1722195923860026,U/USDG Pancake v3 1bp,0x090f2f033c16fe92e28f0204435590548aedc3f0,485,3.0,720,0.0,1.00217308377504,0.997148319846407,35513889.81770265,1.1954291358547111,0.0,-0.2602122490727554,-0.2506934186311094,-0.009542753496616374,-1.2057334487908244,4.871134770392803,100.0,0,0,0.03366088992197141
300,3,24,25.0,-0.33417573886801444,U/USDG Pancake v3 1bp,0x090f2f033c16fe92e28f0204435590548aedc3f0,485,3.0,720,75.0,1.00217308377504,0.997148319846407,35513889.81770265,0.2988572839636778,0.0,-0.26917796759166057,-0.2506934186311094,-0.01853100497041238,-1.2085038553410699,4.871900059425959,100.0,0,0,0.03366088992197141
300,3,72,100.0,-0.1722195923860026,U/USDG Pancake v3 1bp,0x090f2f033c16fe92e28f0204435590548aedc3f0,485,3.0,720,0.0,1.00217308377504,0.997148319846407,35513889.81770265,1.1954291358547111,0.0,-0.2602122490727554,-0.2506934186311094,-0.009542753496616374,-1.2057334487908244,4.871134770392803,100.0,0,0,0.03366088992197141
300,3,72,25.0,-0.33417573886801444,U/USDG Pancake v3 1bp,0x090f2f033c16fe92e28f0204435590548aedc3f0,485,3.0,720,75.0,1.00217308377504,0.997148319846407,35513889.81770265,0.2988572839636778,0.0,-0.26917796759166057,-0.2506934186311094,-0.01853100497041238,-1.2085038553410699,4.871900059425959,100.0,0,0,0.03366088992197141
300,3,168,100.0,-0.1722195923860026,U/USDG Pancake v3 1bp,0x090f2f033c16fe92e28f0204435590548aedc3f0,485,3.0,720,0.0,1.00217308377504,0.997148319846407,35513889.81770265,1.1954291358547111,0.0,-0.2602122490727554,-0.2506934186311094,-0.009542753496616374,-1.2057334487908244,4.871134770392803,100.0,0,0,0.03366088992197141
300,3,168,25.0,-0.33417573886801444,U/USDG Pancake v3 1bp,0x090f2f033c16fe92e28f0204435590548aedc3f0,485,3.0,720,75.0,1.00217308377504,0.997148319846407,35513889.81770265,0.2988572839636778,0.0,-0.26917796759166057,-0.2506934186311094,-0.01853100497041238,-1.2085038553410699,4.871900059425959,100.0,0,0,0.03366088992197141
300,6,24,100.0,-0.1722195923860026,U/USDG Pancake v3 1bp,0x090f2f033c16fe92e28f0204435590548aedc3f0,485,3.0,720,0.0,1.00217308377504,0.997148319846407,35513889.81770265,1.1954291358547111,0.0,-0.2602122490727554,-0.2506934186311094,-0.009542753496616374,-1.2057334487908244,4.871134770392803,100.0,0,0,0.03366088992197141
300,6,24,25.0,-0.33417573886801444,U/USDG Pancake v3 1bp,0x090f2f033c16fe92e28f0204435590548aedc3f0,485,3.0,720,75.0,1.00217308377504,0.997148319846407,35513889.81770265,0.2988572839636778,0.0,-0.26917796759166057,-0.2506934186311094,-0.01853100497041238,-1.2085038553410699,4.871900059425959,100.0,0,0,0.03366088992197141
300,6,72,100.0,-0.1722195923860026,U/USDG Pancake v3 1bp,0x090f2f033c16fe92e28f0204435590548aedc3f0,485,3.0,720,0.0,1.00217308377504,0.997148319846407,35513889.81770265,1.1954291358547111,0.0,-0.2602122490727554,-0.2506934186311094,-0.009542753496616374,-1.2057334487908244,4.871134770392803,100.0,0,0,0.03366088992197141
300,6,72,25.0,-0.33417573886801444,U/USDG Pancake v3 1bp,0x090f2f033c16fe92e28f0204435590548aedc3f0,485,3.0,720,75.0,1.00217308377504,0.997148319846407,35513889.81770265,0.2988572839636778,0.0,-0.26917796759166057,-0.2506934186311094,-0.01853100497041238,-1.2085038553410699,4.871900059425959,100.0,0,0,0.03366088992197141
300,6,168,100.0,-0.1722195923860026,U/USDG Pancake v3 1bp,0x090f2f033c16fe92e28f0204435590548aedc3f0,485,3.0,720,0.0,1.00217308377504,0.997148319846407,35513889.81770265,1.1954291358547111,0.0,-0.2602122490727554,-0.2506934186311094,-0.009542753496616374,-1.2057334487908244,4.871134770392803,100.0,0,0,0.03366088992197141
300,6,168,25.0,-0.33417573886801444,U/USDG Pancake v3 1bp,0x090f2f033c16fe92e28f0204435590548aedc3f0,485,3.0,720,75.0,1.00217308377504,0.997148319846407,35513889.81770265,0.2988572839636778,0.0,-0.26917796759166057,-0.2506934186311094,-0.01853100497041238,-1.2085038553410699,4.871900059425959,100.0,0,0,0.03366088992197141
300,12,24,100.0,-0.1722195923860026,U/USDG Pancake v3 1bp,0x090f2f033c16fe92e28f0204435590548aedc3f0,485,3.0,720,0.0,1.00217308377504,0.997148319846407,35513889.81770265,1.1954291358547111,0.0,-0.2602122490727554,-0.2506934186311094,-0.009542753496616374,-1.2057334487908244,4.871134770392803,100.0,0,0,0.03366088992197141
300,12,24,25.0,-0.33417573886801444,U/USDG Pancake v3 1bp,0x090f2f033c16fe92e28f0204435590548aedc3f0,485,3.0,720,75.0,1.00217308377504,0.997148319846407,35513889.81770265,0.2988572839636778,0.0,-0.26917796759166057,-0.2506934186311094,-0.01853100497041238,-1.2085038553410699,4.871900059425959,100.0,0,0,0.03366088992197141
300,12,72,100.0,-0.1722195923860026,U/USDG Pancake v3 1bp,0x090f2f033c16fe92e28f0204435590548aedc3f0,485,3.0,720,0.0,1.00217308377504,0.997148319846407,35513889.81770265,1.1954291358547111,0.0,-0.2602122490727554,-0.2506934186311094,-0.009542753496616374,-1.2057334487908244,4.871134770392803,100.0,0,0,0.03366088992197141
300,12,72,25.0,-0.33417573886801444,U/USDG Pancake v3 1bp,0x090f2f033c16fe92e28f0204435590548aedc3f0,485,3.0,720,75.0,1.00217308377504,0.997148319846407,35513889.81770265,0.2988572839636778,0.0,-0.26917796759166057,-0.2506934186311094,-0.01853100497041238,-1.2085038553410699,4.871900059425959,100.0,0,0,0.03366088992197141
300,12,168,100.0,-0.1722195923860026,U/USDG Pancake v3 1bp,0x090f2f033c16fe92e28f0204435590548aedc3f0,485,3.0,720,0.0,1.00217308377504,0.997148319846407,35513889.81770265,1.1954291358547111,0.0,-0.2602122490727554,-0.2506934186311094,-0.009542753496616374,-1.2057334487908244,4.871134770392803,100.0,0,0,0.03366088992197141
300,12,168,25.0,-0.33417573886801444,U/USDG Pancake v3 1bp,0x090f2f033c16fe92e28f0204435590548aedc3f0,485,3.0,720,75.0,1.00217308377504,0.997148319846407,35513889.81770265,0.2988572839636778,0.0,-0.26917796759166057,-0.2506934186311094,-0.01853100497041238,-1.2085038553410699,4.871900059425959,100.0,0,0,0.03366088992197141
300,24,24,100.0,-0.1722195923860026,U/USDG Pancake v3 1bp,0x090f2f033c16fe92e28f0204435590548aedc3f0,485,3.0,720,0.0,1.00217308377504,0.997148319846407,35513889.81770265,1.1954291358547111,0.0,-0.2602122490727554,-0.2506934186311094,-0.009542753496616374,-1.2057334487908244,4.871134770392803,100.0,0,0,0.03366088992197141
300,24,24,25.0,-0.33417573886801444,U/USDG Pancake v3 1bp,0x090f2f033c16fe92e28f0204435590548aedc3f0,485,3.0,720,75.0,1.00217308377504,0.997148319846407,35513889.81770265,0.2988572839636778,0.0,-0.26917796759166057,-0.2506934186311094,-0.01853100497041238,-1.2085038553410699,4.871900059425959,100.0,0,0,0.03366088992197141
300,24,72,100.0,-0.1722195923860026,U/USDG Pancake v3 1bp,0x090f2f033c16fe92e28f0204435590548aedc3f0,485,3.0,720,0.0,1.00217308377504,0.997148319846407,35513889.81770265,1.1954291358547111,0.0,-0.2602122490727554,-0.2506934186311094,-0.009542753496616374,-1.2057334487908244,4.871134770392803,100.0,0,0,0.03366088992197141
300,24,72,25.0,-0.33417573886801444,U/USDG Pancake v3 1bp,0x090f2f033c16fe92e28f0204435590548aedc3f0,485,3.0,720,75.0,1.00217308377504,0.997148319846407,35513889.81770265,0.2988572839636778,0.0,-0.26917796759166057,-0.2506934186311094,-0.01853100497041238,-1.2085038553410699,4.871900059425959,100.0,0,0,0.03366088992197141
300,24,168,100.0,-0.1722195923860026,U/USDG Pancake v3 1bp,0x090f2f033c16fe92e28f0204435590548aedc3f0,485,3.0,720,0.0,1.00217308377504,0.997148319846407,35513889.81770265,1.1954291358547111,0.0,-0.2602122490727554,-0.2506934186311094,-0.009542753496616374,-1.2057334487908244,4.871134770392803,100.0,0,0,0.03366088992197141
300,24,168,25.0,-0.33417573886801444,U/USDG Pancake v3 1bp,0x090f2f033c16fe92e28f0204435590548aedc3f0,485,3.0,720,75.0,1.00217308377504,0.997148319846407,35513889.81770265,0.2988572839636778,0.0,-0.26917796759166057,-0.2506934186311094,-0.01853100497041238,-1.2085038553410699,4.871900059425959,100.0,0,0,0.03366088992197141
