pool,address,hours,half_width_pct,dwell_hours,cooldown_hours,compound_hours,fee_haircut_pct,start_price,end_price,volume_usd,fees_to_position_usd,costs_usd,net_return_pct,hodl_return_pct,excess_vs_hodl_pct,max_drawdown_pct,annualized_vol_pct,time_in_range_pct,rebalances,compounds,initial_liquidity_share_pct,risk_score
AAPL/USDG 5bp,0xAae0d815EE56e4092a5E5C2911E676Fea50B2d6D,720,5.0,12,12,168,50.0,321.124427151027,340.776907565218,75347800.94791037,311.9948213350442,12.152937224518194,5.075024078029666,3.0599479131103724,1.9552466362763976,-1.864263434326574,10.935795696577314,100.0,1,4,1.6429816194635338,5.283316463557184
AMZN/USDG 30bp,0x8AC92DA74AB5F3b1d024Dc1943Ad7e15Dc4179Ef,720,5.0,12,12,168,50.0,265.515548583935,249.929378871911,30959574.711760618,412.4982834832763,11.71463043866689,0.00737862171356074,-2.935076645256629,3.0314300627595436,-3.5233723757380986,19.566644948437702,98.61111111111111,1,4,0.8899882701246525,0.19551477583898158
GLD/USDG 30bp,0x7A6A053eCCf1446A2633E05aA6D40D09381997ec,720,40.0,12,12,168,50.0,1194.17847814049,378.804726843648,80890687.29110202,41.92230600566102,5.515074137087775,-63.7969254813373,-34.13952630290652,-45.03064966527808,-67.10558957250595,232.76556323460164,97.36111111111111,1,4,0.05594598902288118,-102.21714700990566
GLD/USDG 5bp,0xBA2f1ed4cEB2169D538d1e614D847E83C5A55913,720,40.0,12,12,168,50.0,1181.24792187327,377.888816855069,115565033.37756258,11.426653114376034,5.528500865482176,-63.79224304490304,-34.00467802492309,-45.13587346574233,-66.91763022841903,231.5960208388753,97.36111111111111,1,4,0.061865330670301776,-102.1988325669484
NVDA/USDG 5bp,0xd4EB21209C4D6093f80B5b84f5C45cc093EA14a3,720,10.0,1,12,168,50.0,219.2009759544,230.260476433072,712708503.2171592,192.62000239527754,1.0922201378714709,3.785617022926302,2.5226850452008787,1.231856127420583,-3.8807092607339944,12.276412430512497,100.0,0,4,0.10734776903714005,3.318282179508515
QQQ/USDG 5bp,0xD60A5d14dB690B7Afad71F76B108071D7175597d,720,10.0,1,12,168,50.0,718.997299630227,736.154661764608,96028034.05884224,70.11387786667139,1.0344777249718886,1.7391780212792085,1.1931451024367545,0.5395947702679926,-1.4579221994908464,7.704569912119391,100.0,0,4,0.2913773090830682,1.5363198297592482
SPY/USDG 5bp,0xa7Bb1AC63BBaB0C44316E6c8C455213441689167,720,5.0,1,12,168,50.0,772.967799837271,770.012580917687,24376734.379261795,58.83092293034606,1.0285987188211725,0.37990971536199236,-0.19116054512269276,0.5721640123296456,-1.7345175220921716,7.82557971575598,100.0,0,4,0.96328064169148,0.13396842217677898
WETH/USDG 1bp,0x52e65B17fB6E5BA00Ed806f37Afcd2DaA50271Ca,720,5.0,12,72,72,50.0,2453.08,2700.14,15173615310.123281,611.9989819883256,25.38511066126365,7.129877787114269,5.035710209206368,1.993767237577404,-3.2291286946493414,18.726694019254097,97.22222222222221,2,9,0.08216260904497887,6.846713424709151
WETH/USDG 5bp,0x69BfaF19C9f377BB306a89aEd9F6B07e2c1a8d9a,720,5.0,12,72,72,50.0,2453.08,2700.14,647419120.2598643,572.3881363675719,25.258527277256494,6.728382950550382,5.035710209206368,1.611521203572197,-3.208398217675612,18.67459519323563,97.22222222222221,2,9,0.36172394226670834,6.278395944758037
