rank,pool,token,deployer,width,ranking_volume_weth,ranking_swaps,ranking_unique_senders,ranking_top_sender_share,ranking_minor_direction_share,entry_price,final_price,price_return_pct,inventory_return_pct,gross_fee_return_pct,execution_cost_pct,net_return_pct,in_range_swap_share,in_range_swaps,total_swaps
1,0xd64fbda67e1015df43fa5e49f02ca844729e5f94,0xe8ffd7e24187f72afb08d75b1bb13088a989a791,0x1eafc3e30f9f6ddfc53dc3eab028a31ba4b8b0f8,0.1,3956.4973490701736,20379,139,0.23087492026105305,0.49315471809215367,230879.59021243258,123600.63503138999,-46.46532639907023,2.4404424085075593,4.852173849123101,1.5000000000000002,5.792616257630656,0.04322927879440258,1004,23225
1,0xd64fbda67e1015df43fa5e49f02ca844729e5f94,0xe8ffd7e24187f72afb08d75b1bb13088a989a791,0x1eafc3e30f9f6ddfc53dc3eab028a31ba4b8b0f8,0.25,3956.4973490701736,20379,139,0.23087492026105305,0.49315471809215367,230879.59021243258,123600.63503138999,-46.46532639907023,5.901699437494745,4.1425103436902235,1.5000000000000002,8.544209781184954,0.06815931108719053,1583,23225
1,0xd64fbda67e1015df43fa5e49f02ca844729e5f94,0xe8ffd7e24187f72afb08d75b1bb13088a989a791,0x1eafc3e30f9f6ddfc53dc3eab028a31ba4b8b0f8,0.5,3956.4973490701736,20379,139,0.23087492026105305,0.49315471809215367,230879.59021243258,123600.63503138999,-46.46532639907023,11.237243569579448,4.7446620479803725,1.5000000000000002,14.481905617559821,0.1044994617868676,2427,23225
1,0xd64fbda67e1015df43fa5e49f02ca844729e5f94,0xe8ffd7e24187f72afb08d75b1bb13088a989a791,0x1eafc3e30f9f6ddfc53dc3eab028a31ba4b8b0f8,1.0,3956.4973490701736,20379,139,0.23087492026105305,0.49315471809215367,230879.59021243258,123600.63503138999,-46.46532639907023,20.438502043789274,12.918366841501403,1.5000000000000002,31.85686888529069,0.5472551130247578,12710,23225
1,0xd64fbda67e1015df43fa5e49f02ca844729e5f94,0xe8ffd7e24187f72afb08d75b1bb13088a989a791,0x1eafc3e30f9f6ddfc53dc3eab028a31ba4b8b0f8,2.0,3956.4973490701736,20379,139,0.23087492026105305,0.49315471809215367,230879.59021243258,123600.63503138999,-46.46532639907023,27.48705298083165,19.008289595573835,1.5000000000000002,44.99534257640547,1.0,23225,23225
2,0xec52a53d7aa278b2027c83449b425cde8ff8015b,0xceebf25b318201f1f949be2fabbfcee231737139,0xa28e053bf476165628c68cc02267e6bcd5bb9030,0.1,2178.8504455744487,20798,156,0.17102606019809596,0.45312049235503415,2333157.018590678,2090907.3588776656,-10.382912842245872,2.4404424085075593,65.40336707415362,1.5000000000000002,66.34380948266119,0.09434191355026712,2331,24708
2,0xec52a53d7aa278b2027c83449b425cde8ff8015b,0xceebf25b318201f1f949be2fabbfcee231737139,0xa28e053bf476165628c68cc02267e6bcd5bb9030,0.25,2178.8504455744487,20798,156,0.17102606019809596,0.45312049235503415,2333157.018590678,2090907.3588776656,-10.382912842245872,4.289498844398776,69.33760092863658,1.5000000000000002,72.12709977303535,0.22077869515946252,5455,24708
2,0xec52a53d7aa278b2027c83449b425cde8ff8015b,0xceebf25b318201f1f949be2fabbfcee231737139,0xa28e053bf476165628c68cc02267e6bcd5bb9030,0.5,2178.8504455744487,20798,156,0.17102606019809596,0.45312049235503415,2333157.018590678,2090907.3588776656,-10.382912842245872,4.927979698208462,66.5612007497139,1.5000000000000002,69.98918044792237,0.3718228913712158,9187,24708
2,0xec52a53d7aa278b2027c83449b425cde8ff8015b,0xceebf25b318201f1f949be2fabbfcee231737139,0xa28e053bf476165628c68cc02267e6bcd5bb9030,1.0,2178.8504455744487,20798,156,0.17102606019809596,0.45312049235503415,2333157.018590678,2090907.3588776656,-10.382912842245872,5.251021995455507,62.73996495095739,1.5000000000000002,66.49098694641289,0.5646349360531002,13951,24708
2,0xec52a53d7aa278b2027c83449b425cde8ff8015b,0xceebf25b318201f1f949be2fabbfcee231737139,0xa28e053bf476165628c68cc02267e6bcd5bb9030,2.0,2178.8504455744487,20798,156,0.17102606019809596,0.45312049235503415,2333157.018590678,2090907.3588776656,-10.382912842245872,5.417392099894824,62.14378653277725,1.5000000000000002,66.06117863267207,0.8520317306135664,21052,24708
3,0x2b0d0183d017c58b924401ca8ac362f6e01f0e9e,0x7fe995a80075df3dc8ae11a9b82c7fe4202cd87f,0x934e92e1c82020fc4e1ee55712c6d9fb19c6782a,0.1,1174.9251721167814,8483,90,0.23918425085465048,0.4819049864434752,239669.00512278252,248971.1117350272,3.881230536038327,-2.250231318614293,22.097466686112377,1.5000000000000002,18.347235367498072,0.4638239339752407,3372,7270
3,0x2b0d0183d017c58b924401ca8ac362f6e01f0e9e,0x7fe995a80075df3dc8ae11a9b82c7fe4202cd87f,0x934e92e1c82020fc4e1ee55712c6d9fb19c6782a,0.25,1174.9251721167814,8483,90,0.23918425085465048,0.4819049864434752,239669.00512278252,248971.1117350272,3.881230536038327,-2.0365521859682656,19.802665432480758,1.5000000000000002,16.266113246512482,0.9199449793672627,6688,7270
3,0x2b0d0183d017c58b924401ca8ac362f6e01f0e9e,0x7fe995a80075df3dc8ae11a9b82c7fe4202cd87f,0x934e92e1c82020fc4e1ee55712c6d9fb19c6782a,0.5,1174.9251721167814,8483,90,0.23918425085465048,0.4819049864434752,239669.00512278252,248971.1117350272,3.881230536038327,-1.9650176528833385,12.53193154854286,1.5000000000000002,9.0669138956595,1.0,7270,7270
3,0x2b0d0183d017c58b924401ca8ac362f6e01f0e9e,0x7fe995a80075df3dc8ae11a9b82c7fe4202cd87f,0x934e92e1c82020fc4e1ee55712c6d9fb19c6782a,1.0,1174.9251721167814,8483,90,0.23918425085465048,0.4819049864434752,239669.00512278252,248971.1117350272,3.881230536038327,-1.9288244299192292,7.851939769563657,1.5000000000000002,4.4231153396444345,1.0,7270,7270
3,0x2b0d0183d017c58b924401ca8ac362f6e01f0e9e,0x7fe995a80075df3dc8ae11a9b82c7fe4202cd87f,0x934e92e1c82020fc4e1ee55712c6d9fb19c6782a,2.0,1174.9251721167814,8483,90,0.23918425085465048,0.4819049864434752,239669.00512278252,248971.1117350272,3.881230536038327,-1.9101845479723711,5.441493227359427,1.5000000000000002,2.031308679387056,1.0,7270,7270
4,0x52fcb1d83191e06ef2d2d9f460609ca22a923558,0x62c71cd34a52c30d894419cbcc55db2afa8032ea,0xe0b5ee397c1684565e581c1566370c39d6393e55,0.1,770.8725955365796,11589,85,0.37199068081801706,0.4377426870308051,488116.25004444795,896399.8335342499,83.64474312269333,-44.218146042946096,2.5206321641249043,1.5000000000000002,-43.19751387882119,0.16640591665481438,1170,7031
4,0x52fcb1d83191e06ef2d2d9f460609ca22a923558,0x62c71cd34a52c30d894419cbcc55db2afa8032ea,0xe0b5ee397c1684565e581c1566370c39d6393e55,0.25,770.8725955365796,11589,85,0.37199068081801706,0.4377426870308051,488116.25004444795,896399.8335342499,83.64474312269333,-42.3333891094603,2.5852524812574718,1.5000000000000002,-41.248136628202815,0.27848101265822783,1958,7031
4,0x52fcb1d83191e06ef2d2d9f460609ca22a923558,0x62c71cd34a52c30d894419cbcc55db2afa8032ea,0xe0b5ee397c1684565e581c1566370c39d6393e55,0.5,770.8725955365796,11589,85,0.37199068081801706,0.4377426870308051,488116.25004444795,896399.8335342499,83.64474312269333,-39.4280273542806,3.699714721900043,1.5000000000000002,-37.228312632380565,0.55724647987484,3918,7031
4,0x52fcb1d83191e06ef2d2d9f460609ca22a923558,0x62c71cd34a52c30d894419cbcc55db2afa8032ea,0xe0b5ee397c1684565e581c1566370c39d6393e55,1.0,770.8725955365796,11589,85,0.37199068081801706,0.4377426870308051,488116.25004444795,896399.8335342499,83.64474312269333,-34.49871745043415,5.014433454998614,1.5000000000000002,-30.984283995435536,0.9995733181624236,7028,7031
4,0x52fcb1d83191e06ef2d2d9f460609ca22a923558,0x62c71cd34a52c30d894419cbcc55db2afa8032ea,0xe0b5ee397c1684565e581c1566370c39d6393e55,2.0,770.8725955365796,11589,85,0.37199068081801706,0.4377426870308051,488116.25004444795,896399.8335342499,83.64474312269333,-30.898997244297522,3.5176526727979356,1.5000000000000002,-28.88134457149959,1.0,7031,7031
5,0x4562ca679dccc38f2dd59d28b2ebfec99f507af2,0xd5bf43f29bf7aa5bb42ae9e217b84b86eb7a4b94,0x79c1230cab12d53d040f5fe1f5279e1a481ccea2,0.1,508.70677490347964,11435,58,0.545255793616091,0.3330126803672934,3686121.0003794236,6884223.12015757,86.76063860760283,-45.14880481655339,9.293134199959544,1.5000000000000002,-37.35567061659385,0.14650537634408603,654,4464
5,0x4562ca679dccc38f2dd59d28b2ebfec99f507af2,0xd5bf43f29bf7aa5bb42ae9e217b84b86eb7a4b94,0x79c1230cab12d53d040f5fe1f5279e1a481ccea2,0.25,508.70677490347964,11435,58,0.545255793616091,0.3330126803672934,3686121.0003794236,6884223.12015757,86.76063860760283,-43.29549297590398,11.114971066811846,1.5000000000000002,-33.68052190909214,0.40658602150537637,1815,4464
5,0x4562ca679dccc38f2dd59d28b2ebfec99f507af2,0xd5bf43f29bf7aa5bb42ae9e217b84b86eb7a4b94,0x79c1230cab12d53d040f5fe1f5279e1a481ccea2,0.5,508.70677490347964,11435,58,0.545255793616091,0.3330126803672934,3686121.0003794236,6884223.12015757,86.76063860760283,-40.43860398052254,9.541913826018854,1.5000000000000002,-32.39669015450368,0.5405465949820788,2413,4464
5,0x4562ca679dccc38f2dd59d28b2ebfec99f507af2,0xd5bf43f29bf7aa5bb42ae9e217b84b86eb7a4b94,0x79c1230cab12d53d040f5fe1f5279e1a481ccea2,1.0,508.70677490347964,11435,58,0.545255793616091,0.3330126803672934,3686121.0003794236,6884223.12015757,86.76063860760283,-35.51260734429796,9.122037438553955,1.5000000000000002,-27.890569905744012,0.8360215053763441,3732,4464
5,0x4562ca679dccc38f2dd59d28b2ebfec99f507af2,0xd5bf43f29bf7aa5bb42ae9e217b84b86eb7a4b94,0x79c1230cab12d53d040f5fe1f5279e1a481ccea2,2.0,508.70677490347964,11435,58,0.545255793616091,0.3330126803672934,3686121.0003794236,6884223.12015757,86.76063860760283,-31.74107176435993,7.772282078933013,1.5000000000000002,-25.46878968542692,1.0,4464,4464
6,0xdec8f541ff159d2b4abd3c3b041cd739bd7c486f,0xedaee44320107caa714baaec486261a87f27022d,0xef8eabd46ffe0a78e7552a86dc33f152226f1e8d,0.1,399.12341537339614,4808,86,0.2797420965058236,0.3905990016638935,3379914.338721069,2122293.0089154122,-37.20867465184132,2.4404424085075815,32.99457013591991,1.5000000000000002,33.93501254442748,0.25148247978436655,933,3710
6,0xdec8f541ff159d2b4abd3c3b041cd739bd7c486f,0xedaee44320107caa714baaec486261a87f27022d,0xef8eabd46ffe0a78e7552a86dc33f152226f1e8d,0.25,399.12341537339614,4808,86,0.2797420965058236,0.3905990016638935,3379914.338721069,2122293.0089154122,-37.20867465184132,5.901699437494745,40.67820382913634,1.5000000000000002,45.07990326663107,0.701078167115903,2601,3710
6,0xdec8f541ff159d2b4abd3c3b041cd739bd7c486f,0xedaee44320107caa714baaec486261a87f27022d,0xef8eabd46ffe0a78e7552a86dc33f152226f1e8d,0.5,399.12341537339614,4808,86,0.2797420965058236,0.3905990016638935,3379914.338721069,2122293.0089154122,-37.20867465184132,11.23724356957947,29.003924942695196,1.5000000000000002,38.74116851227465,0.8043126684636118,2984,3710
6,0xdec8f541ff159d2b4abd3c3b041cd739bd7c486f,0xedaee44320107caa714baaec486261a87f27022d,0xef8eabd46ffe0a78e7552a86dc33f152226f1e8d,1.0,399.12341537339614,4808,86,0.2797420965058236,0.3905990016638935,3379914.338721069,2122293.0089154122,-37.20867465184132,17.912955879043757,21.375618834993393,1.5000000000000002,37.78857471403714,0.969811320754717,3598,3710
6,0xdec8f541ff159d2b4abd3c3b041cd739bd7c486f,0xedaee44320107caa714baaec486261a87f27022d,0xef8eabd46ffe0a78e7552a86dc33f152226f1e8d,2.0,399.12341537339614,4808,86,0.2797420965058236,0.3905990016638935,3379914.338721069,2122293.0089154122,-37.20867465184132,21.509814748324672,15.233564848419828,1.5000000000000002,35.24337959674448,1.0,3710,3710
7,0xb09fa4f04032b9d9e690ac4a1d29523b5f9a72dc,0x2cc0fac44b8252f6b10208b091aff2c94b4da77d,0x7e97eadea120321c65cc09b6fdecc6eb15d55b2f,0.1,343.4802745144379,5405,108,0.26882516188714156,0.4482886216466235,2173169.523176076,1434837.085533023,-33.97491220859676,2.4404424085075593,25.63698061866831,1.5000000000000002,26.577423027175872,0.21782491689092923,1376,6317
7,0xb09fa4f04032b9d9e690ac4a1d29523b5f9a72dc,0x2cc0fac44b8252f6b10208b091aff2c94b4da77d,0x7e97eadea120321c65cc09b6fdecc6eb15d55b2f,0.25,343.4802745144379,5405,108,0.26882516188714156,0.4482886216466235,2173169.523176076,1434837.085533023,-33.97491220859676,5.901699437494745,19.130639693452313,1.5000000000000002,23.532339130947054,0.337185372803546,2130,6317
7,0xb09fa4f04032b9d9e690ac4a1d29523b5f9a72dc,0x2cc0fac44b8252f6b10208b091aff2c94b4da77d,0x7e97eadea120321c65cc09b6fdecc6eb15d55b2f,0.5,343.4802745144379,5405,108,0.26882516188714156,0.4482886216466235,2173169.523176076,1434837.085533023,-33.97491220859676,11.23724356957947,15.475211999810726,1.5000000000000002,25.2124555693902,0.41348741491214186,2612,6317
7,0xb09fa4f04032b9d9e690ac4a1d29523b5f9a72dc,0x2cc0fac44b8252f6b10208b091aff2c94b4da77d,0x7e97eadea120321c65cc09b6fdecc6eb15d55b2f,1.0,343.4802745144379,5405,108,0.26882516188714156,0.4482886216466235,2173169.523176076,1434837.085533023,-33.97491220859676,16.644636647924926,18.21305150974341,1.5000000000000002,33.357688157668306,0.7096723128067121,4483,6317
7,0xb09fa4f04032b9d9e690ac4a1d29523b5f9a72dc,0x2cc0fac44b8252f6b10208b091aff2c94b4da77d,0x7e97eadea120321c65cc09b6fdecc6eb15d55b2f,2.0,343.4802745144379,5405,108,0.26882516188714156,0.4482886216466235,2173169.523176076,1434837.085533023,-33.97491220859676,19.433537128845146,15.418769059248326,1.5000000000000002,33.352306188093465,1.0,6317,6317
8,0x5313a71595178721e1d58fd4cb459e4981aae441,0xa934ba4f59070149d37a93f8a002af79bae35563,0x420944b441715e34dd672ae0eb4526a7ad7d1eef,0.1,267.6138154652014,4787,92,0.23292249843325674,0.4052642573636933,5431675.932841681,9303090.962372119,71.2747792283152,-40.189417922442075,8.723807483161226,1.5000000000000002,-32.965610439280844,0.12027278363298202,388,3226
8,0x5313a71595178721e1d58fd4cb459e4981aae441,0xa934ba4f59070149d37a93f8a002af79bae35563,0x420944b441715e34dd672ae0eb4526a7ad7d1eef,0.25,267.6138154652014,4787,92,0.23292249843325674,0.4052642573636933,5431675.932841681,9303090.962372119,71.2747792283152,-38.168538348355355,12.079749499621228,1.5000000000000002,-27.588788848734126,0.347179169249845,1120,3226
8,0x5313a71595178721e1d58fd4cb459e4981aae441,0xa934ba4f59070149d37a93f8a002af79bae35563,0x420944b441715e34dd672ae0eb4526a7ad7d1eef,0.5,267.6138154652014,4787,92,0.23292249843325674,0.4052642573636933,5431675.932841681,9303090.962372119,71.2747792283152,-35.05334289685676,15.563827449393905,1.5000000000000002,-20.989515447462882,0.7885926844389337,2544,3226
8,0x5313a71595178721e1d58fd4cb459e4981aae441,0xa934ba4f59070149d37a93f8a002af79bae35563,0x420944b441715e34dd672ae0eb4526a7ad7d1eef,1.0,267.6138154652014,4787,92,0.23292249843325674,0.4052642573636933,5431675.932841681,9303090.962372119,71.2747792283152,-30.306551730729815,12.748995432518695,1.5000000000000002,-19.05755629821112,1.0,3226,3226
8,0x5313a71595178721e1d58fd4cb459e4981aae441,0xa934ba4f59070149d37a93f8a002af79bae35563,0x420944b441715e34dd672ae0eb4526a7ad7d1eef,2.0,267.6138154652014,4787,92,0.23292249843325674,0.4052642573636933,5431675.932841681,9303090.962372119,71.2747792283152,-27.3901650664475,8.837795419798365,1.5000000000000002,-20.052369646649147,1.0,3226,3226
9,0x1db930284dc3b327a698be2e0b7aff20b43b3697,0x3d2aa79e21aff9fa97b82be22da83d3eecb09640,0xa2eb3bf807db53a0a052c8cba8a0841441a0fe3e,0.1,247.5492616450276,3808,58,0.16859243697478993,0.4529936974789916,10578100.963973388,17863505.369998224,68.87251720169121,-39.338594517331174,0.8332910188547312,1.5000000000000002,-40.00530349847643,0.02390617952187641,53,2217
9,0x1db930284dc3b327a698be2e0b7aff20b43b3697,0x3d2aa79e21aff9fa97b82be22da83d3eecb09640,0xa2eb3bf807db53a0a052c8cba8a0841441a0fe3e,0.25,247.5492616450276,3808,58,0.16859243697478993,0.4529936974789916,10578100.963973388,17863505.369998224,68.87251720169121,-37.28896732734073,1.4287203359619807,1.5000000000000002,-37.360246991378744,0.058186738836265225,129,2217
9,0x1db930284dc3b327a698be2e0b7aff20b43b3697,0x3d2aa79e21aff9fa97b82be22da83d3eecb09640,0xa2eb3bf807db53a0a052c8cba8a0841441a0fe3e,0.5,247.5492616450276,3808,58,0.16859243697478993,0.4529936974789916,10578100.963973388,17863505.369998224,68.87251720169121,-34.12945728953376,3.032121322668326,1.5000000000000002,-32.59733596686544,0.15381145692377085,341,2217
9,0x1db930284dc3b327a698be2e0b7aff20b43b3697,0x3d2aa79e21aff9fa97b82be22da83d3eecb09640,0xa2eb3bf807db53a0a052c8cba8a0841441a0fe3e,1.0,247.5492616450276,3808,58,0.16859243697478993,0.4529936974789916,10578100.963973388,17863505.369998224,68.87251720169121,-29.46011019447966,5.748970722244556,1.5000000000000002,-25.21113947223511,0.4510599909788002,1000,2217
9,0x1db930284dc3b327a698be2e0b7aff20b43b3697,0x3d2aa79e21aff9fa97b82be22da83d3eecb09640,0xa2eb3bf807db53a0a052c8cba8a0841441a0fe3e,2.0,247.5492616450276,3808,58,0.16859243697478993,0.4529936974789916,10578100.963973388,17863505.369998224,68.87251720169121,-26.676094116874584,8.537563449274058,1.5000000000000002,-19.638530667600516,0.9111411817771764,2020,2217
10,0x835e4b15d72029866108393f1bbcb34d7bc04399,0xe6864e4630d4d7a0cad2e61f6bc2c0dcad777712,0xf753ba7dcc8a6c2685e5b2c6bd6b89612c34acdd,0.1,173.68859216368452,2741,51,0.36811382707041224,0.33783290769792046,7269402.226492543,11939457.409476973,64.24263010189372,-37.628591100279486,4.851031133397102,1.5000000000000002,-34.277559966882386,0.15555555555555556,112,720
10,0x835e4b15d72029866108393f1bbcb34d7bc04399,0xe6864e4630d4d7a0cad2e61f6bc2c0dcad777712,0xf753ba7dcc8a6c2685e5b2c6bd6b89612c34acdd,0.25,173.68859216368452,2741,51,0.36811382707041224,0.33783290769792046,7269402.226492543,11939457.409476973,64.24263010189372,-35.52118632550217,5.0936378074215725,1.5000000000000002,-31.927548518080606,0.38333333333333336,276,720
10,0x835e4b15d72029866108393f1bbcb34d7bc04399,0xe6864e4630d4d7a0cad2e61f6bc2c0dcad777712,0xf753ba7dcc8a6c2685e5b2c6bd6b89612c34acdd,0.5,173.68859216368452,2741,51,0.36811382707041224,0.33783290769792046,7269402.226492543,11939457.409476973,64.24263010189372,-32.272611866621034,5.823003560299109,1.5000000000000002,-27.949608306321927,0.7958333333333333,573,720
10,0x835e4b15d72029866108393f1bbcb34d7bc04399,0xe6864e4630d4d7a0cad2e61f6bc2c0dcad777712,0xf753ba7dcc8a6c2685e5b2c6bd6b89612c34acdd,1.0,173.68859216368452,2741,51,0.36811382707041224,0.33783290769792046,7269402.226492543,11939457.409476973,64.24263010189372,-27.797725647955364,4.908019223087855,1.5000000000000002,-24.38970642486751,1.0,720,720
10,0x835e4b15d72029866108393f1bbcb34d7bc04399,0xe6864e4630d4d7a0cad2e61f6bc2c0dcad777712,0xf753ba7dcc8a6c2685e5b2c6bd6b89612c34acdd,2.0,173.68859216368452,2741,51,0.36811382707041224,0.33783290769792046,7269402.226492543,11939457.409476973,64.24263010189372,-25.26783526673929,3.402507260401771,1.5000000000000002,-23.365328006337517,1.0,720,720
11,0xb27d8aec9bcea37266bf99f25f389467f92aaf12,0x8e45bb9f243a5885187cc855fbbe94c5c33dcdf0,0xb028a42ba4cc567bc80563ce9e6ba9120d38a599,0.1,114.28517230843367,2433,32,0.23345663789560214,0.45334977394163584,76089713.6731495,116879561.970644,53.60757233587594,-33.31029138035403,0.4536773942448695,1.5000000000000002,-34.35661398610915,0.02843601895734597,12,422
11,0xb27d8aec9bcea37266bf99f25f389467f92aaf12,0x8e45bb9f243a5885187cc855fbbe94c5c33dcdf0,0xb028a42ba4cc567bc80563ce9e6ba9120d38a599,0.25,114.28517230843367,2433,32,0.23345663789560214,0.45334977394163584,76089713.6731495,116879561.970644,53.60757233587594,-31.056979921581128,0.8738314008409782,1.5000000000000002,-31.683148520740147,0.06872037914691943,29,422
11,0xb27d8aec9bcea37266bf99f25f389467f92aaf12,0x8e45bb9f243a5885187cc855fbbe94c5c33dcdf0,0xb028a42ba4cc567bc80563ce9e6ba9120d38a599,0.5,114.28517230843367,2433,32,0.23345663789560214,0.45334977394163584,76089713.6731495,116879561.970644,53.60757233587594,-27.583489617067947,2.2184118353786104,1.5000000000000002,-26.86507778168934,0.28199052132701424,119,422
11,0xb27d8aec9bcea37266bf99f25f389467f92aaf12,0x8e45bb9f243a5885187cc855fbbe94c5c33dcdf0,0xb028a42ba4cc567bc80563ce9e6ba9120d38a599,1.0,114.28517230843367,2433,32,0.23345663789560214,0.45334977394163584,76089713.6731495,116879561.970644,53.60757233587594,-23.81810311854159,3.3387412870430864,1.5000000000000002,-21.9793618314985,0.7156398104265402,302,422
11,0xb27d8aec9bcea37266bf99f25f389467f92aaf12,0x8e45bb9f243a5885187cc855fbbe94c5c33dcdf0,0xb028a42ba4cc567bc80563ce9e6ba9120d38a599,2.0,114.28517230843367,2433,32,0.23345663789560214,0.45334977394163584,76089713.6731495,116879561.970644,53.60757233587594,-21.86290264589241,3.0301630645922133,1.5000000000000002,-20.332739581300217,1.0,422,422
12,0xc54abd6d98eac675b9715c740a50a1be6457297b,0x2142d4816e259fd7c119f61c772e39ae0cdaafde,0x5c3e75cb50c77d584aabf3c4f8db602440c63474,0.1,100.45865839601494,1591,28,0.4355751099937146,0.322438717787555,4267292.077093025,4325513.336478733,1.3643607780738254,-0.7219911858928119,14.854868153911987,1.5000000000000002,12.632876968019158,0.4739652870493992,355,749
12,0xc54abd6d98eac675b9715c740a50a1be6457297b,0x2142d4816e259fd7c119f61c772e39ae0cdaafde,0x5c3e75cb50c77d584aabf3c4f8db602440c63474,0.25,100.45865839601494,1591,28,0.4355751099937146,0.322438717787555,4267292.077093025,4325513.336478733,1.3643607780738254,-0.694594769688528,12.094737389708909,1.5000000000000002,9.900142620020368,0.8985313751668892,673,749
12,0xc54abd6d98eac675b9715c740a50a1be6457297b,0x2142d4816e259fd7c119f61c772e39ae0cdaafde,0x5c3e75cb50c77d584aabf3c4f8db602440c63474,0.5,100.45865839601494,1591,28,0.4355751099937146,0.322438717787555,4267292.077093025,4325513.336478733,1.3643607780738254,-0.685423121446116,8.019728427526324,1.5000000000000002,5.834305306080201,1.0,749,749
12,0xc54abd6d98eac675b9715c740a50a1be6457297b,0x2142d4816e259fd7c119f61c772e39ae0cdaafde,0x5c3e75cb50c77d584aabf3c4f8db602440c63474,1.0,100.45865839601494,1591,28,0.4355751099937146,0.322438717787555,4267292.077093025,4325513.336478733,1.3643607780738254,-0.6807826842269105,5.02738061581494,1.5000000000000002,2.846597931588013,1.0,749,749
12,0xc54abd6d98eac675b9715c740a50a1be6457297b,0x2142d4816e259fd7c119f61c772e39ae0cdaafde,0x5c3e75cb50c77d584aabf3c4f8db602440c63474,2.0,100.45865839601494,1591,28,0.4355751099937146,0.322438717787555,4267292.077093025,4325513.336478733,1.3643607780738254,-0.6783928113484161,3.4849606855285145,1.5000000000000002,1.3065678741800868,1.0,749,749
13,0x483c24d1e36df01b650f1e9beeb2a1c31c005c39,0xb9d3824149ad8ac984153ceec91d5a2405d1fb95,0xe30647793192d15bfa6e53ae8651368d332fe04c,0.1,95.15229416082457,1730,35,0.3248554913294798,0.48323699421965316,17152946.182773113,12201041.07782501,-28.869122844455465,2.4404424085075815,9.7923143970377,1.5000000000000002,10.732756805545286,0.14258373205741626,149,1045
13,0x483c24d1e36df01b650f1e9beeb2a1c31c005c39,0xb9d3824149ad8ac984153ceec91d5a2405d1fb95,0xe30647793192d15bfa6e53ae8651368d332fe04c,0.25,95.15229416082457,1730,35,0.3248554913294798,0.48323699421965316,17152946.182773113,12201041.07782501,-28.869122844455465,5.901699437494745,10.573485113833444,1.5000000000000002,14.97518455132818,0.3263157894736842,341,1045
13,0x483c24d1e36df01b650f1e9beeb2a1c31c005c39,0xb9d3824149ad8ac984153ceec91d5a2405d1fb95,0xe30647793192d15bfa6e53ae8651368d332fe04c,0.5,95.15229416082457,1730,35,0.3248554913294798,0.48323699421965316,17152946.182773113,12201041.07782501,-28.869122844455465,10.89789567182744,11.809081155239598,1.5000000000000002,21.206976827067024,0.5799043062200957,606,1045
13,0x483c24d1e36df01b650f1e9beeb2a1c31c005c39,0xb9d3824149ad8ac984153ceec91d5a2405d1fb95,0xe30647793192d15bfa6e53ae8651368d332fe04c,1.0,95.15229416082457,1730,35,0.3248554913294798,0.48323699421965316,17152946.182773113,12201041.07782501,-28.869122844455465,14.406766103427993,11.499233953071851,1.5000000000000002,24.406000056499842,1.0,1045,1045
13,0x483c24d1e36df01b650f1e9beeb2a1c31c005c39,0xb9d3824149ad8ac984153ceec91d5a2405d1fb95,0xe30647793192d15bfa6e53ae8651368d332fe04c,2.0,95.15229416082457,1730,35,0.3248554913294798,0.48323699421965316,17152946.182773113,12201041.07782501,-28.869122844455465,16.213870452128432,7.973577672786419,1.5000000000000002,22.687448124914834,1.0,1045,1045
14,0x413e39d292f8b2616dbf1ff7ea4e16bbc33f3389,0xd2a577e92438fd0c1f2485f4fb91b9f866eb1e6c,0xb17c8d33bc4f94f9575321009862d6db429c71d2,0.1,92.12412794205144,1560,46,0.2012820512820513,0.4166666666666667,354533907.0819675,402908397.11160934,13.644531330668407,-9.85888963681023,1.7037344082023274,1.5000000000000002,-9.655155228607914,0.28776978417266186,40,139
14,0x413e39d292f8b2616dbf1ff7ea4e16bbc33f3389,0xd2a577e92438fd0c1f2485f4fb91b9f866eb1e6c,0xb17c8d33bc4f94f9575321009862d6db429c71d2,0.25,92.12412794205144,1560,46,0.2012820512820513,0.4166666666666667,354533907.0819675,402908397.11160934,13.644531330668407,-7.820804453538132,1.8752448255939753,1.5000000000000002,-7.445559627944165,0.8776978417266187,122,139
14,0x413e39d292f8b2616dbf1ff7ea4e16bbc33f3389,0xd2a577e92438fd0c1f2485f4fb91b9f866eb1e6c,0xb17c8d33bc4f94f9575321009862d6db429c71d2,0.5,92.12412794205144,1560,46,0.2012820512820513,0.4166666666666667,354533907.0819675,402908397.11160934,13.644531330668407,-7.048884440673597,1.146914394152181,1.5000000000000002,-7.401970046521433,1.0,139,139
14,0x413e39d292f8b2616dbf1ff7ea4e16bbc33f3389,0xd2a577e92438fd0c1f2485f4fb91b9f866eb1e6c,0xb17c8d33bc4f94f9575321009862d6db429c71d2,1.0,92.12412794205144,1560,46,0.2012820512820513,0.4166666666666667,354533907.0819675,402908397.11160934,13.644531330668407,-6.658327992882118,0.7222717806839603,1.5000000000000002,-7.436056212198161,1.0,139,139
14,0x413e39d292f8b2616dbf1ff7ea4e16bbc33f3389,0xd2a577e92438fd0c1f2485f4fb91b9f866eb1e6c,0xb17c8d33bc4f94f9575321009862d6db429c71d2,2.0,92.12412794205144,1560,46,0.2012820512820513,0.4166666666666667,354533907.0819675,402908397.11160934,13.644531330668407,-6.457187406766229,0.5018625794729853,1.5000000000000002,-7.455324827293253,1.0,139,139
15,0xecb7a1d9e94d3c62aaf1dc305f1e3ccc15f6a2fe,0x95efad01ffab32ae00fe9f16ca23a81b2802cd54,0x9f2a37124db1a679a6c429859105ed4220e9d783,0.1,90.94582267310967,3309,30,0.1982472045935328,0.45330915684496825,166773895.02926248,231028449.85862538,38.52794516677125,-26.050702415905025,3.4953847261394513,1.5000000000000002,-24.055317689765566,0.23414634146341465,48,205
15,0xecb7a1d9e94d3c62aaf1dc305f1e3ccc15f6a2fe,0x95efad01ffab32ae00fe9f16ca23a81b2802cd54,0x9f2a37124db1a679a6c429859105ed4220e9d783,0.25,90.94582267310967,3309,30,0.1982472045935328,0.45330915684496825,166773895.02926248,231028449.85862538,38.52794516677125,-23.55210401049287,3.4952613292651287,1.5000000000000002,-21.55684268122775,0.526829268292683,108,205
15,0xecb7a1d9e94d3c62aaf1dc305f1e3ccc15f6a2fe,0x95efad01ffab32ae00fe9f16ca23a81b2802cd54,0x9f2a37124db1a679a6c429859105ed4220e9d783,0.5,90.94582267310967,3309,30,0.1982472045935328,0.45330915684496825,166773895.02926248,231028449.85862538,38.52794516677125,-20.066922670314348,3.3971077470418156,1.5000000000000002,-18.169814923272543,0.9121951219512195,187,205
15,0xecb7a1d9e94d3c62aaf1dc305f1e3ccc15f6a2fe,0x95efad01ffab32ae00fe9f16ca23a81b2802cd54,0x9f2a37124db1a679a6c429859105ed4220e9d783,1.0,90.94582267310967,3309,30,0.1982472045935328,0.45330915684496825,166773895.02926248,231028449.85862538,38.52794516677125,-17.76601497588891,2.379449143886973,1.5000000000000002,-16.886565832001953,1.0,205,205
15,0xecb7a1d9e94d3c62aaf1dc305f1e3ccc15f6a2fe,0x95efad01ffab32ae00fe9f16ca23a81b2802cd54,0x9f2a37124db1a679a6c429859105ed4220e9d783,2.0,90.94582267310967,3309,30,0.1982472045935328,0.45330915684496825,166773895.02926248,231028449.85862538,38.52794516677125,-16.58102385649386,1.6519597126436019,1.5000000000000002,-16.42906414385026,1.0,205,205
16,0x28f26fb95ef30218e0090d0776a5cdf65ba44e73,0xdab0e8ce3b999d16898709a6dfc44c953bfc43b1,0x0d459f23f801c1833b393877d3835f4992d310ac,0.1,77.91778472960802,1280,37,0.415625,0.30703125,4160788.8905852763,5337697.475599089,28.28570773385868,-20.146644378319735,25.178494323517448,1.5000000000000002,3.531849945197707,0.10814449181063496,964,8914
16,0x28f26fb95ef30218e0090d0776a5cdf65ba44e73,0xdab0e8ce3b999d16898709a6dfc44c953bfc43b1,0x0d459f23f801c1833b393877d3835f4992d310ac,0.25,77.91778472960802,1280,37,0.415625,0.30703125,4160788.8905852763,5337697.475599089,28.28570773385868,-17.44855969676823,25.39735174734598,1.5000000000000002,6.448792050577734,0.2355844738613417,2100,8914
16,0x28f26fb95ef30218e0090d0776a5cdf65ba44e73,0xdab0e8ce3b999d16898709a6dfc44c953bfc43b1,0x0d459f23f801c1833b393877d3835f4992d310ac,0.5,77.91778472960802,1280,37,0.415625,0.30703125,4160788.8905852763,5337697.475599089,28.28570773385868,-14.760863628988618,24.128405467678004,1.5000000000000002,7.867541838689385,0.3930895221000673,3504,8914
16,0x28f26fb95ef30218e0090d0776a5cdf65ba44e73,0xdab0e8ce3b999d16898709a6dfc44c953bfc43b1,0x0d459f23f801c1833b393877d3835f4992d310ac,1.0,77.91778472960802,1280,37,0.415625,0.30703125,4160788.8905852763,5337697.475599089,28.28570773385868,-13.365404866391827,20.856797623259844,1.5000000000000002,5.991392756867997,0.512676688355396,4570,8914
16,0x28f26fb95ef30218e0090d0776a5cdf65ba44e73,0xdab0e8ce3b999d16898709a6dfc44c953bfc43b1,0x0d459f23f801c1833b393877d3835f4992d310ac,2.0,77.91778472960802,1280,37,0.415625,0.30703125,4160788.8905852763,5337697.475599089,28.28570773385868,-12.646729256255218,22.399751150467203,1.5000000000000002,8.253021894211976,0.7305362351357415,6512,8914
17,0x1e1779d5cf272a54ce27df5c9eb718ed5649d125,0xc4cb8a0167c77e36194f6affb6b71d931fab62c0,0x698d3e165c1ea84aa23ea02ca8a91f574e4c70eb,0.1,65.95620888362778,1508,29,0.32625994694960214,0.46551724137931033,129779355.43766107,240882745.60993755,85.6094482805815,-44.808605726982854,1.1649656433485822,1.5000000000000002,-45.143640083634274,0.19480519480519481,15,77
17,0x1e1779d5cf272a54ce27df5c9eb718ed5649d125,0xc4cb8a0167c77e36194f6affb6b71d931fab62c0,0x698d3e165c1ea84aa23ea02ca8a91f574e4c70eb,0.25,65.95620888362778,1508,29,0.32625994694960214,0.46551724137931033,129779355.43766107,240882745.60993755,85.6094482805815,-42.943799241617484,0.8260554401913821,1.5000000000000002,-43.6177438014261,0.3246753246753247,25,77
17,0x1e1779d5cf272a54ce27df5c9eb718ed5649d125,0xc4cb8a0167c77e36194f6affb6b71d931fab62c0,0x698d3e165c1ea84aa23ea02ca8a91f574e4c70eb,0.5,65.95620888362778,1508,29,0.32625994694960214,0.46551724137931033,129779355.43766107,240882745.60993755,85.6094482805815,-40.06919119687017,0.7290122089033848,1.5000000000000002,-40.84017898796678,0.6753246753246753,52,77
17,0x1e1779d5cf272a54ce27df5c9eb718ed5649d125,0xc4cb8a0167c77e36194f6affb6b71d931fab62c0,0x698d3e165c1ea84aa23ea02ca8a91f574e4c70eb,1.0,65.95620888362778,1508,29,0.32625994694960214,0.46551724137931033,129779355.43766107,240882745.60993755,85.6094482805815,-35.139922268198355,0.6660993665654446,1.5000000000000002,-35.973822901632914,1.0,77,77
17,0x1e1779d5cf272a54ce27df5c9eb718ed5649d125,0xc4cb8a0167c77e36194f6affb6b71d931fab62c0,0x698d3e165c1ea84aa23ea02ca8a91f574e4c70eb,2.0,65.95620888362778,1508,29,0.32625994694960214,0.46551724137931033,129779355.43766107,240882745.60993755,85.6094482805815,-31.431825987246786,0.46234785517132415,1.5000000000000002,-32.469478132075466,1.0,77,77
18,0x52f32c64638804b9162fafe28f4f883a2812cfe9,0xfdae23ce76018da62507bb5ef20e6ef5450e8312,0x9dde735093d92eaad379be685e62c6d449628f64,0.1,44.43779250773005,913,66,0.17853231106243153,0.44906900328587074,16780586.80423183,2469026.3875360107,-85.28641211215952,2.4404424085076037,36.575646420894955,1.5000000000000002,37.51608882940254,0.012069288975048465,193,15991
18,0x52f32c64638804b9162fafe28f4f883a2812cfe9,0xfdae23ce76018da62507bb5ef20e6ef5450e8312,0x9dde735093d92eaad379be685e62c6d449628f64,0.25,44.43779250773005,913,66,0.17853231106243153,0.44906900328587074,16780586.80423183,2469026.3875360107,-85.28641211215952,5.901699437494767,31.469161484227087,1.5000000000000002,35.87086092172185,0.02545181664686386,407,15991
18,0x52f32c64638804b9162fafe28f4f883a2812cfe9,0xfdae23ce76018da62507bb5ef20e6ef5450e8312,0x9dde735093d92eaad379be685e62c6d449628f64,0.5,44.43779250773005,913,66,0.17853231106243153,0.44906900328587074,16780586.80423183,2469026.3875360107,-85.28641211215952,11.237243569579448,30.6354273448734,1.5000000000000002,40.37267091445285,0.041961103120505286,671,15991
18,0x52f32c64638804b9162fafe28f4f883a2812cfe9,0xfdae23ce76018da62507bb5ef20e6ef5450e8312,0x9dde735093d92eaad379be685e62c6d449628f64,1.0,44.43779250773005,913,66,0.17853231106243153,0.44906900328587074,16780586.80423183,2469026.3875360107,-85.28641211215952,20.710678118654723,24.429867952677434,1.5000000000000002,43.64054607133217,0.04783940966793822,765,15991
18,0x52f32c64638804b9162fafe28f4f883a2812cfe9,0xfdae23ce76018da62507bb5ef20e6ef5450e8312,0x9dde735093d92eaad379be685e62c6d449628f64,2.0,44.43779250773005,913,66,0.17853231106243153,0.44906900328587074,16780586.80423183,2469026.3875360107,-85.28641211215952,36.602540378443884,21.686819926859087,1.5000000000000002,56.78936030530295,0.0572196860734163,915,15991
19,0xac870e97fc1fe981f4d887e5f453203745a15ef4,0x92d176ccbeeffecd8089e841d09ea17b6c22d969,0xd70627fd9ee5b70906620a6f2001ba74457b438d,0.1,42.805449728934995,947,32,0.4139387539598733,0.3484688489968321,45685459.68372158,47508626.278757244,3.9906933358170527,-2.322114215979665,8.86094478362764,1.5000000000000002,5.038830567647956,0.5606694560669456,134,239
19,0xac870e97fc1fe981f4d887e5f453203745a15ef4,0x92d176ccbeeffecd8089e841d09ea17b6c22d969,0xd70627fd9ee5b70906620a6f2001ba74457b438d,0.25,42.805449728934995,947,32,0.4139387539598733,0.3484688489968321,45685459.68372158,47508626.278757244,3.9906933358170527,-2.0965700203781967,6.558380876609996,1.5000000000000002,2.9618108562317724,0.9581589958158996,229,239
19,0xac870e97fc1fe981f4d887e5f453203745a15ef4,0x92d176ccbeeffecd8089e841d09ea17b6c22d969,0xd70627fd9ee5b70906620a6f2001ba74457b438d,0.5,42.805449728934995,947,32,0.4139387539598733,0.3484688489968321,45685459.68372158,47508626.278757244,3.9906933358170527,-2.0210633552089408,3.958477250941443,1.5000000000000002,0.4374138957324858,1.0,239,239
19,0xac870e97fc1fe981f4d887e5f453203745a15ef4,0x92d176ccbeeffecd8089e841d09ea17b6c22d969,0xd70627fd9ee5b70906620a6f2001ba74457b438d,1.0,42.805449728934995,947,32,0.4139387539598733,0.3484688489968321,45685459.68372158,47508626.278757244,3.9906933358170527,-1.9828604139175865,2.4846123224530476,1.5000000000000002,-0.9982480914645486,1.0,239,239
19,0xac870e97fc1fe981f4d887e5f453203745a15ef4,0x92d176ccbeeffecd8089e841d09ea17b6c22d969,0xd70627fd9ee5b70906620a6f2001ba74457b438d,2.0,42.805449728934995,947,32,0.4139387539598733,0.3484688489968321,45685459.68372158,47508626.278757244,3.9906933358170527,-1.9631855063692805,1.7234460215991805,1.5000000000000002,-1.7397394847700975,1.0,239,239
20,0x56d32b11cf8613420921404414d1174c82f10274,0xcc41892253786660b5843454a042aa7911e0974f,0xfd92f299da38944bcdce86da213458d7c89afd37,0.1,37.7133049183644,932,35,0.194206008583691,0.48068669527896996,141631074.82257795,175841074.54410964,24.154303541356835,-17.489414795529967,4.869773851777876,1.5000000000000002,-14.119640943752088,0.1206896551724138,42,348
20,0x56d32b11cf8613420921404414d1174c82f10274,0xcc41892253786660b5843454a042aa7911e0974f,0xfd92f299da38944bcdce86da213458d7c89afd37,0.25,37.7133049183644,932,35,0.194206008583691,0.48068669527896996,141631074.82257795,175841074.54410964,24.154303541356835,-14.70644469039415,4.913413744391757,1.5000000000000002,-11.293030946002403,0.3333333333333333,116,348
20,0x56d32b11cf8613420921404414d1174c82f10274,0xcc41892253786660b5843454a042aa7911e0974f,0xfd92f299da38944bcdce86da213458d7c89afd37,0.5,37.7133049183644,932,35,0.194206008583691,0.48068669527896996,141631074.82257795,175841074.54410964,24.154303541356835,-12.591990531621832,7.267260879347531,1.5000000000000002,-6.824729652274309,0.8333333333333334,290,348
20,0x56d32b11cf8613420921404414d1174c82f10274,0xcc41892253786660b5843454a042aa7911e0974f,0xfd92f299da38944bcdce86da213458d7c89afd37,1.0,37.7133049183644,932,35,0.194206008583691,0.48068669527896996,141631074.82257795,175841074.54410964,24.154303541356835,-11.52217281540089,5.566971533525178,1.5000000000000002,-7.455201281875712,1.0,348,348
20,0x56d32b11cf8613420921404414d1174c82f10274,0xcc41892253786660b5843454a042aa7911e0974f,0xfd92f299da38944bcdce86da213458d7c89afd37,2.0,37.7133049183644,932,35,0.194206008583691,0.48068669527896996,141631074.82257795,175841074.54410964,24.154303541356835,-10.971205692223895,3.864381510960726,1.5000000000000002,-8.606824181263184,1.0,348,348
21,0x22437c033d4df61d97b71e47ce25a3615b8a8230,0x860412a94963ef92561e79b2f91073e194670125,0x1e168ab1a521294f530812b3f5e0709fde53ffdf,0.1,37.28145971199903,1457,43,0.35964310226492796,0.48249828414550444,167622290.16054374,250898527.08551115,49.68088483053648,-31.560771754865623,1.0177458325990758,1.5000000000000002,-32.043025922266544,0.1875,18,96
21,0x22437c033d4df61d97b71e47ce25a3615b8a8230,0x860412a94963ef92561e79b2f91073e194670125,0x1e168ab1a521294f530812b3f5e0709fde53ffdf,0.25,37.28145971199903,1457,43,0.35964310226492796,0.48249828414550444,167622290.16054374,250898527.08551115,49.68088483053648,-29.24834753790173,0.9779661482026507,1.5000000000000002,-29.770381389699086,0.22916666666666666,22,96
21,0x22437c033d4df61d97b71e47ce25a3615b8a8230,0x860412a94963ef92561e79b2f91073e194670125,0x1e168ab1a521294f530812b3f5e0709fde53ffdf,0.5,37.28145971199903,1457,43,0.35964310226492796,0.48249828414550444,167622290.16054374,250898527.08551115,49.68088483053648,-25.683987170176316,1.746929448521348,1.5000000000000002,-25.437057721654966,0.6770833333333334,65,96
21,0x22437c033d4df61d97b71e47ce25a3615b8a8230,0x860412a94963ef92561e79b2f91073e194670125,0x1e168ab1a521294f530812b3f5e0709fde53ffdf,1.0,37.28145971199903,1457,43,0.35964310226492796,0.48249828414550444,167622290.16054374,250898527.08551115,49.68088483053648,-22.289655449282197,1.7267260909277116,1.5000000000000002,-22.062929358354488,1.0,96,96
21,0x22437c033d4df61d97b71e47ce25a3615b8a8230,0x860412a94963ef92561e79b2f91073e194670125,0x1e168ab1a521294f530812b3f5e0709fde53ffdf,2.0,37.28145971199903,1457,43,0.35964310226492796,0.48249828414550444,167622290.16054374,250898527.08551115,49.68088483053648,-20.541539714224477,1.198804828569362,1.5000000000000002,-20.842734885655123,1.0,96,96
22,0x3f6e8bf03169bc63d2c05500c7ebe8d406ed3093,0xf05babb8172bea20e974b458c593399be11250dd,0xcd211569a108fdac74d729ba7358a743a3c2e08d,0.1,30.797445241193692,667,31,0.17841079460269865,0.4737631184407796,36013253.47965111,66605270.75932985,84.9465525156299,-44.610785648545516,1.690652587047769,1.5000000000000002,-44.420133061497744,0.11650485436893204,36,309
22,0x3f6e8bf03169bc63d2c05500c7ebe8d406ed3093,0xf05babb8172bea20e974b458c593399be11250dd,0xcd211569a108fdac74d729ba7358a743a3c2e08d,0.25,30.797445241193692,667,31,0.17841079460269865,0.4737631184407796,36013253.47965111,66605270.75932985,84.9465525156299,-42.73929521960407,2.199651920596307,1.5000000000000002,-42.03964329900776,0.27184466019417475,84,309
22,0x3f6e8bf03169bc63d2c05500c7ebe8d406ed3093,0xf05babb8172bea20e974b458c593399be11250dd,0xcd211569a108fdac74d729ba7358a743a3c2e08d,0.5,30.797445241193692,667,31,0.17841079460269865,0.4737631184407796,36013253.47965111,66605270.75932985,84.9465525156299,-39.854383844122346,2.2085204472555655,1.5000000000000002,-39.14586339686679,0.4368932038834951,135,309
22,0x3f6e8bf03169bc63d2c05500c7ebe8d406ed3093,0xf05babb8172bea20e974b458c593399be11250dd,0xcd211569a108fdac74d729ba7358a743a3c2e08d,1.0,30.797445241193692,667,31,0.17841079460269865,0.4737631184407796,36013253.47965111,66605270.75932985,84.9465525156299,-34.92430807970174,2.8855255731270004,1.5000000000000002,-33.53878250657473,0.9676375404530745,299,309
22,0x3f6e8bf03169bc63d2c05500c7ebe8d406ed3093,0xf05babb8172bea20e974b458c593399be11250dd,0xcd211569a108fdac74d729ba7358a743a3c2e08d,2.0,30.797445241193692,667,31,0.17841079460269865,0.4737631184407796,36013253.47965111,66605270.75932985,84.9465525156299,-31.252764225861085,2.0568439354507766,1.5000000000000002,-30.695920290410317,1.0,309,309
23,0x4b54e8ed319fd091ed7503c946f404943c6eff1e,0xedc62851ef24928d934024f69bb073a305090663,0x84f8e5a324466deb7447048c014cf0245ce04afa,0.1,17.24814075534475,321,25,0.26791277258566976,0.470404984423676,75116971.74402598,197354390.49932876,162.72942840646968,-61.00914806923661,6.5912102044004754,1.5000000000000002,-55.91793786483612,0.410958904109589,60,146
23,0x4b54e8ed319fd091ed7503c946f404943c6eff1e,0xedc62851ef24928d934024f69bb073a305090663,0x84f8e5a324466deb7447048c014cf0245ce04afa,0.25,17.24814075534475,321,25,0.26791277258566976,0.470404984423676,75116971.74402598,197354390.49932876,162.72942840646968,-59.69172540745842,3.2971538226040265,1.5000000000000002,-57.89457158485438,0.5616438356164384,82,146
23,0x4b54e8ed319fd091ed7503c946f404943c6eff1e,0xedc62851ef24928d934024f69bb073a305090663,0x84f8e5a324466deb7447048c014cf0245ce04afa,0.5,17.24814075534475,321,25,0.26791277258566976,0.470404984423676,75116971.74402598,197354390.49932876,162.72942840646968,-57.66091212382805,2.008576560483027,1.5000000000000002,-57.15233556334503,0.5958904109589042,87,146
23,0x4b54e8ed319fd091ed7503c946f404943c6eff1e,0xedc62851ef24928d934024f69bb073a305090663,0x84f8e5a324466deb7447048c014cf0245ce04afa,1.0,17.24814075534475,321,25,0.26791277258566976,0.470404984423676,75116971.74402598,197354390.49932876,162.72942840646968,-54.055136171535835,1.4019634414630784,1.5000000000000002,-54.15317273007274,0.678082191780822,99,146
23,0x4b54e8ed319fd091ed7503c946f404943c6eff1e,0xedc62851ef24928d934024f69bb073a305090663,0x84f8e5a324466deb7447048c014cf0245ce04afa,2.0,17.24814075534475,321,25,0.26791277258566976,0.470404984423676,75116971.74402598,197354390.49932876,162.72942840646968,-48.32759789650658,1.2132929052586845,1.5000000000000002,-48.61430499124789,1.0,146,146
