width,top_n,positions,weekly_return_pct,median_position_return_pct,worst_position_return_pct,best_position_return_pct,gross_fee_return_pct,positive_position_share,annualized_simple_apr_pct
1.0,1,1,31.007594231564074,31.007594231564074,31.007594231564074,31.007594231564074,18.403996815923893,1.0,1612.3949000413318
2.0,1,1,28.977136532682614,28.977136532682614,28.977136532682614,28.977136532682614,14.670588631385934,1.0,1506.811099699496
0.5,1,1,21.02413806669945,21.02413806669945,21.02413806669945,21.02413806669945,11.727174609356613,1.0,1093.2551794683714
0.1,1,1,17.153105138183534,17.153105138183534,17.153105138183534,17.153105138183534,16.212662729675984,1.0,891.9614671855438
1.0,5,5,14.988311446045989,20.35166387429721,-17.540616656017537,35.350557621214264,22.193271942720564,0.8,779.3921951943914
0.25,1,1,14.972483653333546,14.972483653333546,14.972483653333546,14.972483653333546,10.57078421583881,1.0,778.5691499733443
0.5,5,5,14.489864610978213,18.158418034000178,-24.337443194870655,45.6148834896309,23.497314085353075,0.8,753.4729597708671
0.25,5,5,14.247247853359564,14.972483653333546,-33.09727103610424,54.3208686052995,25.456155256607477,0.8,740.8568883746973
2.0,5,5,11.571297587092845,18.128667709713152,-18.208862510982804,28.977136532682614,17.072535050461205,0.8,601.7074745288279
1.0,3,3,11.272880483281249,20.35166387429721,-17.540616656017537,31.007594231564074,22.48380822235524,0.6666666666666666,586.189785130625
0.1,5,5,10.340586485858866,17.153105138183534,-42.344422745258235,46.66507789722958,23.525720831448318,0.8,537.7104972646611
2.0,3,3,9.632313910470987,18.128667709713152,-18.208862510982804,28.977136532682614,18.051833857509,0.6666666666666666,500.88032334449133
0.25,10,10,9.13568742652654,14.972483653333546,-81.65583431351435,54.3208686052995,24.843680219066925,0.8,475.05574617938004
0.5,10,10,8.863273599997822,19.767571174762246,-79.6924544105626,45.6148834896309,22.52825591024483,0.8,460.89022719988674
1.0,10,10,8.080880464844965,20.35166387429721,-79.62391326592052,44.49949524936145,19.889761302329752,0.8,420.20578417193815
0.1,10,10,5.1994548082138525,17.153105138183534,-83.34385459676527,46.66507789722958,22.957140610268734,0.8,270.3716500271203
0.5,3,3,4.948370968609658,18.158418034000178,-24.337443194870655,21.02413806669945,19.069991400074912,0.6666666666666666,257.31529036770223
2.0,10,10,4.88412586423342,18.128667709713152,-77.8544116611161,42.2347357653178,15.168247210981354,0.8,253.97454494013783
0.25,3,3,-2.0640447397044634,11.932653163657303,-33.09727103610424,14.972483653333546,15.541960781969381,0.6666666666666666,-107.3303264646321
1.0,20,20,-3.3774770755847774,6.566895190651212,-97.43613426652692,44.49949524936145,13.44613398034188,0.6,-175.6288079304084
0.5,20,20,-4.029580656802981,11.9893266594312,-96.08142616829086,45.6148834896309,15.296897904234765,0.6,-209.538194153755
2.0,20,20,-4.4440520600969675,3.6120823228222187,-97.99038892456156,42.2347357653178,10.480392459817406,0.6,-231.09070712504231
0.25,20,20,-4.80332636812656,12.633843944515743,-94.04680693424154,54.3208686052995,16.780976938810078,0.6,-249.7729711425811
0.1,3,3,-6.3524103221919255,6.134086640498926,-42.344422745258235,17.153105138183534,13.995559489198577,0.6666666666666666,-330.32533675398014
0.1,20,20,-7.656416612468057,7.714238720039979,-92.67605648313729,46.66507789722958,15.907831667084702,0.6,-398.133663848339
