return_pct,max_drawdown_pct,annualized_vol_pct,worst_day_pct,passive_return_pct,excess_vs_passive_pct,path
2.6809862156309094,-1.5698211669430973,8.295694783698636,-0.9522985208626156,2.9315811028955086,-0.24345772655924858,1
1.2494778311680221,-2.082578873705576,10.657129847680077,-1.1930117633409787,2.028235629966413,-0.7632767478433888,2
2.8747828105494033,-2.186407001143187,9.831764843690607,-1.1890214068694616,3.5581478442766823,-0.6598853378054548,3
2.5478038492340316,-2.220182457983655,10.403739046896282,-1.0222177149466716,4.038746298885254,-1.4330646059190433,4
-2.9109921930322025,-3.9195537578354034,9.428236607638762,-0.9747285100057401,-2.5345034558778567,-0.3862789915443643,5
1.2402917309388028,-2.766976377239272,7.9686128609412945,-1.027075954354184,2.0921795210654404,-0.834430016209875,6
1.4702790749232975,-2.346556047926096,9.015007298280665,-0.9492501168862577,2.57016192508428,-1.0723224274173715,7
2.727593021744079,-1.7092950734855394,9.660963498266053,-0.6972476094924129,3.5472588867237143,-0.791586251333154,8
2.6472977893571947,-1.232179881018336,7.030592339124814,-0.5469034521725202,3.131520667680343,-0.4695197696962583,9
-0.12012592298912272,-2.7708718419236056,7.079010963572623,-0.8973239181304327,0.2927758316635609,-0.41169640707294786,10
-0.4420592227585063,-3.1503715782452146,8.587206056008911,-1.250621850443534,1.061124077729536,-1.4874001394758696,11
0.5000627778798616,-1.9874149110635897,7.515174992434946,-0.8434775353625246,1.4280420396780347,-0.9149139065852796,12
-1.1880316572399519,-4.554106705473382,10.246960149462247,-1.0423427103864125,-1.04062669498719,-0.14895502803805583,13
1.0994865249205565,-2.5698063086034173,9.368301822622726,-0.9032123357367472,2.3316895972843144,-1.2041265782016919,14
-0.7731616062677138,-2.1526997664795267,10.494921148670931,-1.127597704385741,0.08837717418392899,-0.8607780491358241,15
2.7821476904680065,-1.4143056090154649,9.552252770067168,-0.8387542000358295,3.4370672335599872,-0.6331574943179485,16
1.7076001240242444,-1.881165616471403,7.884541614667462,-0.7195812671633051,1.5439131532855477,0.16119821036599813,17
3.744398924317438,-1.3439950142521195,7.13143503558501,-0.5328158841238384,4.837310035587672,-1.0424829775766309,18
2.80199255032485,-1.5713817548173359,8.47530131472878,-0.637973908874423,3.220944128561909,-0.40587845981651105,19
3.861590783284763,-2.2539385346018403,10.447329812822826,-1.1230526136478458,5.934596439838846,-1.9568731332557099,20
0.39281089362366295,-2.7032172314977454,10.064760909923223,-1.4013392158015447,1.3777977348545134,-0.9716001562857124,21
-0.48799294833444806,-4.0271793794182775,8.989605715727752,-1.1008891002071919,1.105093530805612,-1.5756738098013479,22
3.6479838798097797,-0.8699163519189868,6.0248764842743805,-0.7600327973046439,6.226067880074271,-2.426978661372514,23
-1.0432750393487566,-3.8063159964214055,8.937840066323687,-0.9971002941285834,-0.725471939811817,-0.32012552035932673,24
3.44512296626891,-0.7271718293914264,5.601947735320391,-0.4522087858181645,5.096656147699696,-1.5714421771038878,25
-3.617590056859177,-4.852406871203618,8.848956275618502,-1.2288674453621806,-2.611642433648953,-1.0329239021459546,26
-1.0652021778743026,-3.788926194729114,8.619803553747598,-1.4302466949612125,-0.3482630067281556,-0.7194447309980756,27
1.9260360729928871,-1.7712422142716622,8.998664831683248,-0.6704444441281932,3.9079425349022756,-1.9073676309620757,28
3.8397387546990513,-0.8969644654321596,6.63503192590535,-0.35515036637380204,5.080137891213465,-1.1804315843195523,29
-0.20209434824670636,-2.0917233597471663,8.215482166490514,-0.7677057040746837,-0.43363684585038254,0.23255092409593114,30
1.0641430949611674,-2.5197457165784254,8.497129921201998,-0.842768018292317,2.8166907630537974,-1.7045361556436989,31
2.4297489302617103,-1.9635040675400672,9.209993089303623,-0.8888114440201877,3.1603464598831676,-0.7082154671762098,32
1.069058360010322,-3.144374983757725,9.803077101908658,-1.1817827951871585,3.7851353094992213,-2.617019230537432,33
3.086720712756952,-1.61762731270646,10.728948585734082,-0.8428230158071037,4.851936598854167,-1.683531981722619,34
4.495229208205198,-2.2425405415368305,9.783377308309023,-0.9497858488980659,6.762016674361759,-2.123215293947256,35
7.359740221541933,-0.9324364580766575,6.228644004434716,-0.5669814740009604,13.59277760269062,-5.487177541295585,36
4.2147776014053395,-1.704543604003983,6.983469541577144,-0.6874427189483168,6.1573444070945005,-1.8298939338947218,37
2.2826003909683923,-2.420736378497046,9.698036315341332,-0.9164109561715428,2.856330070478208,-0.5577971517325864,38
2.342071777339072,-2.630357540584727,10.304830510134252,-0.7508016118341732,4.375437392046155,-1.9481265568924155,39
1.902546006091077,-1.8950343633197697,8.006649474141689,-0.9896128445033847,2.0449363872002246,-0.13953693946054946,40
-2.4654826535622676,-5.675399780298463,9.71999765477611,-1.2458648417880025,0.3427124885751365,-2.798603976803149,41
2.5104080914886584,-1.6001437069947277,5.709542976208359,-0.6740687998817774,2.694253575269534,-0.1790221724978336,42
-1.7920135529090997,-4.855690974710147,8.926935188088942,-0.7881985441595241,0.39835895790569786,-2.1816815867808703,43
1.976446941802923,-3.044851368135426,8.53896108029518,-0.900718549800994,4.354621265898784,-2.278935321930964,44
1.6299733456607068,-2.1579693146344447,7.236007873985059,-0.6427891662593943,1.9028392018545448,-0.2677706120173262,45
2.53140915638832,-2.7977889346782914,9.065083260930766,-0.9635164608337354,6.523018419929372,-3.7471800205712724,46
-0.6662779562490284,-3.4217964615028684,9.246616236652567,-1.5147588729070627,0.10646225086736738,-0.771918405407146,47
1.26973496718783,-2.9441708631193775,10.894811984441018,-1.1848239904188151,3.5968734957817716,-2.246340502436772,48
1.5387129171229086,-2.795579645805979,7.937700234432318,-0.7194553852440944,3.5708864961109033,-1.9621088973341139,49
1.7076344332819016,-3.573876517829311,9.330540261035223,-0.9680609062341583,4.686945288670552,-2.8459239565862826,50
-1.8490641387421403,-3.8937234102837337,6.552048619270234,-1.0442447721474846,-1.3476788276808982,-0.5082346822691153,51
4.181127846098831,-2.195154858112125,9.501240241530665,-1.0448533490051704,5.366065441384094,-1.124591290679311,52
1.4996414831236704,-1.7254882266160787,8.517176235065547,-0.8137777310422978,1.5965695781392064,-0.09540488957255899,53
-0.6697531721359118,-4.44984512638541,10.5839538493032,-1.1065552428349612,-0.3378044950720138,-0.33307381538417724,54
-0.9041540971312823,-2.233432899400889,8.42299463229868,-1.2117030907150994,-0.12127025922124002,-0.7838343959138405,55
2.4150218981829674,-2.5441067234113657,7.851202056476563,-0.7655656381907905,3.4754816682231127,-1.024841588503378,56
2.5697224651935135,-1.7490095694288943,8.96799480374034,-0.8692645969077595,3.77442651794051,-1.160887217756612,57
3.437963287315582,-2.3754222371890177,7.442250914554877,-0.9672148701662553,6.53319559056742,-2.905415805931111,58
-4.3590313896533335,-4.782684266366843,9.33585683473836,-1.4904509025171375,-2.9105722109680765,-1.491881466056899,59
2.2707778287923697,-2.7404816349192007,8.502448018979383,-1.1554309725043455,5.9861699064411855,-3.5055442431107364,60
