return_pct,max_drawdown_pct,annualized_vol_pct,worst_day_pct,passive_return_pct,excess_vs_passive_pct,modeled_fee_capture_pct,fee_volume_vs_severe_case_pct
2.2689682759992946,-2.4439926341745966,11.476484969362936,-1.4423613309490158,3.255573159859604,-0.9554979490868143,0.0,0.0
2.28651531043107,-2.442174019195209,11.476814858381914,-1.4415687976737757,3.255573159859604,-0.9385041598948374,0.5,2.0
2.302966687127217,-2.440386333350475,11.47729701275429,-1.441031826956396,3.255573159859604,-0.9225714831465504,1.0,4.0
2.322222960549869,-2.436900538244968,11.477704228904258,-1.440004484381019,3.255573159859604,-0.9039223460265089,1.5,6.0
2.342617400440461,-2.4346331772183816,11.478373048178895,-1.4394700175254904,3.255573159859604,-0.8841709279998833,2.0,8.0
2.3627192913217687,-2.4317559935904676,11.47854823661305,-1.4384576885772882,3.255573159859604,-0.864702835124953,2.5,10.0
2.3827217008411283,-2.4288775340969515,11.478680857608426,-1.4376771113212894,3.255573159859604,-0.8453310870369379,3.0,12.0
2.403108882195193,-2.4259960731160546,11.479353064256767,-1.4368973397799412,3.255573159859604,-0.8255866986904614,3.5000000000000004,14.000000000000002
2.4235190269431772,-2.4231144237336744,11.479415998011055,-1.436117496610112,3.255573159859604,-0.8058200709691876,4.0,16.0
2.443917037106047,-2.4202325859903673,11.47979437238563,-1.435337581833085,3.255573159859604,-0.7860651952383835,4.5,18.0
2.464069174286543,-2.4173505599266565,11.480175055909925,-1.4345575954700873,3.255573159859604,-0.7665484402935352,5.0,20.0
2.484475414707221,-2.4144683455830873,11.480600685620985,-1.433777537542491,3.255573159859604,-0.7467855937989487,5.5,22.0
2.5048859003557578,-2.4115859430001607,11.480986126466544,-1.432997408071457,3.255573159859604,-0.7270186359254804,6.0,24.0
2.5253005452355426,-2.408703352218322,11.481373873529186,-1.4322172070782568,3.255573159859604,-0.7072476499582869,6.5,26.0
2.5457193499811126,-2.405820573278117,11.481763925867034,-1.4314369345842515,3.255573159859604,-0.6874726352828264,7.000000000000001,28.000000000000004
2.566142315227271,-2.4029376062200347,11.482156282537,-1.4306565906105684,3.255573159859604,-0.6676935912843573,7.5,30.0
2.5861926778080635,-2.400054451084488,11.482550942594989,-1.429876175178546,3.255573159859604,-0.6482754020600834,8.0,32.0
2.6066242011855367,-2.3971711079120106,11.482947905096331,-1.4290956883093342,3.255573159859604,-0.6284880697619788,8.5,34.0
2.6270568570296415,-2.3942875767430483,11.483347169095438,-1.4283151300242825,3.255573159859604,-0.6086996407030698,9.0,36.0
2.6474967878493016,-2.391403857618002,11.483725191964576,-1.4275345003445628,3.255573159859604,-0.5889041660432914,9.5,38.0
2.6679384145735563,-2.388519950577328,11.484218408586642,-1.4267537992914248,3.255573159859604,-0.5691070489495575,10.0,40.0
2.6883859645888464,-2.3856358556615054,11.484624774425729,-1.4259730268861182,3.255573159859604,-0.5493041953218647,10.5,42.0
2.7088376796765345,-2.382751572910846,11.485033437806148,-1.425192183149837,3.255573159859604,-0.5294973079434828,11.0,44.0
2.729293560471713,-2.3798671023658846,11.48544439777743,-1.4244112681038312,3.255573159859604,-0.5096863861993262,11.5,46.0
2.749753607609695,-2.376982444066955,11.48585765338814,-1.4236302817692725,3.255573159859604,-0.4898714294741202,12.0,48.0
2.770217821725729,-2.3740975980544254,11.486273203686453,-1.4228492241674218,3.255573159859604,-0.4700524371526571,12.5,50.0
2.7906862034551505,-2.371212564368763,11.486691047719082,-1.4220680953195064,3.255573159859604,-0.450229408619629,13.0,52.0
2.8111587534334292,-2.3683273430502583,11.487111184531901,-1.421286895246665,3.255573159859604,-0.430402343259606,13.5,54.0
2.831635472295946,-2.365441934139334,11.487533613170262,-1.4205056239701253,3.255573159859604,-0.4105712404572248,14.000000000000002,56.00000000000001
2.8521163606782807,-2.362556337676369,11.487958332678346,-1.4197242815111255,3.255573159859604,-0.39073609959695554,14.499999999999998,57.99999999999999
2.872601419215992,-2.3596705537016316,11.488385342099404,-1.4189428678908045,3.255573159859604,-0.37089692006327946,15.0,60.0
2.893090648544705,-2.356784582255511,11.488814640475923,-1.4181613831304118,3.255573159859604,-0.3510537012406001,15.5,62.0
2.913584049300111,-2.3538984233783644,11.489246226849325,-1.417379827251053,3.255573159859604,-0.3312064425132877,16.0,64.0
2.934081622118012,-2.3510120771104592,11.48968010026046,-1.4165982002739441,3.255573159859604,-0.31135514326559033,16.5,66.0
2.954583367634145,-2.348125543492152,11.490116259749106,-1.4158165022203129,3.255573159859604,-0.29149980288177835,17.0,68.0
2.9750892864844003,-2.3452388225637,11.490554704354086,-1.4150347331112645,3.255573159859604,-0.27164042074605543,17.5,70.0
2.9955993793047364,-2.342351914365448,11.490995433113351,-1.4142528929680043,3.255573159859604,-0.25177699624249206,18.0,72.0
3.0161136467310445,-2.339464818937642,11.491438445064095,-1.4134709818117264,3.255573159859604,-0.2319095287552364,18.5,74.0
3.0366320893994603,-2.3365775363206276,11.491883739242725,-1.4126889996634806,3.255573159859604,-0.21203801766822572,19.0,76.0
3.0571547079460526,-2.3336900665545945,11.492331314684511,-1.411906946544561,3.255573159859604,-0.19216246236545276,19.5,78.0
3.077681503006935,-2.330802409679844,11.492781170423738,-1.4111248224760065,3.255573159859604,-0.17228286223083256,20.0,80.0
3.098212475218376,-2.327914565736622,11.493233305494606,-1.4103426274790998,3.255573159859604,-0.15239921664819134,20.5,82.0
3.118747625216578,-2.3250265347651844,11.493687718929351,-1.4095603615748353,3.255573159859604,-0.13251152500134422,21.0,84.0
3.139286953637943,-2.322138316805744,11.494144409760231,-1.4087780247844517,3.255573159859604,-0.1126197866739953,21.5,86.0
3.1598304611188066,-2.3192499118985133,11.494603377017999,-1.4079956171290764,3.255573159859604,-0.09272400104987089,22.0,88.0
3.180378148295615,-2.3163613200837707,11.495064619733052,-1.407213138629837,3.255573159859604,-0.07282416751254184,22.5,90.0
3.200930015804837,-2.3134725414016732,11.495528136934617,-1.4064305893078166,3.255573159859604,-0.05292028544566785,23.0,92.0
3.221486064283141,-2.3105835758924,11.495993927651298,-1.4056479691842205,3.255573159859604,-0.033012354232619945,23.5,94.0
3.242046294367018,-2.307694423596174,11.496461990910447,-1.4048652782801319,3.255573159859604,-0.013100373256969,24.0,96.0
3.2626107066932253,-2.3048050845532075,11.496932325738971,-1.4040825166166448,3.255573159859604,0.006815658097925059,24.5,98.0
3.283179301898431,-2.3019155588036355,11.497404931162764,-1.403299684214887,3.255573159859604,0.026735740448691203,25.0,100.0
3.7987554813270874,-2.229616852741345,11.509955143711831,-1.3837059459127277,3.255573159859604,0.5260561777392203,37.5,150.0
4.316956321529286,-2.159648926561697,11.523908439911914,-1.3640683382925345,3.255573159859604,1.0279185221571119,50.0,200.0
