50pct_fee_haircut,75pct_fee_haircut
10000.156995030504,10000.078497515253
9999.921907074844,9999.768085895688
10000.689511880315,10000.481038993783
10003.637121458483,10003.374576789785
9998.040138659742,9997.710255746173
10003.58756487737,10003.181669428937
10008.372194336056,10007.90485237792
9999.050942969468,9998.546533625353
10004.939005597884,10004.391560160624
10002.617099675514,10002.007898795528
10005.969825504713,10005.299618332125
10011.025879296616,10010.29168489111
10008.710768861933,10007.904941606823
10010.03824731137,10009.127133910755
10011.667320360895,10010.701098732474
10003.42892016745,10002.3898971801
10009.106891817224,10007.993139650249
10009.625348956435,10008.454527292286
10014.48247481957,10013.211832062847
10029.993495066386,10028.640700751366
10032.454374606112,10031.022573487524
10031.748866984115,10030.22836771691
10063.411367315819,10061.72849298397
10054.451668869304,10052.66195909779
10057.957533577322,10056.090822710566
10045.166715449637,10043.169446082442
10048.041138351095,10045.909165620593
10031.777182334929,10029.39679056356
10024.638747296869,10022.10088020741
9957.07140708567,9954.367442807603
9978.827714640387,9976.006320699224
9948.735943093388,9945.821365181164
9940.08948654909,9937.088892841017
9960.89406662565,9957.811375618547
9955.67730580668,9952.534793273659
9984.491000297337,9981.265144322677
9994.057961757295,9990.768141920507
9984.832276912963,9981.481023129485
9994.944084622333,9991.512988137016
9996.975893061986,9993.482936405526
10003.621488124827,10000.060659169518
9990.077658595575,9986.447488231352
9993.244669861102,9989.474821551768
9991.977382577381,9987.951403606592
10006.76910865079,10002.534317310501
10011.2088548215,10006.698862833771
10020.631748668331,10015.950642052143
10019.592897342081,10014.775958327631
10020.494988925002,10015.488312229578
10032.105981668692,10026.945157662823
10029.77814575459,10024.466308806412
10034.17669309865,10028.751387061358
10028.00118451292,10022.394564607019
10018.91013852456,10013.188580133792
10026.887213786838,10021.025377621338
10017.841711612818,10011.863017209533
10013.550331186329,10007.459652542719
10027.902949183963,10021.68856878252
10025.03062367624,10018.677560442546
10036.15381107456,10029.668197534522
10031.927376877613,10025.349154678295
10028.565285132148,10021.888306663659
9992.682774499122,9985.851866378618
9995.271769029407,9988.322329165647
9992.332773219568,9985.237578546117
9999.945584635898,9992.680659311862
9984.72885745794,9977.297040105059
9989.90837271309,9982.177583594943
10006.128923011083,9998.152143512467
10020.302874564723,10012.0453650733
9991.126828440236,9982.582023855859
9981.445332924486,9972.724054716631
9952.367024181543,9943.406476108545
9968.716808476489,9959.55852356873
9978.044943572408,9968.658159458788
9971.695536736499,9962.057222544836
9967.44153306805,9957.626431055083
9979.571019729847,9969.337140427724
9969.478628667506,9958.97739200234
9944.131620951643,9933.418145835836
9963.005831140319,9952.087504575053
9965.726105800679,9954.639591109091
9961.863153611968,9950.63879072757
9966.61371590947,9955.220772328354
9990.988615427952,9979.441277521399
9977.66383555561,9965.998578240806
9933.23753723237,9921.389638716813
9917.134082710147,9905.130018507456
9907.47933199888,9895.273148571196
9930.110865014527,9917.684086493984
9937.494778169572,9924.897288858489
9970.510029262097,9957.563212603101
9983.179880319407,9969.581119255532
9987.003257502603,9972.887312485458
9983.256733648692,9968.858041044434
9984.10821393038,9969.470107605192
9989.394773371234,9974.517619999318
9978.945688164702,9963.856000780588
9983.701582312262,9968.364020952013
9990.289521657392,9974.767046678333
9975.96916728233,9960.038986898257
9986.798624641578,9970.711259936104
9976.707830716323,9960.461992022907
9982.26847215465,9965.81072336848
9996.263160295031,9979.618590406955
10005.620314317204,9988.830985470406
10006.121194791995,9989.19559713295
10001.885282262976,9984.785574222673
10007.359069424332,9990.147062859225
9999.347361933304,9981.98081426844
10006.221923426503,9988.71391662179
9992.476573835118,9974.846821604073
9992.692104247382,9974.959227415271
10000.569818477325,9982.702437084039
10028.88861813214,10010.540402260118
10045.321999492797,10026.411532538723
10095.794519103203,10076.231906146084
10127.773081737112,10107.759372258835
10116.22472094554,10095.84454291735
10120.555665419963,10099.873227340791
10131.969881904455,10111.033034849635
10135.840183737913,10114.632793160205
10129.737762710036,10108.288313028102
10134.611367124566,10112.899591398991
10126.369643547223,10104.428312627851
10134.097657975084,10111.945231284217
10134.441773336323,10112.061686838666
10134.779888035202,10112.19012044083
10134.623824855009,10111.832088721167
10137.529089077765,10114.530206257547
10139.488086458518,10116.265036733737
10135.112582996018,10111.660352858189
10138.185076351188,10114.399706501294
10139.871124440006,10115.781269210693
10154.29123087436,10129.801490663205
10156.484071228704,10131.705238362
10156.37753598651,10131.359174025565
10157.614250411312,10132.358522328368
10100.733995536608,10075.117619770648
10102.251417883737,10076.231096979829
10084.62277838425,10058.117615803432
10093.670705972587,10066.880572921127
10100.89004358797,10073.819054937636
10087.05596753307,10059.71153504025
10091.020461069786,10063.470197866785
10094.597002561293,10066.840576738246
10089.921182678487,10061.986298259691
10094.040343229724,10065.90230927003
10096.081140415245,10067.768267743311
10095.690416448977,10067.002713108923
10097.57331721855,10068.664170333202
10092.463975033002,10063.354771153481
10094.619194167673,10065.374498216273
10094.5092255174,10065.12357195971
10095.783493048848,10066.260490349609
10096.756712736571,10067.06141952667
10099.31211981016,10069.47836677952
10102.277736929045,10072.341786998022
10101.033814923152,10070.992159306448
10106.190988104045,10076.057531497308
10102.496956180103,10072.29245166717
10105.076340147683,10074.788139304328
10105.700427345548,10075.282174265532
10098.822922658348,10068.218273607565
10110.204288711779,10079.43606789826
10121.380660904408,10090.393077178262
10119.071307617876,10087.724216619812
10133.442503944992,10101.805853062144
10123.989118985563,10092.20709935111
10118.775699017195,10086.851906615346
10127.57892632758,10095.434858539362
10126.412329052182,10094.094068776665
10111.475395443375,10079.041809015138
10152.039364814382,10119.29594306337
10131.573714613465,10098.74498960472
10149.728901134484,10116.640172944963
10148.462205533568,10115.225250471041
10152.647339374462,10119.24510807042
10149.066449043836,10115.503665802917
10157.612542272298,10123.824149988644
10150.836936814001,10116.98846972006
10147.256283106199,10113.276744017021
10146.957104093954,10112.899983722351
10148.654659132948,10114.49203425202
10149.306463572253,10115.055909596545
10150.659172769712,10116.284567378712
10151.154733800406,10116.663041458067
10144.970085537472,10110.340441962167
10137.149568219378,10102.314992381343
10134.325668482601,10099.298630982585
10136.896794071467,10101.732267025733
10145.771797318645,10110.437366315222
10147.17299604356,10111.718002961365
10146.583731408915,10110.7722948637
10151.616545448438,10115.51501886754
10159.209546764017,10122.866091152311
10159.448057634278,10122.910249829616
10163.669494039157,10126.911067110328
10162.833568827318,10125.919909216624
10157.166583073533,10120.109184268038
10166.042278994591,10128.748288405262
10155.496608240615,10118.111056407986
10152.107250870718,10114.566214241047
10158.021296054241,10120.321987744775
10156.96043786507,10119.134197174719
10145.804383411942,10107.84424184865
10153.123216013064,10115.041250410657
10148.005117759447,10109.832286620209
10149.918213288418,10111.626439905049
10147.466192555694,10109.092076974608
10158.34700253892,10119.799128754288
10160.370109966118,10121.660930786318
10149.672030940934,10110.804808071462
10133.33441312747,10094.273751251098
10143.999276902523,10104.736982066537
10154.844585429919,10115.37761923304
10153.924493926384,10114.349635562872
10158.057128580067,10118.366687904734
10157.324306498998,10117.48843417336
10154.866116391384,10114.858561283043
10145.872050861617,10105.704049695427
10151.718351440086,10111.393136383775
10154.750353959085,10114.135414834102
10164.68293062751,10123.85576954213
10151.348221163953,10110.433015277493
10152.95100419009,10111.90352255834
10150.171323402434,10109.056024241287
10138.885001333565,10097.653582530073
10133.041787383647,10091.677352883868
10138.61061667035,10097.11463347589
10141.35304886687,10099.65541597097
10153.612636652595,10111.711016994757
10145.64662943984,10103.650123475585
10139.140280879876,10097.037313896159
10140.789309149548,10098.550804228233
10119.437395332234,10076.892556948891
10133.815676209018,10090.889723502518
10143.510595037113,10100.293501288446
10143.667948000262,10100.210140693423
10140.267462799033,10096.664365733111
10131.148400391889,10087.348285907576
10126.481405008877,10082.497706233244
10135.687106853004,10091.536554229915
10131.69063203193,10087.421369088222
10134.414561016338,10090.024565986323
10132.062755142168,10087.601136124422
10143.531286204357,10098.926221853242
10145.282084978393,10100.534604574448
10147.325629955852,10102.440577491854
10142.764268252344,10097.803528645214
10158.990272562216,10113.80086615613
10149.996319160686,10104.727336881033
10149.851191967875,10104.434939705512
10156.151660203965,10110.55971894627
10164.122394084632,10118.36484213228
10135.88963009554,10090.109713477366
10128.890498360037,10082.990617348738
10142.687612869024,10096.59748220662
10148.979047174375,10102.725448954852
10154.116510473339,10107.589118542712
10138.204220024176,10091.422026248161
10132.054778557382,10084.86187073417
10137.258184539804,10089.822837303866
10136.849553397244,10089.187789836853
10128.554898809092,10080.74064496932
10113.452997974387,10065.51207340275
10116.022055500549,10067.915041761255
10111.19655636541,10062.997015879448
10106.116536389814,10057.787586510516
10117.35304237265,10068.887709550392
10116.3757590088,10067.78791479049
10111.245961106893,10062.492820686834
10122.863661016896,10073.94680122821
10122.616037558984,10073.601480554438
10126.447486663641,10077.318607787778
10132.053683171853,10082.836219466102
10130.33579195087,10081.037833787706
10121.637227422576,10072.281814174808
10125.828852326398,10076.380207154863
10122.46893837535,10072.933897759747
10116.61924629648,10067.004439746888
10110.074596442782,10060.365735159005
10052.513253679632,10002.560349431687
10060.129268033166,10009.69791126293
10079.02107269154,10028.285924754591
10073.286666257942,10022.13050946717
10088.551851047816,10037.072121879582
10115.100862455165,10063.291921303138
10109.120107333856,10057.157828706439
10106.06217064572,10053.93904714694
10107.052450848112,10054.828650049953
10107.484776237072,10055.15018553076
10086.544519570296,10034.134601504633
10082.750792162145,10030.19919796044
10108.108560699844,10055.308321121986
10099.201321201886,10046.301481999697
10086.077246761928,10033.019439330503
10090.23910637741,10037.02760615156
10104.929700362176,10051.540000509454
10116.163336047828,10062.625763893619
10124.419067231645,10070.780874164968
10120.545633900038,10066.838818097573
10134.543926123712,10080.681433977048
10129.105605028262,10075.176717983246
10120.793690133823,10066.809448265221
10117.391500387117,10063.33281113338
10163.436098325188,10108.524873941773
10253.23911485,10197.376232147753
10218.701826954682,10162.362606385796
10218.888939110711,10162.148838976162
10210.876945082324,10153.843066271209
10206.327739107848,10149.16576522016
10193.581959754922,10136.170666020429
10190.262267552842,10132.65090021721
10184.07698353093,10126.347474988777
10175.98528647493,10118.177905336908
10168.227869557873,10110.295014793308
10173.139469985512,10115.070758393378
10177.532435225228,10119.360337348784
10179.779744409334,10121.505854921157
10175.68857897547,10117.345765005917
10183.105342662031,10124.658549667936
10179.324130767913,10120.810093909073
10178.173435336596,10119.60038952139
10184.443934138162,10125.7994847363
10184.035715168216,10125.338173384933
10194.20662401201,10135.401581148602
10189.218569303992,10130.346926713471
10196.644758715112,10137.680428414164
10195.306248376475,10136.226043633684
10197.615040093917,10138.429208606642
10200.66985942368,10141.320119258111
10198.851590732269,10139.311803227554
10193.559167331841,10133.89960068119
10196.007885372921,10136.267921529161
10193.873424179928,10134.075527886562
10188.622507751461,10128.788185856254
10184.365065262591,10124.47232034341
10183.50346707711,10123.48496068379
10185.708138209817,10125.602606866556
10182.791235029414,10122.629966058006
10187.06217585014,10126.816316772836
10184.911332359781,10124.613222258393
10190.19346399904,10129.835623624635
10183.156366759311,10122.793377798731
10183.090619375429,10122.66466900764
10178.076516247706,10117.626470554296
10177.90561791029,10117.37226244635
10172.552910680855,10112.018483642678
10171.968481454931,10111.340961760885
10151.457530685291,10090.825005783958
10134.794897535725,10074.084274617042
10123.380734160492,10062.670335121828
10130.298487735925,10069.435995263962
10124.715934902895,10063.819234337689
10126.531559060295,10065.456357043518
10142.039580372664,10080.690596782213
10143.152818501383,10081.659424080237
10160.002485566765,10098.25020707834
10152.383372486376,10090.562552246025
10155.816309153326,10093.899109055323
10148.99755113948,10087.029122014636
10159.356369182893,10097.245537762958
10160.126096564947,10097.974576218938
10129.72107482468,10067.595730344401
10122.09453310023,10059.87948452114
10133.449552652586,10070.951777060793
10136.830905165103,10074.143585891297
10152.139225642808,10089.147709365798
10153.968876281953,10090.87979669368
10152.879720878718,10089.716036880722
10147.415152279704,10084.241320407138
10156.4534551412,10093.157108869134
10146.215085309206,10082.875354705697
10143.487330464408,10080.02259036998
10148.466846092673,10084.802679397057
10142.803821370078,10079.110817850284
10138.790733331156,10075.031055462263
10131.09857109593,10067.230917373388
10121.80813018914,10057.639959155467
10120.636384888807,10056.157999235009
10143.954077014298,10079.081612217502
10167.275822849742,10102.04093885952
10164.751609440329,10099.289921091044
10170.538238311074,10104.869920129158
10162.500153757868,10096.677745081277
10186.472128702439,10120.141590042647
10173.340621660287,10106.888961264425
10163.883816059957,10097.386263686001
10149.519771177112,10083.002870582905
10146.413117357373,10079.815103891438
10147.174766622717,10080.392243153223
10151.789451739762,10084.89236845471
10137.986160040147,10071.073802864903
10136.264309519565,10069.312519721832
10134.066979346619,10067.014677281608
10121.863943986104,10054.852928024713
10102.75923184651,10035.78477270424
10110.43728412508,10043.321540757883
10118.842983015602,10051.624372038086
10127.525148260927,10060.16707335422
10121.762015675196,10054.398940455723
10129.935299326242,10062.399170474222
10101.135292746034,10033.395101969953
10045.75008783338,9978.089508273486
10074.833635665482,10006.733639621481
10066.004188572257,9997.779728392909
10083.4483555665,10014.860346507188
10031.805146368337,9963.06831244966
10057.68544724688,9988.521893893634
10060.012658201229,9990.754951971128
10040.822423770684,9971.65431413296
10044.627676361943,9975.336018116423
10046.83453865051,9977.418604732535
10054.157210838484,9984.653357637853
10032.056024768826,9962.6412420702
10049.391450171828,9979.74765160772
10058.514256830316,9988.768031313488
10059.684356417187,9989.875937245533
10061.927163837949,9992.010216082957
10047.24373556118,9977.367931906796
10053.367607462085,9983.387236339524
10058.482405141103,9988.383589270587
10055.473958560253,9985.3300875213
10059.358522401619,9989.163365828052
10078.626259494733,10008.180851992784
10073.547841848569,10003.084906818141
10072.947105149182,10002.302353198043
10059.737194372196,9989.066497138214
10076.942159832864,10006.007227380305
10072.63593324706,10001.63000972011
10060.0510021336,9988.967671797724
10052.211761743714,9980.26842238594
10065.610430725787,9993.169518956773
10077.950288192375,10005.334311987297
10077.266923336405,10004.6183213295
10059.403231416056,9986.85356936025
10099.733648133757,10026.774873085422
10106.956376856138,10033.871241476721
10109.232655010295,10035.974883447037
10111.55442311844,10038.234844931038
10119.867539130972,10046.427270979417
10126.32787650317,10052.758547703073
10119.1612912204,10045.558354868519
10124.9292040933,10051.216956428518
10135.367431759625,10061.51157813611
10140.151720582908,10066.198147304087
10137.934662094209,10063.956872929348
10132.43589629073,10058.448389377489
10133.874735463845,10059.782604070224
10167.573286490106,10093.010100069181
10159.11207848566,10084.220762204048
10173.359903728198,10098.075865293978
10180.07719409694,10104.554612919517
10176.66838837201,10101.02873635791
10176.208843735038,10100.416976491284
10173.027630253275,10097.137965821315
10167.9760537704,10092.041044129433
10170.18068055005,10094.136934393991
10166.999871139556,10090.85763043759
10157.101614428955,10080.967967788625
10162.291273922845,10086.058224905324
10165.99990522323,10089.69449262372
10171.278670393933,10094.829556641722
10181.682869388547,10105.085255479731
10199.319364340923,10122.422971672784
10207.998918790054,10130.907500990586
10210.532722755299,10133.320859398069
10216.134524099338,10138.792098222724
10224.144548361128,10146.634497318659
10230.39400626869,10152.707716828461
10231.472786931748,10153.630619290703
10236.32614660462,10158.366373962743
10224.00686109566,10146.01369636784
10213.148554142608,10135.093863803952
10254.107177604674,10175.327219035893
10260.12586976505,10180.952157974674
10265.457440177623,10186.059268781828
10268.535085104046,10188.87023434556
10274.734778523323,10194.861844505982
10279.785409480362,10199.72538038499
10296.982750000287,10216.532614594591
10296.962554964886,10216.398428518038
10298.652276819299,10217.983307940487
10299.175725296818,10218.425579203526
10297.551320898423,10216.748863334395
10298.036564572827,10217.140073945728
10296.238054819114,10215.267197870948
10297.483234430752,10216.432629334215
10300.03167462817,10218.930639657763
10298.681669586316,10217.541675592129
10298.712617449555,10217.493729064952
10300.924537755516,10219.662998461934
10299.279233039568,10217.979564631236
10305.822507383798,10224.39007715649
10304.671724594711,10223.18477048781
10304.893851856086,10223.374586917
10304.534009419065,10222.983340198201
10302.705771639765,10221.126456430618
10296.955902654508,10215.346008528442
10302.270774908648,10220.59170169442
10302.916187357181,10221.051412586854
10303.030759841828,10221.022357668422
10305.72205397879,10223.587380003533
10301.996922079546,10219.814223112371
10294.82933395543,10212.65459955314
10298.087013920343,10215.836380323903
10295.56830949216,10213.298923839564
10293.559847004053,10210.916561472866
10296.977499871293,10214.249680110786
10295.923510403432,10213.17424113527
10286.477244964475,10203.792177996977
10232.778843986085,10150.556360562612
10249.02635740639,10166.471083914952
10236.73770273429,10154.236791230473
10235.801701833418,10153.270835778389
10233.821272834657,10151.258633222487
10229.367875689462,10146.77187087721
10229.207306814098,10146.59379104954
10232.502377259843,10149.790094213273
10225.551349651696,10142.911637105906
10230.613074333298,10147.82453420312
10230.552602999536,10147.71212251974
10232.744755954014,10149.814469853785
10247.698567888143,10164.54790002963
10269.81488791452,10186.24701514919
10298.623263669077,10214.562918906051
10289.899459201773,10205.834677086743
10290.88493028219,10206.734539835876
10297.412323247514,10213.124555849976
10290.68372800281,10206.39380822041
10289.592560966772,10205.222438674573
10306.809768834044,10222.133351442917
10315.740865933873,10230.914202189359
10359.152270681856,10273.531866795955
10324.935194448557,10239.517441175089
10333.694435900168,10248.061934563368
10337.371344176001,10251.584939703338
10333.893272039275,10248.08523765819
10339.219343061324,10253.287593548705
10336.291684441689,10250.310063654422
10335.38539516433,10249.36287363278
10370.03559360283,10283.424494833494
10381.471401940784,10294.540243066269
10380.838944949788,10293.846558331286
10388.673036992868,10301.518935752356
10389.582130609899,10302.269595054699
10394.679719871543,10307.09287430463
10401.277349757333,10313.394087125847
10413.775788203373,10325.45125441457
10428.761427788306,10340.066462245333
10417.063758510161,10328.329047014653
10430.405805441373,10341.461733521308
10431.925004741139,10342.777237861616
10440.838697948166,10351.452522935997
10437.68051916783,10348.268539648157
10439.094824447171,10349.595585877847
10441.486852967808,10351.918831494406
10434.726292057592,10345.145903654904
10429.934142676833,10340.308444636823
10426.324643597258,10336.67909945978
10422.156843192546,10332.460847732571
10417.434059039226,10327.753121182486
10416.63553994314,10326.866824529066
10415.181018975982,10325.38216782119
10413.301063796727,10323.495542612134
10429.783984940774,10339.700600782664
10431.68930683588,10341.515703905578
10427.105989029355,10336.93469077972
10423.663591197355,10333.45892777024
10430.167168269974,10339.80624374156
10438.568321403101,10347.881807799757
10432.949996829515,10342.163455141308
10439.619239499563,10348.566110814181
10444.338637529883,10353.130043740442
10444.00039916662,10352.671898944947
10442.739421644637,10351.334209579773
10442.4792547072,10350.997373712322
10441.37408481696,10349.795250803963
10440.348493240748,10348.703037253423
10440.709632669292,10348.958556681846
10442.356455384292,10350.510629738395
10446.08200580853,10354.09977779382
10441.937968351805,10349.916878715567
10446.923421977703,10354.762096989585
10455.19790237239,10362.882874561936
10459.797308648278,10367.37245941758
10446.828222033859,10354.47795382632
10442.394300685999,10350.016426219974
10442.008601468473,10349.607039579307
10437.287222050556,10344.866656130662
10438.342461281936,10345.862670418088
10431.659633165307,10339.170215205117
10425.50396480838,10333.003036062266
10426.494829523015,10333.930973860162
10416.891427936438,10324.15229140927
10391.620263145853,10298.753401639016
10367.963663021617,10275.156312431656
10366.992994070857,10273.999466706404
10376.723874001727,10283.51457719962
10379.30156915028,10285.989416975242
10382.52192308097,10289.0453529668
10382.707065158736,10289.185533431662
10383.89658609866,10290.289934717937
10392.069645175485,10298.279071664754
10387.05279399607,10293.28318475639
10383.84626961108,10290.047279399289
10383.92158399735,10290.06893339809
10389.987142222826,10295.981008454364
10381.497945913161,10287.528777499547
10387.549198472989,10293.465669537842
10388.022021263709,10293.844097524183
10387.059116995071,10292.815548978266
10388.786138332627,10294.416191921597
10360.830773960297,10266.587495547685
10343.37631845766,10249.090815366562
10349.13746404866,10254.692916710312
10348.217932915526,10253.732363319274
10348.838607539905,10254.258677497686
10366.29073880488,10271.262558847937
10356.120508636113,10260.986690879505
10377.877689172616,10282.334363323393
10393.15753818749,10297.232396838443
10376.575551453529,10280.689567857518
10396.510754170737,10300.265963823982
10400.96660383845,10304.56785209347
10388.082827996213,10291.705876502314
10391.513342330121,10295.080011042055
10385.702217231163,10289.260114733499
10392.236435232502,10295.694476854202
10394.093440427168,10297.492847712994
10391.250948366307,10294.613281046959
10387.410888475948,10290.781080425415
10390.527049108492,10293.821222702105
10387.920703936441,10291.185564137033
10394.20147471599,10297.367707841102
10391.493413686585,10294.634129637976
10386.438441164219,10289.58154461054
10406.91967242648,10309.7646448032
10417.627261554082,10320.263175567412
10421.807245415883,10324.308042202701
10423.588134268957,10325.962452247168
10419.885419824577,10322.09811849819
10406.604237151292,10308.694204041425
10400.830103544582,10302.688923600623
10403.103520580198,10304.782592131962
10403.950326427324,10305.447398788387
10401.138406680842,10302.587055296706
10410.734166360962,10312.005046633136
10408.197204200733,10309.39940297347
10403.94398162544,10305.10321842503
10404.24731688516,10305.348732852115
10413.732459102455,10314.69891423398
10415.366056657489,10316.316981977938
10407.521445998114,10308.475498963255
10410.903368648937,10311.769136698884
10411.66604155877,10312.515024586603
10409.330977766509,10310.183159448752
10407.81824649602,10308.658685099124
10406.34268765395,10307.192052555922
10402.31002527233,10303.156296472269
10408.06458326059,10308.85002199118
10408.333620433728,10309.057309281772
10400.768639717982,10301.560603814343
10406.347834213915,10307.055883623338
10408.612850178644,10309.273499183522
10409.768191432137,10310.411573734977
10406.822528112432,10307.464343109155
10407.832365797944,10308.428053935324
10409.659604200628,10310.189396386817
10408.04910731687,10308.571379239687
10409.071938124393,10309.54623598198
10404.430683714821,10304.957203186868
10401.64773150704,10302.185498708059
10396.92015090484,10297.471789907875
10406.296597950488,10306.685671758303
10405.330479866143,10305.680667817125
10410.669650633521,10310.919804227377
10413.643441299018,10313.86674047068
10418.140763478576,10318.266190408387
10414.87287254002,10315.012524102756
10410.381415117845,10310.539369400834
10411.504502023221,10311.646316383132
10419.283382025093,10319.260013644913
10421.100066899857,10321.04450436075
10425.98823811775,10325.794174981234
10426.810810671412,10326.573599327228
10429.135573602729,10328.841709425877
10424.65218502016,10324.378013455553
10424.228184365416,10323.954278888625
10424.686129691649,10324.394767763632
10422.835001613352,10322.461505886266
10407.650381058365,10307.430938080033
10411.597755812947,10311.25521244082
10405.80783104607,10305.481282943503
10410.928509845271,10310.507782269822
10421.446424926027,10320.900309256067
10412.695721122396,10312.2003929706
10410.203284200896,10309.748050296686
10412.213536527737,10311.708175831278
10393.789773588016,10293.372233654976
10406.600309254283,10305.970050968435
10393.798213366248,10293.192403833971
10386.005400682412,10285.373497084935
10379.078552532746,10278.430203840226
10379.509911202686,10278.755592084304
10386.453067735103,10285.570219526435
10374.041154137714,10273.205493892752
10371.268427675128,10270.40354056828
10369.017352380426,10268.099417160127
10373.144894154037,10272.085286319656
10368.586662763082,10267.504463664212
10379.529569418204,10278.20921379521
10401.183387103609,10299.416025455204
10423.967302447818,10321.751769916373
10429.234099180501,10326.678193835922
10405.252598017443,10302.71744822436
10415.988067238839,10313.126385844434
10424.690206291669,10321.52161507168
10431.695632152929,10328.317930189844
