return_pct,max_drawdown_pct,annualized_vol_pct,worst_day_pct,passive_return_pct,excess_vs_passive_pct,weth_pct,nvda_pct,qqq_pct,aapl_pct,reserve_pct,minimum_fold_excess_pct,median_fold_excess_pct,positive_excess_folds,plateau_score
2.7196463689580064,-1.8849264113621755,9.537696549876593,-1.1482658783202648,2.685525141800782,0.03322885782597318,35.0,15.0,20.000000000000004,10.0,20.000000000000004,-0.05866951231466855,-0.010269351898739565,1,-0.34654314996836466
2.8964803300855824,-1.999287074817191,10.166975454229041,-1.255081814480108,2.877653397139235,0.018300313357322295,40.0,15.0,15.000000000000002,10.0,20.000000000000004,-0.05118843513080007,-0.018228847364232248,1,-0.36019592003549483
2.816657435010206,-2.035749609391302,10.321513500343062,-1.2510145316764532,2.784313256605553,0.031468010418977954,40.0,15.0,20.000000000000004,5.0,20.000000000000004,-0.05828315721042587,0.0017887187943044225,2,-0.36275123922196895
2.9657371119714115,-2.052698663659247,10.488975549531208,-1.2807329662989364,2.9373106522610826,0.027615312203321807,40.0,15.0,20.000000000000004,10.0,15.000000000000002,-0.05655675782902936,-0.013040248577844693,1,-0.37098168166683876
2.790997815871643,-1.9691100554811158,9.605412947662856,-1.1385622644601523,2.7520021389389804,0.03795125751411277,35.0,20.0,15.000000000000002,10.0,20.000000000000004,-0.07153540671646086,-0.009424551005543513,1,-0.3716141905414
2.7111749207962665,-1.9999682042029066,9.76914652069378,-1.1343437258416134,2.658661998405276,0.05115293865003423,35.0,20.0,20.000000000000004,5.0,20.000000000000004,-0.07862292447932129,0.010645543732756835,2,-0.37329538324337885
3.073314291213114,-2.117873469169318,10.811133012673114,-1.361602449840038,3.06978165247771,0.003427424293311887,44.99999999999999,15.0,10.0,10.0,20.000000000000004,-0.04371148438092609,-0.026167638528695747,1,-0.37447632402067166
2.9934913961377596,-2.1543886081545227,10.959281567374136,-1.3576720573517775,2.9764415119440057,0.0165570726113895,44.99999999999999,15.0,15.000000000000002,5.0,20.000000000000004,-0.05080606163059276,-0.006189461209493707,1,-0.377059083458518
2.8602545977574945,-2.025589370223868,9.935578823020355,-1.1642394644117204,2.811659394060806,0.047266238073651046,35.0,20.0,20.000000000000004,10.0,15.000000000000002,-0.07689039377295481,-0.00422541720898062,1,-0.38284150791102534
2.967831776999219,-2.0772908837331405,10.225260386355293,-1.245432819648029,2.9441303942774333,0.023023539691857664,40.0,20.0,10.0,10.0,20.000000000000004,-0.06405524404625718,-0.01738972946323525,1,-0.3843437413378459
3.1425710730989653,-2.171192247354392,11.126136674663579,-1.3872358470767177,3.1294389075995577,0.012733672982712108,44.99999999999999,15.0,15.000000000000002,10.0,15.000000000000002,-0.04908259561302586,-0.020986483833485003,1,-0.3852546746329272
2.8880088819238425,-2.113477802540087,10.381950248617592,-1.241352055642575,2.8507902537437513,0.03618701235865718,40.0,20.0,15.000000000000002,5.0,20.000000000000004,-0.07114261978923286,0.0026407894235580542,2,-0.38684389545846687
3.062748178023589,-2.207748641621643,11.280460250773942,-1.3833363926672448,3.0360987670658757,0.025864149823817684,44.99999999999999,15.0,20.000000000000004,5.0,15.000000000000002,-0.0561718234373898,-0.000997866577046036,1,-0.38783305296915926
3.170325357265291,-2.2726941531512557,11.609878019231875,-1.4640347648428587,3.168569767282503,0.0017016713392159488,49.99999999999999,15.0,10.0,5.0,20.000000000000004,-0.04333308815285264,-0.014146880561971553,1,-0.39131065140652677
3.0370885588850483,-2.1336745499413112,10.548328328884907,-1.2710922557815807,3.003787649399281,0.032329791210328196,40.0,20.0,15.000000000000002,10.0,15.000000000000002,-0.06941302425038653,-0.012198069788438293,1,-0.39556324163580237
3.2118278549847945,-2.2244950923403395,11.445093923834149,-1.4128777686133964,3.1890961627214054,0.02202916113109854,44.99999999999999,15.0,20.000000000000004,10.0,10.0,-0.054447578133409724,-0.015804421646126166,1,-0.39602405280752373
2.8623492627852576,-2.0531977225808684,9.689791234133805,-1.128851155017918,2.8184791360771566,0.04266755069390893,35.0,25.0,10.0,10.0,20.000000000000004,-0.08438595972053431,-0.008578775600087685,1,-0.3966550059077084
2.9572656638096717,-2.166888691475355,10.711146480249718,-1.2670424917757939,2.910447508865577,0.04549407380631809,40.0,20.0,20.000000000000004,5.0,15.000000000000002,-0.07649505961755398,0.007842930931434289,2,-0.3976068978731401
2.7825263677099032,-2.0841120758093634,9.855333051762996,-1.1246189759557712,2.7251389955434746,0.05586497397576107,35.0,25.0,15.000000000000002,5.0,20.000000000000004,-0.09146614173115575,0.011504337840095857,2,-0.39833078418251233
3.319405034226519,-2.289353126836746,11.775894014923445,-1.4934446501391418,3.321567162938033,-0.0020926209027605225,49.99999999999999,15.0,10.0,10.0,15.000000000000002,-0.04161255252804752,-0.028912074323617087,1,-0.399471558715368
3.064842843051374,-2.2319399390093198,11.011303001886432,-1.3480640740343053,3.0429185090822264,0.021276895381427963,44.99999999999999,20.0,10.0,5.0,20.000000000000004,-0.0636664376485796,-0.0053430959349287654,1,-0.40112897646744194
3.2395821391511426,-2.3259615395554656,11.924381329921793,-1.4896813037923118,3.2282270224043286,0.011000011406148147,49.99999999999999,15.0,15.000000000000002,5.0,15.000000000000002,-0.04870163548659212,-0.00896273833020933,1,-0.4020772355850166
3.1063453407708774,-2.1900413529627905,10.875099335519103,-1.2967602399849842,3.0634449045211065,0.04162526906559272,40.0,20.0,20.000000000000004,10.0,10.0,-0.07476469291249899,-0.007005499072787469,1,-0.4067736453933113
2.931606044671109,-2.109632259499661,10.020184407104988,-1.1545366536774293,2.8781363911990043,0.05197377727448327,35.0,25.0,15.000000000000002,10.0,15.000000000000002,-0.08973042488079619,-0.003376568491164633,1,-0.40786354805132763
3.21392252001258,-2.2486545891123644,11.177262656520499,-1.377649481582388,3.195915904737756,0.01744896115021266,44.99999999999999,20.0,10.0,10.0,15.000000000000002,-0.06193977430598574,-0.020149970100946657,1,-0.4093129477233137
2.8517831495957324,-2.1405915108809737,10.19176112937142,-1.1503355366107249,2.7847962506653223,0.0651719917477589,35.0,25.0,20.000000000000004,5.0,15.000000000000002,-0.09680527555099294,0.0167170689296281,2,-0.40953546771832494
3.3886618161123705,-2.3425635214207707,12.088386982373187,-1.519068799629597,3.3812244180598583,0.007194147771372172,49.99999999999999,15.0,15.000000000000002,10.0,10.0,-0.04698031820381532,-0.023737437561077712,1,-0.4102335651974698
2.959360328837457,-2.192164207565961,10.457913612324838,-1.2316821169385372,2.9172672508819497,0.040899918040859795,40.0,25.0,10.0,5.0,20.000000000000004,-0.0839867565749941,0.0034938433193909546,2,-0.41106446605019276
3.1340996249372255,-2.285258008399871,11.333650703861773,-1.3737367043187176,3.102575764204074,0.030575240724584063,44.99999999999999,20.0,15.000000000000002,5.0,15.000000000000002,-0.06902166761053596,-0.00014843690752108785,1,-0.41188458732427713
3.308838921036994,-2.37921301655587,12.242607338538837,-1.5153363701193134,3.2878842775261763,0.020287610359526198,49.99999999999999,15.0,20.000000000000004,5.0,10.0,-0.054064060202696496,-0.00377768774394438,1,-0.4128348565580492
3.0008628265569603,-2.1660499038710146,10.354021001647103,-1.1802307242689158,2.937793646320852,0.06126921706988142,35.0,25.0,20.000000000000004,10.0,10.0,-0.09506879563951909,0.001826553228090333,2,-0.4190630046061261
3.283179301898431,-2.301915558803602,11.497404931162796,-1.4032996842149092,3.255573159859604,0.026735740448691203,44.99999999999999,20.0,15.000000000000002,10.0,10.0,-0.06729423072618923,-0.014964854727927968,1,-0.42006399191069355
3.1084400057986628,-2.2175377369897498,10.62295957875692,-1.2614441073490412,3.0702646465374794,0.037038188843396824,40.0,25.0,10.0,10.0,15.000000000000002,-0.08225397371913745,-0.011354920692874249,1,-0.42056209461403704
3.0286171107233084,-2.248547983846849,10.78757851348356,-1.2573808624975369,2.9769245060037974,0.05019824098211334,40.0,25.0,15.000000000000002,5.0,15.000000000000002,-0.08932868512464553,0.008699061666961327,2,-0.42226135186819225
3.203356406823077,-2.3385601399204092,11.65949314348495,-1.399417885769827,3.1622330193258996,0.03986283186547812,44.99999999999999,20.0,20.000000000000004,5.0,10.0,-0.07437079209818842,0.005047134028068889,2,-0.42263124607221536
3.3109335860647793,-2.4032948683020527,11.970163623753342,-1.4801358346800408,3.294704019542549,0.015711905732507248,49.99999999999999,20.0,10.0,5.0,15.000000000000002,-0.06155239086073072,-0.008118995994010891,1,-0.4261061191030441
3.177696787684514,-2.273859929415556,10.950246508177713,-1.2871203870791548,3.129921901659327,0.0463249512306696,40.0,25.0,15.000000000000002,10.0,10.0,-0.08759513682810027,-0.006159284414442023,1,-0.4317537684476547
3.0978738926091376,-2.304914891736032,11.120493648073122,-1.2830881831048413,3.036581761125645,0.059485796632485766,40.0,25.0,20.000000000000004,5.0,10.0,-0.09466452531411429,0.013905195497310174,2,-0.433449161325864
3.460013263025985,-2.4198083366285483,12.133437606070476,-1.5095447877617407,3.447701415198079,0.01190151898928793,49.99999999999999,20.0,10.0,10.0,10.0,-0.05982788083367385,-0.022903517844685695,1,-0.43425089025029895
3.205451071850862,-2.3626791917078394,11.40113749837158,-1.3641296108288792,3.1690527613422725,0.035280260440861966,44.99999999999999,25.0,10.0,5.0,15.000000000000002,-0.08185621039857871,0.00070197178845266,2,-0.4359071032605283
3.3801903679506307,-2.4565045406404473,12.28963363728814,-1.5057991927105774,3.354361274664397,0.02499081119335944,49.99999999999999,20.0,15.000000000000002,5.0,10.0,-0.066904300101156,-0.002930888728625014,1,-0.4368454255615356
3.354530748812068,-2.3813672120559404,11.563801779414556,-1.3937142192141594,3.3220501569978023,0.03143626337738237,44.99999999999999,25.0,10.0,10.0,10.0,-0.08012559075338821,-0.014124321687747354,1,-0.44439283340565294
3.2747078537367136,-2.4159394416620183,11.727659798569105,-1.3898190984776404,3.2287100164641203,0.04455915148533496,44.99999999999999,25.0,15.000000000000002,5.0,10.0,-0.08719483992597477,0.005900611801035183,2,-0.4466354502747599
3.451541814864245,-2.533708265615675,12.349891953366575,-1.4962546673361388,3.4208382718025954,0.029687965766589386,49.99999999999999,25.0,10.0,5.0,10.0,-0.07972926296436755,-0.0020831149047828568,1,-0.46082706025911024
