Index,day,pool_id,token,eth_side,init_block,init_tx,fee,tick_spacing,hook,swaps_2h,volume_eth_2h,side_balance_2h,active_15m_buckets_2h,top10_volume_share_2h,repeated_size_share_2h,median_swap_eth_2h,gross_fee_bps,markout_5m_bps,fee_minus_markout_bps,market_gate,flow_gate,sampled_txs,unique_senders,top_sender_share,history_hours,entry_multiple,final_multiple,max_multiple,min_multiple,persistent_2x,persistent_3x,persistent_5x,persistent_10x,swaps_7d,volume_eth_7d,active_hours_7d
165,2026-09-13,0x01cc8f907d6fa774635888d6673e18e846a0d4ebfefe52ec67c88600c51037d1,0x68319a912e041b23c22c55d6a94a622a82fe6acc,0,61526226,0xa8e1c4d07dcb2f5d967a3992640ae2ddc3c7b00a3a0af28f70adb570b7304c3b,0,200,0x75a54357d9c78a2db19004a5fdc76c50f9242aec,85,9.98170197136442,0.9767441860465116,6,0.4179940643955215,0.0705882352941176,0.0771360957637504,0.0,-3240.186513328595,3240.186513328595,True,True,53.0,34.0,0.0754716981132075,0.0,,,,,,,,,,,
246,2026-09-13,0x0c61eea18f6a20dd0d83b79a8e70dfc1f9102f21117e64d4a732bed261e52d0f,0x133913959a566728f83316f6fb9086fb1274a0db,0,61539679,0x62a0caed50b5a1b525bce3bfebcca621b6525bd2da1c4f2f716fa4ea52a5538d,0,200,0xe5e702641ea86f4ae6cc3cdaed2b886f976be044,12666,553.8335047278631,0.8143532445208422,8,0.0196124336951541,0.0328438338859939,0.0191485149160692,0.0,-273.4476586051227,273.4476586051227,True,True,37.0,35.0,0.054054054054054,163.25,1.0,0.014214873397556836,1.0524061879304403,0.013247534794392737,False,False,False,False,6610.0,283.76754334461594,92.0
268,2026-09-13,0xabb630f92bc682d6ac991910d716badfb06b0456c86a250fd3807ee88315ef5c,0x6f51323eabc47b5b1472d46a04c8182d6d3f4b83,0,61541442,0xa5a3a935f32e6eb5d436646b922f11cfa501bccc1a15be80b1ac66f876347fab,0,200,0xe5e702641ea86f4ae6cc3cdaed2b886f976be044,1590,46.7963993737671,0.8640093786635404,8,0.0850896162872173,0.0377358490566037,0.00996,0.0,-77.87898429938396,77.87898429938396,True,True,47.0,42.0,0.0638297872340425,162.0,1.0,0.6074451635705342,1.0,0.6074451635705342,False,False,False,False,198.0,1.3412069229319385,39.0
272,2026-09-13,0x80a404e5978f9a6d887e1845a3196f67417090cc2102ddd948241965cd59725d,0xe3f2d439a862603e2b6b78c1a27d73c8e950810f,0,61542009,0xaf7d38557d98126edeecb165c9aff8ab23ef2a373c71a98c371a0381cb1d331b,0,200,0xe5e702641ea86f4ae6cc3cdaed2b886f976be044,2228,75.73822474223272,0.7824,8,0.0559709077750911,0.0305206463195691,0.0153015155965781,0.0,327.670430335021,-327.670430335021,True,False,68.0,61.0,0.0294117647058823,148.0,1.0,0.1433171851366026,1.2093009170055793,0.1433171851366026,False,False,False,False,798.0,18.32238289336676,33.0
361,2026-09-13,0x5be5484cbc69109185e4d31eef91db7d15f166f2d2cdeb42675c514b6f42e42b,0x257501684884f52d38e0f4c866566b1eac84e425,0,61550522,0x87f15875e151662a13ee19a73e9a7736b600160f947538aca14ac140ab6c47f9,0,200,0xe5e702641ea86f4ae6cc3cdaed2b886f976be044,2286,65.62209535776461,0.5383580080753702,7,0.0929179183469085,0.0122484689413823,0.0049741258200918,0.0,-1217.712396158286,1217.712396158286,True,True,41.0,37.0,0.048780487804878,148.75,1.0,0.9147042120092602,1.0,0.9147042120092602,False,False,False,False,68.0,0.11617581847233971,22.0
385,2026-09-13,0x879eb4298c42fb7d5ae3ed090ef6d03d32e5c35e4977b47780dca945876cb39c,0xe2cfff62abec43d4da7af540ba24fddbd2fdea26,0,61553186,0x426a11352b27837e3633c45379b2c5ef58ee74242ba7ef2da26f5413c41b6a53,0,200,0xe5e702641ea86f4ae6cc3cdaed2b886f976be044,2299,88.15034729995698,0.9767841788478074,8,0.0599578254606851,0.0291431056981296,0.0131100733122298,0.0,123.56073719856944,-123.56073719856944,True,False,45.0,42.0,0.0444444444444444,166.0,1.0,0.18842855327172872,1.0546264169648931,0.12779018907829093,False,False,False,False,2002.0,75.40167824029558,102.0
431,2026-09-13,0xe3f453af1eaf31b349bc6f74791a77041b8ef16865e3ebfe9a7fa1646fa30485,0x7ff241d221b94aaacc3293c68fd26d214776cad1,0,61556433,0xf1946fe9b586dcdd075d11982b6cb48c34db3e8aa3649e43c6398857ff228d47,0,200,0xe5e702641ea86f4ae6cc3cdaed2b886f976be044,2341,65.1640322035565,0.9063517915309446,7,0.0501634551752214,0.0239214011106364,0.0129285019968169,0.0,133.92506398825864,-133.92506398825864,True,False,38.0,36.0,0.0526315789473684,133.75,1.0,0.9402495712373488,1.0,0.9402495712373488,False,False,False,False,74.0,0.10750214592753174,25.0
891,2026-09-13,0x75a15eb3b28126c282092933c8bdc0e84485639609aef191b4df8270a657721f,0xc73960d91186913be987bb2614f4e5fdad4e4aa8,0,61562532,0xb4028302f43a7df907143da9a1ef3be90782cfb844dbea104fffe8f0d4d4db3e,0,200,0xe5e702641ea86f4ae6cc3cdaed2b886f976be044,1460,47.05917338936009,0.8717948717948718,8,0.1203058504913166,0.0178082191780821,0.0129445896465938,0.0,53.8504060701305,-53.8504060701305,True,False,41.0,36.0,0.073170731707317,161.5,1.0,0.4172856105525325,1.0,0.4172856105525325,False,False,False,False,150.0,1.9233314839600906,33.0
893,2026-09-13,0x0ab40831330f59493642b67271dda8497bfa058c46f8aca31d16b94656234f9c,0xc1c6c930cf25594f19b0eba9ce1d681103f21b17,0,61562894,0xcbe0756e8e43e00d39cb43ce6690197c2f0f10dcc762d702a643b71b76d58bcf,0,200,0xe5e702641ea86f4ae6cc3cdaed2b886f976be044,829,24.8706640005318,0.8259911894273128,8,0.1029695404786876,0.0398069963811821,0.0128645129900093,0.0,414.7782598891408,-414.7782598891408,True,False,35.0,34.0,0.0571428571428571,161.25,1.0,0.35725659552840233,1.6982512385737827,0.35725659552840233,False,False,False,False,668.0,11.809373042826776,64.0
951,2026-09-13,0xbee09f26dee6d7d7405cfa657015e4bf9dd014c84de156e1542d7a96d708d4c2,0xa224c32aba815fa3d4c325ad7f7ead5d191000d4,0,61568350,0x186eb6ad210301bae796c274c32d1186b98fb8bb697badba70b94875e56ffb40,0,200,0xe5e702641ea86f4ae6cc3cdaed2b886f976be044,1181,36.14756391221117,0.9424342105263158,8,0.0707819794391076,0.060965283657917,0.0143,0.0,-339.7244435631572,339.7244435631572,True,True,33.0,31.0,0.0606060606060606,85.0,1.0,0.3082794035070155,1.0,0.3082794035070155,False,False,False,False,256.0,3.6559722320114565,39.0
966,2026-09-13,0x1f174cd0dee56a0a2204829347dee6555c711f7af16a64c8f5afe314332b1bae,0xd1a126444d19274f808c88821b73fdcdc691a3d2,0,61570460,0xdad0639c0387f08a4ce6546cbfc7a7045b2ad361ebe64df72999d857a6d71c25,0,200,0xe5e702641ea86f4ae6cc3cdaed2b886f976be044,589,16.524718440676175,0.8012232415902141,7,0.1508111104087295,0.0186757215619694,0.0165,0.0,-545.9166466151725,545.9166466151725,True,True,33.0,32.0,0.0606060606060606,135.75,1.0,0.7663926107272796,1.0,0.7663926107272796,False,False,False,False,48.0,0.28094707836489713,15.0
968,2026-09-13,0xbc89e0122c041f52f896bd1ae08a7634db242ec414bfba84aa1b9fd55966da52,0x9685e55de7116da2cb90d02fa10ff939c920fd52,0,61570696,0x4302ba8adea0cdbab304f65d5189e95f6b2690034440c53fffe59599f13e495a,0,200,0xe5e702641ea86f4ae6cc3cdaed2b886f976be044,4820,168.7616710913332,0.8842845973416732,8,0.0420689531358667,0.0141078838174273,0.0131206455465156,0.0,-179.55801050002543,179.55801050002543,True,True,42.0,39.0,0.0476190476190476,164.0,1.0,0.1724973902398072,1.456608635636138,0.1724973902398072,False,False,False,False,1388.0,29.414841936903,69.0
990,2026-09-13,0x15645306225545e19ec7b5755cf83d059336c2979753caea28ecb06e5cdfb9e4,0xf50cef741082045dc8d15f82e8104f85744b24ea,0,61572895,0xed9a2854fe9522bdfb95e2e6c1f18c4d8b83183a3d8cf8ff5c96dcd87694a619,0,200,0xe5e702641ea86f4ae6cc3cdaed2b886f976be044,1135,33.15749331514498,0.5918653576437588,8,0.0833560707976142,0.024669603524229,0.0107636943101256,0.0,-99.9808380935296,99.9808380935296,True,True,41.0,40.0,0.048780487804878,165.75,1.0,0.16498349547216956,2.7150662577909688,0.15646559619190004,True,False,False,False,11724.0,295.205976748963,161.0
1008,2026-09-13,0x90b08e045562886bbfd785de7ec163ba6910bbcf703b78d98694a9cb0420a205,0xfe3c0b71c881a8ed7f497e6427622a98194bdf26,0,61577122,0x30ec7d89bd6f87fbfc9dabf9825d32a6e1950f9d6ece246c6383392dc32055ff,0,200,0xe5e702641ea86f4ae6cc3cdaed2b886f976be044,5571,215.03025284402025,0.927681660899654,8,0.0216520562690947,0.0341051875785316,0.0198,0.0,-151.9411632488699,151.9411632488699,True,True,37.0,36.0,0.054054054054054,132.25,1.0,0.3536677358002381,2.8169172817729806,0.3536677358002381,False,False,False,False,874.0,23.78719726606529,39.0
1011,2026-09-13,0x583943ec08cd5ef67321cf6219a27e0dc6b47a0dfce51c4e7c8d2bf1862b7547,0x5aa0eb1818f936a8efe0cfadc36158af2a95a31d,0,61577251,0xfd3b31681fa34d6527c0580df5ceaf0000144c2370c50f46cd4a50bd5dcd5de5,0,200,0xe5e702641ea86f4ae6cc3cdaed2b886f976be044,1168,55.16198055487401,0.9564489112227804,7,0.0708365534338943,0.0351027397260274,0.0286749489237896,0.0,223.04681736139705,-223.04681736139705,True,False,40.0,38.0,0.05,111.5,1.0,0.8917411023375275,1.0,0.8917411023375275,False,False,False,False,22.0,0.18148514521205064,8.0
1012,2026-09-13,0x3e8bb8a942d1b6bc917488e8d152442eca9abcd84fe46ba25c323be057dec1dc,0x56b067516fb8b8f125898e18304a7371af9ccbdc,0,61577487,0xc74a2c61046e75873ddf95ebcb85e63dd8a3d2e4d019b3598f3b0f374da76957,0,200,0xe5e702641ea86f4ae6cc3cdaed2b886f976be044,1625,75.08220250243026,0.9253554502369667,7,0.045314577687114,0.0449230769230769,0.024640810682731,0.0,1186.2755172621785,-1186.2755172621785,True,False,34.0,32.0,0.088235294117647,120.5,1.0,0.7384111055624685,1.0,0.7316717820907281,False,False,False,False,70.0,0.519588964174863,16.0
1023,2026-09-13,0x26bb623eb47ac95faed0885f18c7501df5cfe6e9f1b9fc15177c21bc3a6751ee,0xe8157e602ebc48f759aa00d4180ab8f5543c730b,0,61578360,0x040d85e84f5ba8f883dbb6458182e496a7459e2705e841a9946a59a521c1322b,3000,60,0xbc4397b7f01f347b7dfa35276ca73203f3348a80,2329,975.2131572952088,0.8934959349593496,8,0.0315975838617176,0.0090167453842851,0.321,30.0,-122.14722974461051,152.1472297446105,True,True,35.0,34.0,0.0571428571428571,12.75,1.0,0.3158564892313234,1.446674146589719,0.31578102699758576,False,False,False,False,2422.0,955.7746442502373,6.0
1038,2026-09-13,0x2c4fbf4279294eaba2f923e4864d4a75d5517e46e1e14b97bcdb1d97b8d88817,0x3450f04332a1ff34cf8dd5043f97ab08ce057641,0,61578951,0xf7dd428076a26a7d864de30fd66f6363a3b3c8245f3530d96845947270aefa81,0,200,0xe5e702641ea86f4ae6cc3cdaed2b886f976be044,2326,80.34776106675926,0.9318936877076412,8,0.0453590645679104,0.0266552020636285,0.0198,0.0,274.3482409969988,-274.3482409969988,True,False,38.0,37.0,0.0526315789473684,68.0,1.0,0.5362017321671332,1.0,0.5362017321671332,False,False,False,False,136.0,1.0902895476928751,24.0
1058,2026-09-13,0x636262c1cc381890b39e40eaf5e47fdb4f2010e9df627a025d05393bea3de945,0x3c2d4fc86a1e56c88034de6c068483e327ce6d7c,0,61581358,0xc595407effab0e4db3045a1475c2e1ebad9b7152e0997ebdd483caad01a9c772,0,200,0xe5e702641ea86f4ae6cc3cdaed2b886f976be044,1305,32.06287908805113,0.962406015037594,8,0.0655682421689144,0.0390804597701149,0.0120725199367614,0.0,302.10633169576505,-302.10633169576505,True,False,35.0,33.0,0.0571428571428571,115.5,1.0,0.8215143042704685,1.0,0.8215143042704685,False,False,False,False,80.0,0.22117180890383778,24.0
1243,2026-09-13,0xc8b933f3b578b8835d747d4aa5d833e2591b32dd06d75ecfc0e0b880559dd876,0xe733e15b2b813035f16bbae498472e80c7d3ae0f,0,61594129,0x2967a981071c10e66a39f77004935c3a7cd1dce29e7d48c210d07ad669728f56,0,200,0xe5e702641ea86f4ae6cc3cdaed2b886f976be044,1939,55.11702760767215,0.793709528214616,8,0.0548982531138121,0.0180505415162454,0.0099892942184709,0.0,190.63131293445744,-190.63131293445744,True,False,37.0,34.0,0.054054054054054,155.5,1.0,0.13473252565498275,1.4238850250109858,0.1312692646811373,False,False,False,False,1230.0,37.61145014577599,78.0
1313,2026-09-13,0x39aeb7e9d36e0af829a854b08d78e4998361d165c29c129aabc749136e57a6ce,0x0339f5459fc690ac85f1782e15782a151b4a9e1b,0,61595146,0xae2b8b7e57e4c867f0099e19aca80a2f2c7d51a5c82b1b4de4b06e65bc79c736,10028,200,0x0000000000000000000000000000000000000000,56,3.268451138996332,1.0,7,0.5597851048773156,0.0178571428571428,0.0361978386490591,110.18,-31.495525578417062,141.67552557841708,True,False,24.0,22.0,0.125,159.0,1.0,0.41695826206093733,1.4317906817181667,0.07137023171140466,False,False,False,False,11472.0,412.2028721779578,150.0
2052,2026-09-13,0xd46dd137db35a1edaea1cb66a1e78ba29f1affa85bea75e7fd0ea2b9bbfa09d6,0xf3010f8fe4f1122bade7a486d9209435ff24b34b,0,61616641,0xacf103a1d729d2be2fa0130b1b54653628cf23aa6a54553a9f8615b15290b4fa,0,200,0xe5e702641ea86f4ae6cc3cdaed2b886f976be044,1911,109.76978553904397,0.9968652037617556,7,0.0485471324306197,0.0146520146520146,0.0118573265464395,0.0,-348.92746665906094,348.92746665906094,True,True,46.0,38.0,0.0652173913043478,163.25,1.0,0.9164023015073018,1.0,0.9164023015073018,False,False,False,False,74.0,0.19639684030108576,23.0
2076,2026-09-13,0xfaf0d4093602eb2d7f80ce7ba50cffaeece9c5d546b6df363107779e5ff553aa,0x35a79120e07bae083045d44b8349c5d47f37ac13,0,61620284,0x1a29f66edc1ceda173e44085b802168da35810144a02280541b8a9f4c5601df4,0,200,0xe5e702641ea86f4ae6cc3cdaed2b886f976be044,8765,317.69662005027715,0.7994251693697393,8,0.0297632901528757,0.0272675413576725,0.012375,0.0,-196.58033047685203,196.58033047685203,True,True,45.0,45.0,0.0222222222222222,157.75,1.0,0.022134632714938457,1.1742181862639312,0.022134632714938457,False,False,False,False,6492.0,203.63850853222607,97.0
2313,2026-09-13,0x7168a329ed16fd676e75254bcd94d5f81595d4988b8229482e285f20ea389537,0xfd30e5fd358f384f4e95cc3cdf24fe5f14ec05ae,0,61624620,0xf6437e2d21d800dc2b4f07dd3feff63be39cfd8924195d2371093903db1cd8da,0,200,0xe5e702641ea86f4ae6cc3cdaed2b886f976be044,1329,33.96250675176702,0.7060333761232349,8,0.0801691500791321,0.0331075996990218,0.0099,0.0,-146.03116554052914,146.03116554052914,True,True,43.0,38.0,0.0697674418604651,151.5,1.0,0.07784996239293676,5.377160082150521,0.07784996239293676,True,True,False,False,9518.0,435.4488287657769,76.0
2456,2026-09-13,0xb497539658fe9aea96337ff44ecd9774288361094b7fd9189adbbbc0e2876690,0x0a9e85d44d20133bd12a5f30f24c88f91aabd0bc,0,61644280,0xe5886413cbab510eee5d60a802e3e0761f40b0f5200451c08f33c5142726f556,0,200,0xe5e702641ea86f4ae6cc3cdaed2b886f976be044,9748,190.9747935840727,0.8953917946723702,8,0.0133089619052002,0.0068732047599507,0.0034210158315825,0.0,-692.7809030984232,692.7809030984232,True,True,45.0,44.0,0.0444444444444444,151.75,1.0,0.7904333655605488,1.1127337812552145,0.7904333655605488,False,False,False,False,212.0,0.7891281797206229,45.0
2467,2026-09-13,0xaab9590df5eacf2b1b29215550bfbb2b382b1e885cfbfd9747eae7687504cc5e,0xaba8866fec42d193373e251d3ed200320d220503,0,61645196,0xbfe4cd2e8f83606912aaed5d166f27cb448cba8bca8678a8dd02393311249225,0,200,0xe5e702641ea86f4ae6cc3cdaed2b886f976be044,1667,37.57978917406263,0.9138920780711826,8,0.0688192422462863,0.0461907618476304,0.0099,0.0,-177.52248679871525,177.52248679871525,True,True,35.0,33.0,0.0571428571428571,157.5,1.0,0.7967671386028282,1.0034026720458202,0.7967671386028282,False,False,False,False,102.0,0.3045796112518013,27.0
2493,2026-09-13,0xd1486d8d9ebf27994b7f54fbc79c4921370640dc121b25efc3107279839921d5,0xb743dea798f4a839b53182b7311c6b2ef383b6fb,0,61648761,0x9ae9b0509f6711add7f919a8b5e980bdc30db597bd61cc54caa9eff70dc9f212,0,200,0xe5e702641ea86f4ae6cc3cdaed2b886f976be044,1017,41.04295149536045,0.7717770034843205,8,0.1279976620662633,0.0363815142576204,0.0157643778938131,0.0,-76.83201373533386,76.83201373533386,True,True,34.0,32.0,0.0588235294117647,163.0,1.0,0.1013753418986896,1.091304124840276,0.1013753418986896,False,False,False,False,2828.0,110.54955199317025,95.0
2620,2026-09-13,0xa94d1c8cb0f61ce6a133f8c5b5987291732c14b2806df3659ce0a629c4254a2c,0x457f57c9f85a984ffd890c4490ef0f33a26258fa,0,61665681,0x4d96c74920e8b969fc2a73ffafdecccf8b18254151ae2c556e76748f2b5c25ea,100,1,0x2565055891704afe3e844d5b34a318108ce64144,4646,601.2762251698223,0.7518853695324283,8,0.0233099117542971,0.0165733964700817,0.09,1.0,-247.45653743424168,248.45653743424168,True,True,38.0,37.0,0.0526315789473684,11.5,1.0,0.024305362786208786,1.1350325658646674,0.024305362786208786,False,False,False,False,11160.0,1720.7731425492052,12.0
2728,2026-09-13,0xdab5d67ad43c4ec25a191884a5fa40f69369016223590f93b69531c2ff612137,0xa55e7b522db501fabbff6d0a188d0edd0c011ec7,0,61683164,0xf482bb676e172c131bb4efdb81c2aed4ee1031859bf2827f2271c000c451229c,8388608,8,0x4e3468951d49f2eea976ed0d6e75ffcb44a9a544,1316,195.17116599533267,0.5337995337995338,8,0.1307561698396479,0.1656534954407295,0.0495,81.8,-415.50564925982906,497.30564925982907,True,True,35.0,33.0,0.0571428571428571,156.0,1.0,0.8058248063541537,1.0,0.8058248063541537,False,False,False,False,208.0,23.191591458940064,41.0
2785,2026-09-13,0xb9fd90172ebf1a94886912a4f9efafb66594cf41dd1ad95461ac46f831247996,0xfead46f7babd84b7f450aaeece081def6e973c28,0,61692172,0x5219fb9fe6371e027334055c0be9d1162031d648f01b06fb3112f70fb54aec9e,0,200,0xe5e702641ea86f4ae6cc3cdaed2b886f976be044,4348,114.05891484643747,0.7433841218925421,8,0.0473614987361669,0.0335786568537258,0.0099,0.0,-167.48275156852057,167.48275156852057,True,True,34.0,32.0,0.0588235294117647,164.75,1.0,0.08175827238016611,1.7560984330935743,0.08175827238016611,False,False,False,False,5116.0,150.91006263759584,68.0
2909,2026-09-13,0x20d946cf06524552d56d4c4cfd5e68ba16427c476f5764a7ecfde676a2d0c3b1,0xe47c9bbd04dfb829ecf27700750ef6f47d31a62e,0,61707348,0x337d3e2ea28d3cb8992db80ec2bda63168ffb3853296c86b56f93a40abce738a,100,1,0x1e8bbf00d265e08a27e91bfbc1f9a4073c4b4144,2574,309.9091339487832,0.9382530120481928,8,0.039075969932533,0.0143745143745143,0.0717587650208848,1.0,116.31678908598244,-115.31678908598244,True,False,40.0,40.0,0.025,10.25,1.0,0.05336040073674613,1.7926623735145468,0.05336040073674613,False,False,False,False,12994.0,1391.790028608088,11.0
2915,2026-09-13,0xe676283b2989b8ffcd6a462d84638e1a85a230f0127b392ffc23dfd3f00782da,0xd3e7cdd4cfe0eaa90565e5993d6421c7bb71f0c8,0,61708100,0x885c171b57b38374d55a138cff1a5d8e69118a9db16b9a0b1eadfdfd0f1404de,0,200,0xe5e702641ea86f4ae6cc3cdaed2b886f976be044,1990,47.48439191435233,0.8223443223443223,8,0.0641962805673909,0.0155778894472361,0.0099004950495049,0.0,433.7325138584861,-433.7325138584861,True,False,36.0,33.0,0.0833333333333333,157.0,1.0,0.1808721067270926,1.0,0.1808721067270926,False,False,False,False,338.0,5.505372375591325,40.0
2952,2026-09-13,0x4c25338827fb1227ee9d021320f8c282d613ecf8180cbfdf3e27e5a764c978ff,0x724a163f0081fa1771590dda9b55edde2c5b823a,0,61711984,0xfa1d6cb964d6b50bf79d62db72d005232e84a79e430c295c1ae3e825c49d0dcf,0,200,0xe5e702641ea86f4ae6cc3cdaed2b886f976be044,15379,834.0769185012135,0.7672948747414388,8,0.0229300309644522,0.0232784966512777,0.0172426711838907,0.0,-331.83020592736324,331.83020592736324,True,True,58.0,56.0,0.0517241379310344,165.75,1.0,0.12215797669962919,4.644926853197927,0.0812297641989193,True,True,False,False,78184.0,4913.527653655962,166.0
3100,2026-09-15,0xaa55c6a91af4e830155a3adf690e129f16e6bece86af1bfb809eaf9a94f97bc6,0x99f4a20716a3f66289c20de0fe3eb9cd4c9368d8,0,63219193,0xddc8e014123920798119c6cbeb0dcf5cf44ed8edde6696255046aa1691b7091a,0,200,0xe5e702641ea86f4ae6cc3cdaed2b886f976be044,1358,39.69944403545343,0.9126760563380282,8,0.0573192857642739,0.0478645066273932,0.0145062927758276,0.0,280.2278621596656,-280.2278621596656,True,False,73.0,64.0,0.0410958904109589,156.0,1.0,0.7458217071715526,1.0283424533019827,0.7458217071715526,False,False,False,False,110.0,0.5513949835060273,24.0
3105,2026-09-15,0x54c488ea1e77e0cca97abf08d3d927ac697e81118d9a513681b4cb1038d06160,0x88ed3bdf2411299580df4f2bf8b3635b469effce,0,63220652,0x0825f2b3119f1e3d025bbe131c69adf38d15275a4c34f5d81e3fad8281aac4b2,0,200,0xe5e702641ea86f4ae6cc3cdaed2b886f976be044,1008,31.32375047082514,0.9163498098859316,7,0.0839168716877661,0.0267857142857142,0.0159876303669093,0.0,36.39767940628713,-36.39767940628713,True,False,47.0,38.0,0.1276595744680851,135.5,1.0,0.37216159175102,1.0,0.37216159175102,False,False,False,False,132.0,4.569902740739647,14.0
3117,2026-09-15,0x6fbb9fa2707ca1900ce206a58f64eac452370791f8870cb0c29826fcd1630d5f,0xff2692d5174e599e18430f14401ec98b243bfd41,0,63222486,0x7e82c0ba10d3f9f1e1b308b3b0d4baa9d86e00ca514df43b28749f9483bc3714,100,1,0x0000000000000000000000000000000000000000,2906,291.87389651955624,0.9569023569023568,7,0.0582105155790843,0.0144528561596696,0.03,1.225905319628764,-451.8151826658427,453.04108798547145,True,True,49.0,49.0,0.0204081632653061,0.0,,,,,,,,,,,
3149,2026-09-15,0xb5bffc8044169f74a801cdf8f3e8649296aff98227a1bc840002033938905165,0x669dc7e1b32e63f991f20e7b5fb3d568aa0f6623,0,63229048,0x029ef8c013f11cff7ab4af13e6069a0237515cc60ae10a476a4722ce223bcac8,0,200,0xe5e702641ea86f4ae6cc3cdaed2b886f976be044,1172,39.31889275975089,0.9181669394435352,7,0.0916543558325247,0.0204778156996587,0.0169375795433554,0.0,30.065608064635818,-30.065608064635818,True,False,40.0,32.0,0.1,157.0,0.9988976722784575,0.9229610181022387,0.9988976722784575,0.9229610181022387,False,False,False,False,42.0,0.08480322964954294,17.0
3162,2026-09-15,0x2f4d1a75c5c884e70fd17a737a6b62bc008248fcbb2c31276adc1a3f1528b3bf,0x948647a06a6422dceea3711297f82aef68ec641c,0,63230982,0x9c19cc7c7d79ca7a9e9fa54c6fa92da6b4ed68d9e5c2975dec46f2a7711576d8,0,200,0xe5e702641ea86f4ae6cc3cdaed2b886f976be044,9101,1408.2871341664304,0.5715765843550337,8,0.039291022167006,0.0185693879793429,0.0196997218373913,0.0,-148.7175189177868,148.7175189177868,True,True,48.0,44.0,0.0416666666666666,166.0,1.0,0.012720784572795288,1.3202538557212784,0.012720784572795288,False,False,False,False,49804.0,2608.253077730267,166.0
3263,2026-09-15,0x5c14900170e7c0ae542c787ccd346e87644cdb38dcf393b3a8254badc9fa10a3,0xc161e1a903baef21a267b4a44c7572e49199b8d6,0,63250118,0x8d7d15f820017815dd9eefb13976876824efd3bafb631f9ebd5f3b16995ec8b1,0,200,0xe5e702641ea86f4ae6cc3cdaed2b886f976be044,825,19.46492830787652,0.945754716981132,8,0.130306013210981,0.0315151515151515,0.0099,0.0,-135.65236679661948,135.65236679661948,True,True,36.0,34.0,0.0555555555555555,160.5,1.0,0.45238595399841003,1.0,0.45238595399841003,False,False,False,False,200.0,2.432220051688221,33.0
3276,2026-09-15,0xc73f3cd3fb68288e63f008e08ef69caa0437224e420963c6aeb4526178e87ad9,0x88ad8ddf1e3898412146a534538d418c6f8a9062,0,63251626,0x143621cbfa0faad5866338fe4a14250c6ad4f29ee3c9d4d73b2be9884f9f88f1,10000,200,0xf1ee073811b14359d850825e48d200483200edcd,35743,14936.727053853068,0.5473830035932291,8,0.0341472418460651,0.0059312312900428,0.0924616308148028,100.0,-710.8405360410499,810.8405360410499,True,True,54.0,53.0,0.037037037037037,166.0,1.0,0.6528021037679608,1.5354903291061588,0.6443362850579677,False,False,False,False,46296.0,36700.92469176665,167.0
3300,2026-09-15,0x392452584c0552149373fa8b0ae56aaaf0e03e8a5e25b8ca2497e240d22e55c9,0x948647a06a6422dceea3711297f82aef68ec641c,0,63256918,0xde8594b6dda41183736e36743d71c837a2457bec8fc3f50eebb41116716490b1,80000,800,0x0000000000000000000000000000000000000000,155,2.5964610593430586,0.9871794871794872,8,0.4291724666430714,0.0064516129032258,0.0056978685830735,808.8915504894499,-553.6223102721839,1362.5138607616336,True,True,35.0,32.0,0.0857142857142857,35.75,1.0,0.09028387270723023,1.0,0.07377172529811656,False,False,False,False,968.0,7.049169313057837,30.0
3303,2026-09-15,0xb98347c539f17cf99fffb1c14c74a2779c2a119ff8c572d226cbbcea4d4f1f6e,0x32fe400f9c65ead6941e23a73a99953539265336,0,63257816,0xd1b3a1f000f5566f99412817cbccf75bdff1a088ccd7b7bb96fd16f45c4eeab3,0,200,0xe5e702641ea86f4ae6cc3cdaed2b886f976be044,3285,111.9921608455557,0.8717948717948718,8,0.0616382305888202,0.041400304414003,0.0121584026861261,0.0,-150.17995632635962,150.17995632635962,True,False,43.0,31.0,0.2325581395348837,165.75,1.0,0.925392783411829,2.4693995064205603,0.3654285882750444,True,False,False,False,3656.0,141.25755691542486,140.0
3330,2026-09-15,0x0f7daa84cae47519a3972585416efcb0ab8c95d0510f53cd4f9d81eee9404c1f,0xf1e3266ce1cdcfd01c5dee8e6312502501ad5c40,0,63264877,0x4545eb11c9a37d77efd14b8faff500febe69e85efb9538e30ec8d99ae13709e3,100,1,0x0000000000000000000000000000000000000000,3150,324.101723308602,0.9516728624535316,8,0.044326715850705,0.0142857142857142,0.06,1.239443269660884,13.28873830291343,-12.049295033252546,True,False,40.0,39.0,0.05,57.0,1.0,0.1355729093338511,1.0,0.1355729093338511,False,False,False,False,1848.0,131.0007305552446,6.0
3438,2026-09-15,0xc742e34a34f99a2f29b6c6a2341ffa674cad3a4594ff24fb38c15923ba611ce5,0x88ad8ddf1e3898412146a534538d418c6f8a9062,0,63286579,0x1c9d1976c93bdf2d2862f32ef5d9f5508d35e1668e9cc9666f9b82988e08c6b9,5000,50,0x0000000000000000000000000000000000000000,198,8.308994478937354,0.8857142857142857,7,0.3057765988986812,0.0353535353535353,0.0271683865676799,58.77297834830114,-300.22233862507943,358.99531697338057,True,False,35.0,12.0,0.4285714285714285,160.75,0.988418343006558,0.6209369783545694,1.1372408608683051,0.6209369783545694,False,False,False,False,552.0,10.263496684705718,44.0
3457,2026-09-15,0x77a4816b030159d038595128d7281be11cfd75cb3903257cdbb3e50e135f42ec,0xf1e5463d2a3c527c93f7032dd43568e4468d818d,0,63290539,0xfa49a99169d22ccd42e31c04e3138cb444b5772fbc34d63be6dfab1a1b45e513,0,200,0xe5e702641ea86f4ae6cc3cdaed2b886f976be044,1055,42.247057371198224,0.8872987477638641,6,0.0805940853342727,0.0161137440758293,0.0097356558611814,0.0,-16.61529877056569,16.61529877056569,True,True,41.0,38.0,0.048780487804878,157.25,1.0,0.9623315590163611,1.0,0.9623315590163611,False,False,False,False,36.0,0.044943373774448694,12.0
3487,2026-09-15,0x29f086a0fb3a9d8bb67d863f9b1bd477e1ef7b344fc5e6075a5a98007b3c8c76,0x385f4f8ae47651ce5f58f5265395a669f8281e18,0,63297234,0xc6f48a130034a654cf829d3ac2cba13cb6e2d6299fdc12f430760899e5c83912,10015,200,0x0000000000000000000000000000000000000000,83,12.121721279724312,0.5370370370370371,8,0.4268466823125144,0.0120481927710843,0.0826357976492441,110.05,-28.40052562277603,138.450525622776,True,False,26.0,24.0,0.1153846153846153,166.0,1.0,0.605898549022275,1.203203188132346,0.605898549022275,False,False,False,False,3148.0,402.2939407136437,114.0
3532,2026-09-15,0xe052e30aab03360c62acc51561b84a7a04056164ca1aafb5f244958c6cd00056,0xcc50404bd4219245eae40415d6bab679180f7f7e,0,63305763,0x47d2d730d40c4d7b12971670e0605bf85176227b78f3e3b279037fd303384cf1,0,200,0xe5e702641ea86f4ae6cc3cdaed2b886f976be044,8390,300.2017461528889,0.829082188794419,8,0.0405500781013472,0.0239570917759237,0.00995,0.0,-209.58261589333463,209.58261589333463,True,True,45.0,38.0,0.0666666666666666,165.75,1.0,0.041277856016474476,6.290467196436902,0.041277856016474476,True,True,True,False,30434.0,1389.5680432075617,166.0
3541,2026-09-15,0x858dcf08f89dc8b66907b1f08a9375b4a9da869926e8837a02a7ffed684788a6,0x9e2941176c9d2c0c0e3544b887737df3e1f1ed6f,0,63307485,0x771f52d91544fcb347781eb64942d2941a601abc92bf2230ec9e5e61bbfa1d11,100,1,0x0000000000000000000000000000000000000000,2688,283.30661486079504,0.8823529411764706,8,0.0504899417904551,0.0133928571428571,0.0381289098604389,1.249429590650597,-216.56025480465107,217.80968439530167,True,True,33.0,33.0,0.0303030303030303,67.75,1.0,0.9938235314529363,1.0,0.9938235314529363,False,False,False,False,22.0,0.03768735662473933,8.0
3645,2026-09-15,0xb68c0cdfd0628fc1e605eaaa516afe79fbcdac597bd695b980745bdfd2ab463d,0x71ab0a9432e3dbbc56298c75bbb8012abd490de6,0,63322045,0xed5152cb6149516ba1092237036d4684fed19e3d03de6e46f14a08953fb981ee,0,200,0xe5e702641ea86f4ae6cc3cdaed2b886f976be044,1020,23.02203374815386,0.8149466192170819,7,0.1338056726316868,0.0088235294117647,0.0078638610344404,0.0,-265.19998087239526,265.19998087239526,True,True,52.0,50.0,0.0576923076923076,158.5,0.9974049095740122,0.9387547121570305,0.9986215254220111,0.9387547121570305,False,False,False,False,126.0,0.10308039075411032,28.0
3664,2026-09-15,0x62404f025faf082b7c19a766d9154295d544f8a83a9a4cc9e3c4a858f71c3e71,0xa4f5f796dd84a44c8bb31c2b391f162c9226b6f6,0,63325818,0xf208435c54957756e914b72c6f4e25903c717db10e8468f512e6a74e8509b8f5,0,200,0xe5e702641ea86f4ae6cc3cdaed2b886f976be044,1131,33.19513475460315,0.9601386481802426,8,0.0978490380682842,0.0300618921308576,0.0099,0.0,272.0817977683113,-272.0817977683113,True,False,39.0,36.0,0.0512820512820512,153.0,1.0002960949130744,0.889214537150058,1.0494505751158525,0.8839267684326034,False,False,False,False,62.0,0.29489562064217056,16.0
3665,2026-09-15,0x656a4dd40f6df9d71c8a030410e9053177b8f92bb951bf474957b6d6a0b14148,0x6013a9ff6a77d2266bebc4b922e9595ab8ce2626,0,63326403,0x6b4cf5b1f64d8848d9e084ed050df3d02919c4aa24fd89ec569d169d2186466d,0,200,0xe5e702641ea86f4ae6cc3cdaed2b886f976be044,2176,124.10192433812144,0.9854014598540146,6,0.0460604851208006,0.0340073529411764,0.0232653420590785,0.0,367.1657368293061,-367.1657368293061,True,False,39.0,39.0,0.0256410256410256,162.25,1.0,0.7069689204060314,1.0,0.7069689204060314,False,False,False,False,112.0,0.5619201448022003,26.0
3684,2026-09-15,0xb96027924bc95648712c95ba628cc0a7dabc5e1973faecf64e4f440d51a931ee,0x523a9a13e86db886cb631ab442bad74f94ef5da5,0,63328147,0x1187f7afd1307bdb43d89afa9d8f83e775720bc061f3ef82851362b52afd7cd2,0,200,0xe5e702641ea86f4ae6cc3cdaed2b886f976be044,456,16.903455910995532,0.6642335766423357,8,0.2952042153204703,0.0307017543859649,0.0079515514462891,0.0,-73.77120927873938,73.77120927873938,True,False,39.0,31.0,0.1538461538461538,152.25,1.0000861063144753,0.8883536699615135,1.7156379227945189,0.8883536699615135,False,False,False,False,178.0,3.7190249539002647,26.0
3748,2026-09-15,0xfddc32f07d008b53b263acdb7af3bda33d635cae3bb781f059401da25b65a237,0xf40bcd868c1c3d91023ced508d16d0611e2ef371,0,63343337,0xf8c7092a4728e61e6e7abe969f65767944cab7e5730a370a6b1dbb31f7b9f022,0,200,0xe5e702641ea86f4ae6cc3cdaed2b886f976be044,742,19.01126390211017,0.8928571428571429,8,0.1510427057131821,0.022911051212938,0.0093781079496876,0.0,-124.29072540167824,124.29072540167824,True,False,40.0,35.0,0.125,162.0,1.0,0.5562875260017033,1.0,0.5562875260017033,False,False,False,False,212.0,1.3653911193250003,45.0
3830,2026-09-15,0x9ab094d9938d617691d5f90932e38752867974c58b1d5ce9833f572dc758320a,0x716d3aea78a8e767b127ec0b2916dbbe7383a757,0,63361946,0xc54c20bcd87519d08bc4b0dd4658a20aadfc16d2360180f7210f3fd269543d0e,0,200,0xe5e702641ea86f4ae6cc3cdaed2b886f976be044,4004,96.27669225876248,0.8477157360406091,8,0.0333059555188308,0.0294705294705294,0.0098631340109276,0.0,-271.74492512204904,271.74492512204904,True,True,42.0,40.0,0.0476190476190476,160.25,1.0,0.8173459261333007,1.0,0.8173459261333007,False,False,False,False,268.0,0.5107056247859854,34.0
3839,2026-09-15,0x84f49310b8388086e41d077d8edbbf50bd494321522f89a8a4ce8ae2a218c209,0x053e33139b4913d32d595eb9418464817a32fa9c,1,63363486,0x698222a540b7b78db62d1fa23afae62f23cffa711e87a90a9304f48a37becbce,3000,60,0x3ad9e44cb65e518e452bfcb78952ca45b66a8a80,1309,433.8971778504682,0.7088772845953003,8,0.0239859769558048,0.0106951871657754,0.293,30.0,-493.2400085563545,523.2400085563545,True,True,37.0,37.0,0.027027027027027,3.0,1.0,0.1938615005151421,1.1745899932671964,0.1938615005151421,False,False,False,False,3312.0,1265.9127293268616,4.0
3855,2026-09-15,0x4f9048db06a7c340e3c9e3010ba0c08b3cd87d8ca4716755f6b3e03eda7e7e65,0x93bf8ba7f294b5d5de86c9e408ebe0a2f711c630,0,63367762,0xe7198b5ff251c8c8489a4190da64585fe8ac8dbe63d47d8e90990d83e3dfb9a4,100,1,0x0000000000000000000000000000000000000000,2800,246.6414860331573,0.9444444444444444,8,0.0471368913492872,0.0142857142857142,0.0495,1.249156292966252,-5.796748848485289,7.0459051414515415,True,True,43.0,40.0,0.0465116279069767,126.5,1.0,0.36166199313737996,1.0,0.361661895868878,False,False,False,False,1562.0,92.85716369569082,14.0
3877,2026-09-15,0x5a2bb75b4d8f1abe943e162b6fabcfa438493b31bdf5af73687cee358a46764c,0x38f0cb043d86f5b57192c1f60fea7373f3225071,0,63372591,0xb0032ca3578e1fe18894510d5f3968e4d0bbacc17aad5b07078b7f8fe9ee2cba,0,200,0xe5e702641ea86f4ae6cc3cdaed2b886f976be044,1407,29.784967410628774,0.8911290322580645,8,0.06848188063439,0.0184790334044065,0.0096258183889009,0.0,7.175942381700381,-7.175942381700381,True,False,35.0,34.0,0.0571428571428571,151.25,1.0,0.5973946834883167,1.8850379458440738,0.5973946834883167,False,False,False,False,334.0,4.626675655958191,38.0
3895,2026-09-15,0x093437605904ce892d80b527b32ded6f0027d81b89928c31738833172be159cb,0x0c5617912dcce715a03ccf0da96200fff3a124f5,0,63377996,0xd2fc71a3065d044352cc2bf53fe05ad2d5f6600042c23c2f04e0b5eb74858662,0,200,0xe5e702641ea86f4ae6cc3cdaed2b886f976be044,2413,62.70434167653751,0.9649837133550488,8,0.0720246070762242,0.033982594280978,0.0099516441005802,0.0,-323.56615645877133,323.56615645877133,True,True,41.0,40.0,0.048780487804878,158.75,1.0,0.14483283820923382,1.0,0.14483283820923382,False,False,False,False,1558.0,22.978296568908654,57.0
3899,2026-09-15,0x3a33d2d5b909ad2ac73ddbf8d8055e74746e83f5cd277fb61a1f153edd398d00,0xc58872059ab3408799b228fea19398fdab0d4762,0,63378698,0x7154b488357754910fa8690cadd8d216fca81d44d29a377616f199b9512a1f3c,0,200,0xe5e702641ea86f4ae6cc3cdaed2b886f976be044,20517,577.434007085128,0.9098017313599552,8,0.0078106260987892,0.0058000682360968,0.0043747936842654,0.0,-694.4778075270123,694.4778075270123,True,True,68.0,62.0,0.0441176470588235,152.5,1.0,0.7096537815265,1.163230074132677,0.706700885752001,False,False,False,False,450.0,2.5245919668920735,60.0
3999,2026-09-15,0xb06b3f2763d24e589d0ebdfba84431605805d211d7856b3ec44d52215bdf3765,0x66e503eab3624bc9dbe6c129579c627bfbee309d,0,63398870,0x969a3fe40b5a84825ed657feeb383bf56f5880958ef67889cc6f7dd8e86c445e,3000,60,0x6eaae6b721b6c896bbfc30d3a7f4999d5a94ca80,1378,457.0534440091496,0.6743620899149453,8,0.0366743887892672,0.011611030478955,0.291,30.0,-276.96225506267945,306.96225506267945,True,True,51.0,49.0,0.0392156862745098,12.5,1.0,0.4083574602031358,1.8551130085444674,0.386670773118564,False,False,False,False,5378.0,2038.914871272109,8.0
4036,2026-09-15,0xe5d2397ec302e9d34007f7ff7bbe2298eae5da1c12a57fbbc91747ce8c960200,0xf04c4b18cd3f6ca926dc14816e17bace56b2ca62,0,63407902,0x0ffb04a154dd932654dc9138911e4d85f35cc657ff62411341e37d3024d4e386,0,200,0xe5e702641ea86f4ae6cc3cdaed2b886f976be044,3730,110.6134152543082,0.8257464512971121,8,0.0578117180567355,0.0364611260053619,0.01,0.0,-124.67795123242266,124.67795123242266,True,True,47.0,46.0,0.0425531914893617,160.75,1.0,0.05802301177680824,1.0,0.05731476138509755,False,False,False,False,2238.0,43.21942757465986,67.0
4059,2026-09-15,0x133b40189c4b9e415fbe3a1ae5c0851b01a78df602f1aa3a443eece8594ef0cb,0x7458c44cab1b93eac98d7dd8baae4357f939e6b1,0,63412052,0x9eca4dfe48c2b8ab1e95b12f15afa544628560e8065a1d0835c9df2d722efa18,100,1,0x0000000000000000000000000000000000000000,1091,199.2770187127367,0.9140350877192982,8,0.0220978204728389,0.0027497708524289,0.1776783021819281,1.186682241809514,26.77946586311061,-25.5927836213011,True,False,36.0,28.0,0.0555555555555555,6.0,1.0,0.4366083153244005,1.2103589086274358,0.4366083153244005,False,False,False,False,2304.0,374.428514128321,7.0
4094,2026-09-15,0x219ef838ff54382ac5272c313a8e801ba3079d7cfb8c06eeaa95ec2080b3cac3,0x4e8fbeaf45377eae5fc1e6359d17f222aa12b1cd,0,63419178,0xcc9168a3832d7ec7de2e11e98a6135f1e9500c973f5e56443a1fc5abe1a6286b,0,200,0xe5e702641ea86f4ae6cc3cdaed2b886f976be044,2617,53.40678142645978,0.7718348002708192,8,0.0564214130744588,0.0351547573557508,0.0076233258361381,0.0,-58.57502802998237,58.57502802998237,True,True,42.0,38.0,0.0952380952380952,152.0,1.0,0.13695826306549477,1.0,0.13695826306549477,False,False,False,False,1632.0,18.284256796048716,74.0
4097,2026-09-15,0xca48b5dc131fb014b426d395a132e846057da891c88bb0447d5f2ecf515ca009,0xd7efdb48b46b8ba0080b96a0e83db43dfdf904b9,0,63419365,0x1e27d93ebc1a563f579b35795c017bff6de11069b0af9b85cceeacb993f36292,0,200,0xe5e702641ea86f4ae6cc3cdaed2b886f976be044,1486,49.10642380348546,0.7565011820330969,8,0.0605007545596062,0.0094212651413189,0.0199157953059639,0.0,-40.14236187038988,40.14236187038988,True,True,35.0,35.0,0.0285714285714285,156.0,1.0,1.0049928222351219,1.0130553435330476,0.9796868279764546,False,False,False,False,52.0,0.10412286651076767,14.0
4173,2026-09-17,0x4be1e1a929ea48bc8c5bcf94231d7a8343e30cdcb2a9004b2d5800d14ccd2359,0xb099446deb291fab3838c928f9eff4a9e6d0422e,0,64927081,0xf1aef0c121d3ce23d1d3be908d5ec459e8fdbb096e0793294b7abdb663c842c6,100,1,0x0000000000000000000000000000000000000000,240,15.18864209896746,0.951219512195122,8,0.06604773318616,0.0041666666666666,0.0645892008666139,1.0,157.21233589646897,-156.21233589646897,True,False,121.0,41.0,0.0743801652892562,8.0,1.0,2.1521572271033023,2.1521572271033023,1.0,False,False,False,False,1884.0,123.40516227310785,9.0
4175,2026-09-17,0xfecc1af5d915759fbb9550992f6a216d7415bfafe34740de5db9629c065497d6,0x51bf220c5dc5173e6dc6c9ede01b7f446fcbd06d,0,64927642,0xb3a4321cda61aa422d35aedc2d0690c31ad3e417eb0f4e4acfc9b0457baa8e33,100,1,0x0000000000000000000000000000000000000000,239,15.139450423823996,0.9916666666666668,8,0.0641719636017891,0.00418410041841,0.0627571257624418,1.0,174.5375080805628,-173.5375080805628,True,False,87.0,36.0,0.057471264367816,1.75,1.0,1.331887666244457,1.331887666244457,1.0,False,False,False,False,392.0,24.759287360133648,2.0
4196,2026-09-17,0x6fee04a254404faabbb5509f08a67a5ed427cd21efcd57c332d847bd0e96bb30,0x76912652a3ba152f506157f2d1072804ccf7dcd7,0,64935127,0x751696af23900356f6324813d42844438038ad1218768fe62c51c683708665b9,9000,90,0x0000000000000000000000000000000000000000,2793,15.467783052069109,0.9064846416382252,6,0.0216470359879029,0.0007160759040458,0.0040502099711188,90.0,49.399667423100375,40.600332576899625,True,True,98.0,70.0,0.0408163265306122,11.75,1.0,0.49812487013789686,1.0,0.49812487013789686,False,False,False,False,3288.0,16.545463292619488,9.0
4198,2026-09-17,0xf2a3ca11b555a5cb95f77ceb92affc6ead220f5c441230644c2cf8f435952253,0xc23317490b24d6e53c0137ed5d0d2ae565674bcb,0,64935574,0x0b3fabcfa0a61c6dd37992092838e7c66fa96cf66dcdc6378840e2708e6eebbe,0,200,0xe5e702641ea86f4ae6cc3cdaed2b886f976be044,10705,407.6606298637065,0.9048042704626336,8,0.0257019694252911,0.0205511443250817,0.0123485786975992,0.0,-321.55456776968754,321.55456776968754,True,True,110.0,89.0,0.0454545454545454,158.5,1.0,0.017780143733873925,1.4555581483352917,0.017526305900863064,False,False,False,False,16494.0,649.6450492715372,135.0
4254,2026-09-17,0x1d41cb277711289c52c621ff3f02af215a3a0df0574634712338becf2c6286a5,0x5efb5041eaa107f497c53dc3e3f0214515fe5c49,0,64945005,0xe079b441d524222e2fdaa76732499fe1fa3a42b2a2bf97728af792d0da87f654,0,200,0xe5e702641ea86f4ae6cc3cdaed2b886f976be044,2684,85.79347615484372,0.6733167082294265,8,0.0633224853774483,0.0365126676602086,0.01375,0.0,-2734.0238262170524,2734.0238262170524,True,True,88.0,75.0,0.034090909090909,157.25,1.0,0.7013503051786866,1.0202781017827542,0.7013503051786866,False,False,False,False,232.0,6.38908607463811,35.0
4266,2026-09-17,0x3af5488a3ea8b0efbcaad6c533fb8ae85862c0c1e0a91a6cc89200e42b25336f,0x6dd29c615a49c00b8cc0c6970a65bbc15c2704a2,0,64947063,0xbf82565f1de9bcd5fdeb03450a63dcef89b7ddbdcb59dbf685c75f8fa4dcee58,0,200,0xe5e702641ea86f4ae6cc3cdaed2b886f976be044,3999,121.68773852400822,0.9545454545454546,8,0.0421107540357133,0.0207551887971993,0.010082503314275,0.0,-82.48518216663291,82.48518216663291,True,True,113.0,90.0,0.079646017699115,162.25,1.0,0.15377904091634392,1.0,0.15377904091634392,False,False,False,False,1852.0,28.19484592775066,67.0
4274,2026-09-17,0xca130a1524ebb1e48d2138f9cbf28a4eefc2c6a049f1aeba7f0e2818707fca7d,0x68aabd514941dd715fb0266f7f8f4af9bd757d53,0,64948320,0x52f514181f907abc7aa7738d3bac7ce5953f8db45760e7eea513b9bb99f4c82a,0,200,0xe5e702641ea86f4ae6cc3cdaed2b886f976be044,2364,53.30515146818441,0.8896882494004796,8,0.0697608036859333,0.0253807106598984,0.0089839400155713,0.0,98.61034978950237,-98.61034978950237,True,False,86.0,77.0,0.0581395348837209,151.75,1.0,0.8611615690606609,1.053672720476099,0.8611615690606609,False,False,False,False,228.0,1.9256298710203505,44.0
4586,2026-09-17,0x23fedf3b0c7e1fd65ea3b88d7e9149b28c3d9d347097bc51fa93b3334a1c55d7,0x776357e4295564828ca013ebc601d85ade708f3f,0,64971875,0xc9fa1cb2936075c5e87ac4a2cf90a41aa0c7c4f69b3e65905776a113be73e2e9,0,200,0xe5e702641ea86f4ae6cc3cdaed2b886f976be044,2950,131.03661891831806,0.6023900054318305,8,0.1532320502001282,0.0108474576271186,0.0083943470495968,0.0,144.1337946691159,-144.1337946691159,True,False,115.0,73.0,0.1130434782608695,164.25,1.0,2.281883870815197,4.789664341728851,0.1697588749389956,True,True,False,False,45196.0,2620.0112516981762,134.0
4650,2026-09-17,0xefc5cac3b4129e2eb83cbbd0f1780853a0cef983cd2db45326fe8871131d2599,0xe8ffd7e24187f72afb08d75b1bb13088a989a791,0,64982810,0xa32d2f778c1360f5f8edd7c724a67f9c572795d20e74b7f7e4dd03b1df23d5de,10032,200,0x0000000000000000000000000000000000000000,79,3.1350170256905248,0.926829268292683,8,0.431680040014559,0.0126582278481012,0.0245540975377311,100.32,-22.58330334712545,122.90330334712544,True,True,80.0,67.0,0.05,165.5,1.0,1.414983516075022,1.6690048100990522,0.6203774827485861,False,False,False,False,6050.0,178.7012080510599,166.0
4676,2026-09-17,0x45a5979e488f7dc83b87ad305165d5cfe134bd13482a3a2c6ce7ddf40eff2686,0x097716e767df17605627def0030110f8ee559ec4,0,64989055,0xe18ff3de7d093696a6d1b10890a0ea8e82f2e9df9654c852d5d0885df02f0448,0,200,0xe5e702641ea86f4ae6cc3cdaed2b886f976be044,2962,78.33580531489191,0.906048906048906,8,0.0477690634607291,0.0361242403781228,0.0099,0.0,159.50973172511024,-159.50973172511024,True,False,98.0,82.0,0.0816326530612244,165.5,1.0,0.10342154321193796,2.9937290724430983,0.09962642527184194,False,False,False,False,8040.0,273.3255379897435,87.0
4714,2026-09-17,0xcfa1ee603f6569708fa142bcfeed1e85e1cff6c06e1cf5d633d052e993e32787,0x11d04a2491ab485a54da3817c10c2a9178c7991e,0,64996484,0x7f7be65dc28c01eadd898cc89e99ea6159f94d98c9affee5696da7748f775ea2,10000,200,0xbe3e194f0069013ae4a860b6c152131b2032c0cc,215,15.16768905843841,0.8695652173913043,8,0.0958142252456472,0.0046511627906976,0.0739511235291766,100.0,9.95675180928567,90.04324819071434,True,True,86.0,52.0,0.0465116279069767,0.0,1.0,1.0,1.0,1.0,False,False,False,False,54.0,3.3956982430102713,1.0
4729,2026-09-17,0x95cd19c764548132d83deef9f8160959d072ee3a18dfe5c7cb6701d3ecc087be,0x0b6b044d519dc45557906d33eb97313561d421a5,1,65000273,0xba17b4b4a4d17d5f777a8b43b5a6cf03974f774cbb0947f65f5ec6096af307b5,100,1,0x718793b91da00b21e5b11e89de3ec9b9b6234144,981,119.1279517220395,0.600326264274062,6,0.0726815381095319,0.0214067278287461,0.075,1.0,-652.3283210591213,653.3283210591213,True,True,94.0,77.0,0.0212765957446808,0.0,,,,,,,,,,,
4745,2026-09-17,0xfeccde60467156a186942d5a0e02a178b3b5686808223fa49916dcaef3df903e,0xa34060eb3f082ffe45d643d88cab7375caea893e,0,65005171,0x99c6db947dc911aa19270ddfccf27a3574f88253ec7e8314bcd50a0b43f557f0,100,1,0x0000000000000000000000000000000000000000,2976,436.65657525981794,0.5508077123501823,8,0.0416395029349671,0.0238575268817204,0.0975034184507572,1.0,15.64497631938944,-14.64497631938944,True,False,90.0,84.0,0.0222222222222222,1.25,1.0,0.4925285121780859,1.0733945696507474,0.4925285121780859,False,False,False,False,2908.0,390.67291546920586,2.0
4768,2026-09-17,0xe9d3e17408da5c320299a4f835198d4aa79c84ac23c644847346c8427830c9e1,0xcd6972a7cb06ea2fe4d30099c64b34a347c144c8,0,65008362,0x848c6579384e185957df54b19c2a5540f8dfb7031b758327ace0bb348afdf254,0,200,0xe5e702641ea86f4ae6cc3cdaed2b886f976be044,871,19.909751736402896,0.8852813852813853,8,0.1300049467447312,0.0218140068886337,0.0079949672493191,0.0,-302.1167415099393,302.1167415099393,True,False,87.0,69.0,0.1264367816091954,142.0,1.0,0.3463176159700045,11.180227147987493,0.3463176159700045,True,True,True,False,4550.0,184.46921392553676,67.0
4886,2026-09-17,0xd7516283de3fb7025e2fea5e96448c6a82ee67e1b7a601f973969b8cfbe5005a,0x11ea6eba5478ccad9086e2e17642823b25beb93e,0,65032473,0xfe993bc9090e4c9d7dd9046076507d5a0320069de6fb8313f096a9bdde7bbc5b,0,200,0xe5e702641ea86f4ae6cc3cdaed2b886f976be044,1164,22.132142813012116,0.7962962962962963,8,0.0988353200353659,0.0309278350515463,0.007947000005693,0.0,-138.40474253035035,138.40474253035035,True,True,91.0,77.0,0.0439560439560439,157.5,1.0,0.7679918138920633,1.2949224416827818,0.7679918138920633,False,False,False,False,234.0,1.6202420707556193,45.0
4891,2026-09-17,0x4fc50f1180d5a96169cb66a218d56fbeff9a22f2d38ed3c1a44160814682de51,0x7172362ae742d94981e209c5cba3ff3e99ba08f6,0,65033588,0xe6d4491b1743f8d988d078f59455d874b2772d0ac2817b24151f1384919ec5ff,0,200,0xe5e702641ea86f4ae6cc3cdaed2b886f976be044,7533,247.04913060366556,0.7054561919855106,8,0.0332968902702431,0.0209743793973184,0.0098769447705733,0.0,-41.74608224932295,41.74608224932295,True,True,109.0,80.0,0.0825688073394495,161.5,1.0,0.0254315181564756,1.0,0.0254315181564756,False,False,False,False,6504.0,183.81689331123115,91.0
4900,2026-09-17,0x47b071c2ca1b6f377b6003bd759a08555a008e89dc4d7fe7ed50599c91806402,0xeaf7a3494d21bc9da98bb2852871a65a5c2874c1,0,65034589,0xa9d5151fb576ea52d1edf985dd99e45ad8d3c260608dcc06680a06ef81c4d623,0,200,0xe5e702641ea86f4ae6cc3cdaed2b886f976be044,2343,137.77451253773205,0.897165991902834,8,0.0674366664765677,0.026888604353393,0.0203494352297953,0.0,53.3439616415612,-53.3439616415612,True,False,88.0,71.0,0.0568181818181818,162.0,1.0,0.015215440111925008,1.6531512405825968,0.015215440111925008,False,False,False,False,7122.0,381.3006568534677,78.0
4932,2026-09-17,0x59eec62fcf755c77e7491e7de14b11e401a10e01c09f6f7871148e36594a6520,0xd93a1603807d6180929517c85c616945c23e9675,0,65047302,0x951d507b6a81027db6cecbac0ae4ab7005c580f4de2da00f105e68fe083cf235,0,200,0xe5e702641ea86f4ae6cc3cdaed2b886f976be044,9061,387.5246645625447,0.8368132981958241,8,0.0276973955016449,0.0180995475113122,0.0137491312040454,0.0,113.72526861202432,-113.72526861202432,True,False,95.0,82.0,0.0631578947368421,161.0,1.0,0.02125957898043564,1.5247585582609995,0.02125957898043564,False,False,False,False,8720.0,366.7688096408017,81.0
4934,2026-09-17,0x8103f2bb6ced0f6766538a1e0523ff043f1db1ce576fb1c1c30efa5b59363232,0x4756411befc5f9d8ff3f569eab7090cb75324a5f,0,65048098,0x086e010b43a64b2a221c37e2aa89987da7fb633e9386a57a00ade12246494838,0,200,0xe5e702641ea86f4ae6cc3cdaed2b886f976be044,1511,59.95562152171871,0.9829396325459318,8,0.0739178594435047,0.0337524818001323,0.0198,0.0,-49.548029981515,49.548029981515,True,True,97.0,78.0,0.0927835051546391,136.25,1.0,0.13314358658611034,2.2266263882027806,0.13314358658611034,False,False,False,False,2574.0,93.12118252407362,64.0
4978,2026-09-17,0x7d0acb09e040645033bff4467dd1d63fa1c84ac989093ed72f3407b2047fe05d,0xa1c447a2cda0548427cd8a5321d3bbac077c6afe,0,65059573,0xcae2749410abeba6b9d72ea82c42137dc81a0dfc3bd4b48465904eac06551e25,0,200,0xe5e702641ea86f4ae6cc3cdaed2b886f976be044,2498,72.89371831658801,0.8503703703703703,8,0.0525331399579442,0.0248198558847077,0.0099,0.0,-135.32316935745249,135.32316935745249,True,True,106.0,87.0,0.0566037735849056,165.0,1.0,0.07896972731860527,2.8753631089459626,0.07711627943023282,False,False,False,False,7098.0,195.42979318120615,104.0
4980,2026-09-17,0xc22145d7fce9fde5b835e3b99c5558264f6bbd1b4fd7fbe5e26cc9bc41aaecfc,0xd30beca0c7989b8b0c9deeec8bd21e5fd35efe7d,0,65059581,0xb9d87dac8a0217c35ad46498a1105df5a3842425c017741bbcebe7f7e5b33fb4,0,200,0xe5e702641ea86f4ae6cc3cdaed2b886f976be044,1034,32.800657258761525,0.9219330855018588,8,0.0774804730364001,0.0261121856866537,0.017920689122732,0.0,-91.13815196157688,91.13815196157688,True,True,87.0,70.0,0.0919540229885057,164.5,1.0,0.28022154758811896,1.0979506395045933,0.28022154758811896,False,False,False,False,418.0,9.389815689969483,49.0
4983,2026-09-17,0x55dc0eaef9be745794657bfadd8d1121bf760fd9bf514168626210f04ab5391f,0xea04dcf394128e60a53dda3b452634a35a9137b9,0,65060198,0x7fc113028927cf2a0b44de038b9e6ad6c5f5d08e69f9bf78cf734edd59c5b09f,0,200,0xe5e702641ea86f4ae6cc3cdaed2b886f976be044,996,36.78340567650832,0.904397705544933,8,0.0915126849453694,0.0451807228915662,0.0165,0.0,104.91526472835116,-104.91526472835116,True,False,88.0,73.0,0.0568181818181818,139.0,1.0,0.1625605385950057,1.8628961912232427,0.1625605385950057,False,False,False,False,1976.0,57.27772531379645,58.0
5011,2026-09-17,0xdd1196465c93971c4d3c92649dc290f2278118678dec36687b615a726d133a76,0x9261e120400445635590c15e632d6514dfe8fea8,0,65069725,0x291c0f0d681b92556d89444d38a3359c603a2ef89d97c5e6e6e9ae750022e2d1,100,1,0x0000000000000000000000000000000000000000,312,19.86939014623434,0.9622641509433962,8,0.0517029055052053,0.0032051282051282,0.0630420397207419,1.0,177.30805188471172,-176.30805188471172,True,False,115.0,49.0,0.0608695652173913,4.0,1.0,1.1743707249872406,1.1743707249872406,0.9850461180335756,False,False,False,False,848.0,56.69639343997758,5.0
5030,2026-09-17,0xbef96c4a8c0225671c2fc559a6cf6a8360ee48828ea32b128913471be99180ca,0xf5a0f643f7d61d25adf57e670bb27edaf20f1dd5,0,65073996,0x41497d65d9eb581098ee08f083f0ae0f5be1651b594bc38d6beb5e2afffedb5c,0,200,0xe5e702641ea86f4ae6cc3cdaed2b886f976be044,952,19.394580623018232,0.8521400778210116,7,0.131873458395079,0.0273109243697479,0.0070529451691261,0.0,16.015468411289973,-16.015468411289973,True,False,100.0,84.0,0.04,148.5,1.0,0.6106242260868189,1.0,0.6106242260868189,False,False,False,False,142.0,3.6044017474654115,26.0
5045,2026-09-17,0x83d9622961d119c4aba3c4914ae4499ff0c6544356104acfb0e4f51deded707e,0x33d08ed480177f4aeb485538899e78847c3867ce,0,65076383,0x1b23a4ce76190df4a5075baabea997591261b60f1ed9a845a2c091d043fbfe79,0,200,0xe5e702641ea86f4ae6cc3cdaed2b886f976be044,2414,80.91400531854217,0.9917491749174916,8,0.0597369001333811,0.0285832642916321,0.0146107830073759,0.0,-71.68577279421382,71.68577279421382,True,True,81.0,72.0,0.0493827160493827,166.0,1.0,0.7758806443085712,1.0375864485340094,0.7758806443085712,False,False,False,False,144.0,1.482377482555723,31.0
5057,2026-09-17,0x705b05add27723102d8e1a7e48e3368b2663227f81d997560573c910046d0c73,0x5fc5360d0400a0fd4f2af552add042d716f1d168,0,65078641,0xfee5dda9f70f36f20fe16e38c4023d45139427b89f5bece03fa3a84a14f9024c,0,1,0xe0a5a3ba19a680a72be08c39c5de4dddb1fe05c7,46,2.987639879001664,0.7692307692307693,8,0.2482976049407423,0.0217391304347826,0.064050365471548,0.0,-0.1840740602436357,0.1840740602436357,True,False,38.0,7.0,0.8421052631578947,11.5,1.0,0.9924414965430435,1.005226972288948,0.9868335922764137,False,False,False,False,912.0,61.08559069772846,12.0
5105,2026-09-17,0x0b2251ffef4f03f60e4cea8ed64efad720363037997b92650815d091f3a801ba,0xfbe42ef178bf43b51f51699f1974f6b0aad4beb2,0,65088244,0x6c231e3ddb60a11729b0b6f03c9e95320c98e7c70555eb18879d2468e7070a85,10000,200,0x332f85e7e323214b2d55286414b059ebb1f2a044,414,20.133927444345343,0.6108949416342413,8,0.2914828106684217,0.0410628019323671,0.0130047488625646,100.0,-240.54559451499432,340.5455945149943,True,False,97.0,68.0,0.2268041237113402,165.75,1.0,0.0318139077914224,2.0294751763558736,0.03140393875082839,False,False,False,False,5388.0,307.1480347251198,162.0
5138,2026-09-17,0x7959f277d49b4fac6d3af1689699b69fde1cc93eef4e14e33de47c354c13161a,0x7dbf38976f6d3b9c529e7d9484a71898b409ee6a,0,65099763,0x129ceb7607868a9cd89b365cff66c64fa4e2116f53029dcd264f5ed94a1b39c1,10019,200,0x0000000000000000000000000000000000000000,107,12.74916594289671,0.7833333333333333,6,0.520326026531006,0.0093457943925233,0.039102594434719,100.19,-89.31963383043116,189.50963383043117,True,True,59.0,53.0,0.0338983050847457,0.0,,,,,,,,,,,
5148,2026-09-17,0x54d24abad7cdcd5f278d494712e46ca1b368519fcd75baec71ecd54b62fe9133,0xc191505485ced70983268eadce25beda4460dad0,0,65102868,0xc6845fafa0fb4b13709db96e6e3f2a8d2e1127c189603e5407f5422324ae4bd4,100,1,0x0000000000000000000000000000000000000000,242,14.760515964410878,0.9206349206349206,8,0.0692501930832442,0.0041322314049586,0.0611408207377262,1.0,174.01434417742053,-173.01434417742053,True,False,95.0,48.0,0.0631578947368421,3.25,1.0,1.298101844775671,1.3507980566535247,0.9821032653104776,False,False,False,False,672.0,44.56817966302785,4.0
5298,2026-09-17,0xc83cb2152c3c2caee62df04452469361fd9b5ee764616ac09f4af069faa69d1b,0xbf0c65428dae9f202dc96eb5888d0d8ff137ccd9,0,65119235,0xf20a2525d863386b5af6f5e2cef0e5169de868e04c16870979edd7bc29c370eb,0,200,0xe5e702641ea86f4ae6cc3cdaed2b886f976be044,4526,159.8161130194868,0.7468159011964492,8,0.0317920299411127,0.0050817498895271,0.0286774908241558,0.0,-663.0573777846527,663.0573777846527,True,True,112.0,106.0,0.0178571428571428,107.25,1.0,0.9821105146726605,1.018865467034837,0.9821105146726605,False,False,False,False,36.0,0.07914569258452753,14.0
5312,2026-09-17,0x2c75493ce65e63aeaf033570770213ffe49044d5b2ade7467241030f20b4909a,0xe5d5a36f424a945dce704e2c16e3b687e1d83020,0,65123911,0x57b05942142a6fd3e86f914f7c35c4dee7f375c1ba49c721565d78aa4e6a5141,10000,200,0x72cecfc6d9a07117d5d207537e0bfd4bdfdac0cc,239,15.694361647802465,0.7573529411764706,8,0.0726396696095617,0.00418410041841,0.0771842711659201,100.0,-83.95136174771008,183.95136174771008,True,True,93.0,58.0,0.053763440860215,6.0,1.0,1.7953416984538628,1.873421361731304,1.0,False,False,False,False,1868.0,92.87235143564787,7.0
5363,2026-09-20,0xc2322605f92ab672c42d05c56f0ca3c09d0c8a471d7e6d8122ca9b42885fce61,0xe02c53d448a62067b2ac10ed70f5bc6c29471386,0,67497494,,0,200,0xe5e702641ea86f4ae6cc3cdaed2b886f976be044,4927,152.69312797055784,0.9089500193723364,8,0.0464404854228048,0.0115689060280089,0.0099,0.0,33.209463569205944,-33.209463569205944,True,False,170.0,120.0,0.0294117647058823,166.0,1.0,12.439515119674706,35.56078471000168,0.3772496864632452,True,True,True,True,57238.0,4710.267281890173,167.0
5395,2026-09-20,0xf058c87bc11ccad23489271b8aee6b63fe505ae7eb4b8b284e2b3ee5bde65861,0x308652f47966873ad0c7854062c7961c6c7181ac,0,67503460,,0,200,0xe5e702641ea86f4ae6cc3cdaed2b886f976be044,1443,54.147040878811545,0.9930939226519336,8,0.0818972823370093,0.0221760221760221,0.0115451855795266,0.0,-32.911376389099715,32.911376389099715,True,True,92.0,73.0,0.0543478260869565,165.5,1.0,0.17742707530203,3.8651462004148334,0.17742707530203,True,True,False,False,3178.0,139.79717639522596,109.0
5421,2026-09-20,0xc1916e7e8f34002eadf112f61bb7c023bb5ecd4687b0f216beeffdecc181023d,0x5e4a5b4fcf19ba5e43789b2368e542ea5dc38ecc,0,67509168,,2500,25,0x3bf48564e102ddf0ffd19c998e6132eee8be5000,3587,631.0773855761261,0.702420503084955,8,0.0601424000433775,0.2787844995818233,0.0453737171180597,25.0,-207.70897946881743,232.70897946881743,True,True,90.0,86.0,0.0444444444444444,0.0,,,,,,,,,,,
5438,2026-09-20,0xe785180799b7651c6a9a3a5ea636cfec27dc58d8244582e56cc14c0a04ed36a4,0xb911f04a24a9f6234537829290335e623ee71e18,0,67511925,,56900,569,0x0000000000000000000000000000000000000000,91,0.9695529752904918,0.75,8,0.4029513416683583,0.0109890109890109,0.0074577248464064,568.9999999999999,-86.11253105706531,655.1125310570652,True,True,33.0,31.0,0.0606060606060606,162.0,1.0,0.2204697955478202,1.2160376469716174,0.1635520972545916,False,False,False,False,458.0,6.402438705242584,69.0
5572,2026-09-20,0x5613b430144b3498af4baea5a57ffb8f488d96a1d5f148ccdc455859877a36c7,0xdb481ed5b34f625fa66e0af2857d0988d2c49105,0,67541696,,0,200,0xe5e702641ea86f4ae6cc3cdaed2b886f976be044,693,16.715564322436972,0.9196675900277008,8,0.1429870480460179,0.036075036075036,0.0089727548791229,0.0,237.74506853735957,-237.74506853735957,True,False,94.0,65.0,0.1276595744680851,164.75,1.0,1.1262891608159065,15.023764090369147,0.6460062872005488,True,True,True,False,6772.0,264.2968621652723,134.0
5633,2026-09-20,0xb3ac62762b3e6812b343f10ef3c97a558923fd4a9fef7e1769b87775939c8f5c,0x02f1ffe90ac332fcc432634c4fa69619e9c1d6a0,0,67555850,,100,1,0x0000000000000000000000000000000000000000,217,13.52398558424682,0.954954954954955,8,0.0740767178983679,0.0046082949308755,0.0640629661848941,1.0,41.07110206949665,-40.07110206949665,True,False,87.0,41.0,0.057471264367816,24.0,1.0,1.4061513727498132,1.512986123078277,1.0,False,False,False,False,2188.0,145.12720924251562,25.0
5707,2026-09-20,0xe7946e1bf9111a91a219144798681f02968fb01c909ecc20845021f659e96156,0x357c186b84294b7f268b864b4bbf40403e0e7ba3,0,67572543,,8388608,200,0x4e3468951d49f2eea976ed0d6e75ffcb44a9a544,6302,88.22117150179834,0.6330655610261726,8,0.0639361316616091,0.0157092986353538,0.0001405537049537,69.99999999999999,-1332.3070511549884,1402.3070511549884,True,True,93.0,82.0,0.032258064516129,161.0,1.0,1.3812215517323274,1.6370423627170585,0.9209484755199348,False,False,False,False,1938.0,37.95065538189604,68.0
5764,2026-09-20,0x8ce28f2cc77d8a5e575c8a61ea722f721f3c79d9c4fefd7263842085d8eff6f1,0xa70b9bc19bd72fb4406b0f834e908448e7a19e72,0,67583744,,3000,60,0xc7e90a703b7ca435089cb90b8b770353e52b0a80,3326,1414.367435604815,0.802710027100271,8,0.0674883914329961,0.0601322910402886,0.267,30.0,-543.7338914422307,573.7338914422307,True,True,103.0,102.0,0.0194174757281553,3.5,1.0,0.35162720070192954,1.740612004118399,0.28223936064805344,False,False,False,False,2298.0,865.4547656694144,3.0
5841,2026-09-20,0xe8b7adf2e9cbcf54fa85c27128331b05a3fa3f0e4dd83cd622a7f4ad394fc6a2,0x98096d17e191b3da1d5f99a6d7b3584351b11e18,0,67599485,,10013,200,0x0000000000000000000000000000000000000000,55,8.800106156634964,0.4864864864864865,8,0.6061029513915609,0.0181818181818181,0.0945843881427511,100.13,-51.224417231707925,151.3544172317079,True,True,36.0,30.0,0.0833333333333333,18.75,1.0,1.0480413711662464,1.9306977664229247e+43,0.9275849720245329,False,False,False,False,410.0,53.81697104660253,17.0
5890,2026-09-20,0xba93f83da3d5dca5ca802d866a82036eef5175ac4cde024b0d7810ce960fd45c,0xe20359d3e4cb4540c3383452116c90f27cd92e34,0,67614369,,0,200,0xe5e702641ea86f4ae6cc3cdaed2b886f976be044,379,12.0305755937011,0.9637305699481864,8,0.218732124715706,0.0263852242744063,0.0083276997777664,0.0,44.56613810488954,-44.56613810488954,True,False,123.0,78.0,0.1463414634146341,165.5,1.0,18.02737738713419,58.41316884484285,0.5698453409163259,True,True,True,True,7144.0,1179.7260737597026,120.0
5917,2026-09-20,0x872ec7a6077d45c02a214a71dfe237a05ac0a6056e3e17e6b1bd050e02cb1655,0xfdee2c0d05d8f12a95af452f9ea2b0bc092342e1,0,67622326,,0,200,0xe5e702641ea86f4ae6cc3cdaed2b886f976be044,2882,67.61029901757067,0.8368387507966858,8,0.043046195541003,0.0475364330326162,0.0097038010005115,0.0,-78.84623826204084,78.84623826204084,True,True,101.0,86.0,0.0594059405940594,146.25,1.0,0.16103258941105375,1.0,0.16103258941105375,False,False,False,False,1082.0,14.37176401703543,42.0
5966,2026-09-20,0xb61a7428fffecf81731e6b1a74704f88523d6a996aeed55d62ed5197c154f3a0,0x4d066ab4d924b7b3d01c6ecbfc142efe33aeb7fa,0,67636216,,2500,25,0x0000000000000000000000000000000000000000,363,0.5107276511986878,0.8615384615384616,8,0.0877323751783665,0.0055096418732782,0.0013233119390982,25.0,160.52312871111914,-135.52312871111914,True,False,104.0,84.0,0.0384615384615384,110.25,1.0,0.6979183485307445,1.1486852694927134,0.6978140306975547,False,False,False,False,1082.0,1.3489837146113293,20.0
6025,2026-09-20,0x2a8c09e13ea9f7f5b96076f0548fe3016a07c64556a46aad5868717575b37614,0x8b4b11a0e79872b022bc493d06570afdffa30a9f,0,67651495,,100,1,0x0000000000000000000000000000000000000000,680,127.31687682870324,0.6464891041162227,7,0.1609582665891601,0.0176470588235294,0.0927221248149881,1.0,-537.5940704231224,538.5940704231224,True,True,92.0,85.0,0.0326086956521739,0.0,,,,,,,,,,,
6034,2026-09-20,0xfd706b9d2b57af7643b9306c0a8e01daae63cc5cd38ff92c4070794e2b5430c9,0x2d95c9f376266f23b8b6ac0c1ebd0a0e3419de03,0,67657150,,0,200,0xe5e702641ea86f4ae6cc3cdaed2b886f976be044,2258,52.91814039251523,0.9135593220338984,8,0.0618061146833448,0.024800708591674,0.0095494302715311,0.0,-353.2877197049833,353.2877197049833,True,True,108.0,83.0,0.0555555555555555,150.5,1.0,0.31625001293596056,1.0185105581943688,0.31625001293596056,False,False,False,False,506.0,6.643603665425192,43.0
6219,2026-09-20,0x71ed1f9098ec6201225c5e09aec712260216cd74a4c92193332cebaac031dca3,0x541aed1f28ebba7ce37fc1780fbaa3ce0feeb2ba,0,67670965,,0,200,0xe5e702641ea86f4ae6cc3cdaed2b886f976be044,2596,56.18933776836962,0.8797972483707458,8,0.0570549979899327,0.0539291217257318,0.0085,0.0,133.6182547598208,-133.6182547598208,True,False,95.0,71.0,0.0947368421052631,164.25,1.0,0.3218935404967968,1.0796678885682045,0.3218935404967968,False,False,False,False,712.0,9.06933958749784,45.0
6235,2026-09-20,0xd35ce2d4f80253774bee61240d3bf61db4d9158c0cd332bce507acbdd57279b9,0xf107b1d58fb2386484ee30ac2712a1c7bf61b1d5,0,67676308,,100,1,0x00d18bc3fab01162f43f20c071559795fcaf4144,4646,418.2913573655365,0.7631878557874763,8,0.0300003155259439,0.0071028842014636,0.0337,1.0,-105.7312333831496,106.7312333831496,True,True,100.0,96.0,0.02,20.5,1.0,0.027437164642048806,1.0,0.027437164642048806,False,False,False,False,16044.0,1936.6323561421257,21.0
6236,2026-09-20,0x660c4a30dbcd989eb3aa3dbf6d400c485f1e21af8df2be0ebf01059cc949bada,0x3739fe5159c1cf463b2fe696d5a5413905a9d5e1,0,67677155,,0,200,0xe5e702641ea86f4ae6cc3cdaed2b886f976be044,2390,64.61688524066595,0.9305331179321488,8,0.0780517599585781,0.0376569037656903,0.0085,0.0,-199.4785883891385,199.4785883891385,True,False,98.0,81.0,0.1020408163265306,163.75,1.0,0.06430931917342711,1.625160705716698,0.06430931917342711,False,False,False,False,3744.0,83.4488006806248,83.0
6307,2026-09-20,0x03484da5661f39f468288277f788aae72678578dec85152b75479d4b61cd2668,0x4adb565ff59f1a787516d8f5f3e8be5e4e94c4cb,0,67699149,,3000,60,0x261b0f5e05eb05c6496728f1ae4969810dbe8a80,3688,1598.1120226445548,0.7536852116024727,8,0.0659650734195358,0.054229934924078,0.2605,30.0,-975.6639771451642,1005.6639771451642,True,True,99.0,94.0,0.0202020202020202,1.75,1.0,0.31835784823911617,1.3165011260184352,0.31834238661476233,False,False,False,False,1326.0,520.8853975370745,2.0
