day,pool_id,inner,outer,stop,expiry_hours,return_pct,touched,completed,stopped,fees_pct
2026-09-13,0x75e35ae055e42c1535fded9f9058e8ad11961491600ad221f8ce5e23f221d3d7,0.1,0.3,0.2,12,-1.0000000000000009,False,False,False,0.0
2026-09-13,0xdab5d67ad43c4ec25a191884a5fa40f69369016223590f93b69531c2ff612137,0.1,0.3,0.2,12,-1.0000000000000009,False,False,False,0.0
2026-09-17,0xa75acebd7441870d50414a12aae0de8c0edd9e1a6ec6286cfb187befed3a438a,0.1,0.3,0.2,12,-41.07101400037205,True,False,True,0.0
2026-09-20,0x294273d26e81de0a29333b82a6150009c60b103ca976ba92dece94efd6a53feb,0.1,0.3,0.2,12,-1.0000000000000009,False,False,False,0.0
2026-09-20,0xe7946e1bf9111a91a219144798681f02968fb01c909ecc20845021f659e96156,0.1,0.3,0.2,12,-1.0000000000000009,False,False,False,0.0
2026-09-13,0x75e35ae055e42c1535fded9f9058e8ad11961491600ad221f8ce5e23f221d3d7,0.1,0.3,0.2,24,-1.0000000000000009,False,False,False,0.0
2026-09-13,0xdab5d67ad43c4ec25a191884a5fa40f69369016223590f93b69531c2ff612137,0.1,0.3,0.2,24,-1.0000000000000009,False,False,False,0.0
2026-09-17,0xa75acebd7441870d50414a12aae0de8c0edd9e1a6ec6286cfb187befed3a438a,0.1,0.3,0.2,24,-41.07101400037205,True,False,True,0.0
2026-09-20,0x294273d26e81de0a29333b82a6150009c60b103ca976ba92dece94efd6a53feb,0.1,0.3,0.2,24,-1.0000000000000009,False,False,False,0.0
2026-09-20,0xe7946e1bf9111a91a219144798681f02968fb01c909ecc20845021f659e96156,0.1,0.3,0.2,24,-1.0000000000000009,False,False,False,0.0
2026-09-13,0x75e35ae055e42c1535fded9f9058e8ad11961491600ad221f8ce5e23f221d3d7,0.1,0.3,0.2,48,-1.0000000000000009,False,False,False,0.0
2026-09-13,0xdab5d67ad43c4ec25a191884a5fa40f69369016223590f93b69531c2ff612137,0.1,0.3,0.2,48,-1.0000000000000009,False,False,False,0.0
2026-09-17,0xa75acebd7441870d50414a12aae0de8c0edd9e1a6ec6286cfb187befed3a438a,0.1,0.3,0.2,48,-41.07101400037205,True,False,True,0.0
2026-09-20,0x294273d26e81de0a29333b82a6150009c60b103ca976ba92dece94efd6a53feb,0.1,0.3,0.2,48,-1.0000000000000009,False,False,False,0.0
2026-09-20,0xe7946e1bf9111a91a219144798681f02968fb01c909ecc20845021f659e96156,0.1,0.3,0.2,48,-1.0000000000000009,False,False,False,0.0
2026-09-13,0x75e35ae055e42c1535fded9f9058e8ad11961491600ad221f8ce5e23f221d3d7,0.1,0.3,0.2,96,-1.0000000000000009,False,False,False,0.0
2026-09-13,0xdab5d67ad43c4ec25a191884a5fa40f69369016223590f93b69531c2ff612137,0.1,0.3,0.2,96,-0.9634985909191984,True,False,False,0.10842397708662989
2026-09-17,0xa75acebd7441870d50414a12aae0de8c0edd9e1a6ec6286cfb187befed3a438a,0.1,0.3,0.2,96,-41.07101400037205,True,False,True,0.0
2026-09-20,0x294273d26e81de0a29333b82a6150009c60b103ca976ba92dece94efd6a53feb,0.1,0.3,0.2,96,-1.0000000000000009,False,False,False,0.0
2026-09-20,0xe7946e1bf9111a91a219144798681f02968fb01c909ecc20845021f659e96156,0.1,0.3,0.2,96,-1.0000000000000009,False,False,False,0.0
2026-09-13,0x75e35ae055e42c1535fded9f9058e8ad11961491600ad221f8ce5e23f221d3d7,0.1,0.3,0.35,12,-1.0000000000000009,False,False,False,0.0
2026-09-13,0xdab5d67ad43c4ec25a191884a5fa40f69369016223590f93b69531c2ff612137,0.1,0.3,0.35,12,-1.0000000000000009,False,False,False,0.0
2026-09-17,0xa75acebd7441870d50414a12aae0de8c0edd9e1a6ec6286cfb187befed3a438a,0.1,0.3,0.35,12,-45.29774263345653,True,False,True,0.0
2026-09-20,0x294273d26e81de0a29333b82a6150009c60b103ca976ba92dece94efd6a53feb,0.1,0.3,0.35,12,-1.0000000000000009,False,False,False,0.0
2026-09-20,0xe7946e1bf9111a91a219144798681f02968fb01c909ecc20845021f659e96156,0.1,0.3,0.35,12,-1.0000000000000009,False,False,False,0.0
2026-09-13,0x75e35ae055e42c1535fded9f9058e8ad11961491600ad221f8ce5e23f221d3d7,0.1,0.3,0.35,24,-1.0000000000000009,False,False,False,0.0
2026-09-13,0xdab5d67ad43c4ec25a191884a5fa40f69369016223590f93b69531c2ff612137,0.1,0.3,0.35,24,-1.0000000000000009,False,False,False,0.0
2026-09-17,0xa75acebd7441870d50414a12aae0de8c0edd9e1a6ec6286cfb187befed3a438a,0.1,0.3,0.35,24,-45.29774263345653,True,False,True,0.0
2026-09-20,0x294273d26e81de0a29333b82a6150009c60b103ca976ba92dece94efd6a53feb,0.1,0.3,0.35,24,-1.0000000000000009,False,False,False,0.0
2026-09-20,0xe7946e1bf9111a91a219144798681f02968fb01c909ecc20845021f659e96156,0.1,0.3,0.35,24,-1.0000000000000009,False,False,False,0.0
2026-09-13,0x75e35ae055e42c1535fded9f9058e8ad11961491600ad221f8ce5e23f221d3d7,0.1,0.3,0.35,48,-1.0000000000000009,False,False,False,0.0
2026-09-13,0xdab5d67ad43c4ec25a191884a5fa40f69369016223590f93b69531c2ff612137,0.1,0.3,0.35,48,-1.0000000000000009,False,False,False,0.0
2026-09-17,0xa75acebd7441870d50414a12aae0de8c0edd9e1a6ec6286cfb187befed3a438a,0.1,0.3,0.35,48,-45.29774263345653,True,False,True,0.0
2026-09-20,0x294273d26e81de0a29333b82a6150009c60b103ca976ba92dece94efd6a53feb,0.1,0.3,0.35,48,-1.0000000000000009,False,False,False,0.0
2026-09-20,0xe7946e1bf9111a91a219144798681f02968fb01c909ecc20845021f659e96156,0.1,0.3,0.35,48,-1.0000000000000009,False,False,False,0.0
2026-09-13,0x75e35ae055e42c1535fded9f9058e8ad11961491600ad221f8ce5e23f221d3d7,0.1,0.3,0.35,96,-1.0000000000000009,False,False,False,0.0
2026-09-13,0xdab5d67ad43c4ec25a191884a5fa40f69369016223590f93b69531c2ff612137,0.1,0.3,0.35,96,-0.9634985909191984,True,False,False,0.10842397708662989
2026-09-17,0xa75acebd7441870d50414a12aae0de8c0edd9e1a6ec6286cfb187befed3a438a,0.1,0.3,0.35,96,-45.29774263345653,True,False,True,0.0
2026-09-20,0x294273d26e81de0a29333b82a6150009c60b103ca976ba92dece94efd6a53feb,0.1,0.3,0.35,96,-1.0000000000000009,False,False,False,0.0
2026-09-20,0xe7946e1bf9111a91a219144798681f02968fb01c909ecc20845021f659e96156,0.1,0.3,0.35,96,-1.0000000000000009,False,False,False,0.0
2026-09-13,0x75e35ae055e42c1535fded9f9058e8ad11961491600ad221f8ce5e23f221d3d7,0.1,0.3,0.5,12,-1.0000000000000009,False,False,False,0.0
2026-09-13,0xdab5d67ad43c4ec25a191884a5fa40f69369016223590f93b69531c2ff612137,0.1,0.3,0.5,12,-1.0000000000000009,False,False,False,0.0
2026-09-17,0xa75acebd7441870d50414a12aae0de8c0edd9e1a6ec6286cfb187befed3a438a,0.1,0.3,0.5,12,-57.403787101784175,True,False,True,0.0
2026-09-20,0x294273d26e81de0a29333b82a6150009c60b103ca976ba92dece94efd6a53feb,0.1,0.3,0.5,12,-1.0000000000000009,False,False,False,0.0
2026-09-20,0xe7946e1bf9111a91a219144798681f02968fb01c909ecc20845021f659e96156,0.1,0.3,0.5,12,-1.0000000000000009,False,False,False,0.0
2026-09-13,0x75e35ae055e42c1535fded9f9058e8ad11961491600ad221f8ce5e23f221d3d7,0.1,0.3,0.5,24,-1.0000000000000009,False,False,False,0.0
2026-09-13,0xdab5d67ad43c4ec25a191884a5fa40f69369016223590f93b69531c2ff612137,0.1,0.3,0.5,24,-1.0000000000000009,False,False,False,0.0
2026-09-17,0xa75acebd7441870d50414a12aae0de8c0edd9e1a6ec6286cfb187befed3a438a,0.1,0.3,0.5,24,-57.403787101784175,True,False,True,0.0
2026-09-20,0x294273d26e81de0a29333b82a6150009c60b103ca976ba92dece94efd6a53feb,0.1,0.3,0.5,24,-1.0000000000000009,False,False,False,0.0
2026-09-20,0xe7946e1bf9111a91a219144798681f02968fb01c909ecc20845021f659e96156,0.1,0.3,0.5,24,-1.0000000000000009,False,False,False,0.0
2026-09-13,0x75e35ae055e42c1535fded9f9058e8ad11961491600ad221f8ce5e23f221d3d7,0.1,0.3,0.5,48,-1.0000000000000009,False,False,False,0.0
2026-09-13,0xdab5d67ad43c4ec25a191884a5fa40f69369016223590f93b69531c2ff612137,0.1,0.3,0.5,48,-1.0000000000000009,False,False,False,0.0
2026-09-17,0xa75acebd7441870d50414a12aae0de8c0edd9e1a6ec6286cfb187befed3a438a,0.1,0.3,0.5,48,-57.403787101784175,True,False,True,0.0
2026-09-20,0x294273d26e81de0a29333b82a6150009c60b103ca976ba92dece94efd6a53feb,0.1,0.3,0.5,48,-1.0000000000000009,False,False,False,0.0
2026-09-20,0xe7946e1bf9111a91a219144798681f02968fb01c909ecc20845021f659e96156,0.1,0.3,0.5,48,-1.0000000000000009,False,False,False,0.0
2026-09-13,0x75e35ae055e42c1535fded9f9058e8ad11961491600ad221f8ce5e23f221d3d7,0.1,0.3,0.5,96,-1.0000000000000009,False,False,False,0.0
2026-09-13,0xdab5d67ad43c4ec25a191884a5fa40f69369016223590f93b69531c2ff612137,0.1,0.3,0.5,96,-0.9634985909191984,True,False,False,0.10842397708662989
2026-09-17,0xa75acebd7441870d50414a12aae0de8c0edd9e1a6ec6286cfb187befed3a438a,0.1,0.3,0.5,96,-57.403787101784175,True,False,True,0.0
2026-09-20,0x294273d26e81de0a29333b82a6150009c60b103ca976ba92dece94efd6a53feb,0.1,0.3,0.5,96,-1.0000000000000009,False,False,False,0.0
2026-09-20,0xe7946e1bf9111a91a219144798681f02968fb01c909ecc20845021f659e96156,0.1,0.3,0.5,96,-1.0000000000000009,False,False,False,0.0
2026-09-13,0x75e35ae055e42c1535fded9f9058e8ad11961491600ad221f8ce5e23f221d3d7,0.1,0.5,0.2,12,-1.0000000000000009,False,False,False,0.0
2026-09-13,0xdab5d67ad43c4ec25a191884a5fa40f69369016223590f93b69531c2ff612137,0.1,0.5,0.2,12,-0.9999999999999898,False,False,False,0.0
2026-09-17,0xa75acebd7441870d50414a12aae0de8c0edd9e1a6ec6286cfb187befed3a438a,0.1,0.5,0.2,12,-45.99553175546468,True,False,True,3.4207334951670463
2026-09-20,0x294273d26e81de0a29333b82a6150009c60b103ca976ba92dece94efd6a53feb,0.1,0.5,0.2,12,-1.0000000000000009,False,False,False,0.0
2026-09-20,0xe7946e1bf9111a91a219144798681f02968fb01c909ecc20845021f659e96156,0.1,0.5,0.2,12,-1.0000000000000009,False,False,False,0.0
2026-09-13,0x75e35ae055e42c1535fded9f9058e8ad11961491600ad221f8ce5e23f221d3d7,0.1,0.5,0.2,24,-1.0000000000000009,False,False,False,0.0
2026-09-13,0xdab5d67ad43c4ec25a191884a5fa40f69369016223590f93b69531c2ff612137,0.1,0.5,0.2,24,-0.9999999999999898,False,False,False,0.0
2026-09-17,0xa75acebd7441870d50414a12aae0de8c0edd9e1a6ec6286cfb187befed3a438a,0.1,0.5,0.2,24,-45.99553175546468,True,False,True,3.4207334951670463
2026-09-20,0x294273d26e81de0a29333b82a6150009c60b103ca976ba92dece94efd6a53feb,0.1,0.5,0.2,24,-1.0000000000000009,False,False,False,0.0
2026-09-20,0xe7946e1bf9111a91a219144798681f02968fb01c909ecc20845021f659e96156,0.1,0.5,0.2,24,-1.0000000000000009,False,False,False,0.0
2026-09-13,0x75e35ae055e42c1535fded9f9058e8ad11961491600ad221f8ce5e23f221d3d7,0.1,0.5,0.2,48,-1.0000000000000009,False,False,False,0.0
2026-09-13,0xdab5d67ad43c4ec25a191884a5fa40f69369016223590f93b69531c2ff612137,0.1,0.5,0.2,48,-0.9999999999999898,False,False,False,0.0
2026-09-17,0xa75acebd7441870d50414a12aae0de8c0edd9e1a6ec6286cfb187befed3a438a,0.1,0.5,0.2,48,-45.99553175546468,True,False,True,3.4207334951670463
2026-09-20,0x294273d26e81de0a29333b82a6150009c60b103ca976ba92dece94efd6a53feb,0.1,0.5,0.2,48,-1.0000000000000009,False,False,False,0.0
2026-09-20,0xe7946e1bf9111a91a219144798681f02968fb01c909ecc20845021f659e96156,0.1,0.5,0.2,48,-1.0000000000000009,False,False,False,0.0
2026-09-13,0x75e35ae055e42c1535fded9f9058e8ad11961491600ad221f8ce5e23f221d3d7,0.1,0.5,0.2,96,-1.0000000000000009,False,False,False,0.0
2026-09-13,0xdab5d67ad43c4ec25a191884a5fa40f69369016223590f93b69531c2ff612137,0.1,0.5,0.2,96,-0.983054442477771,True,False,False,0.05029731483898272
2026-09-17,0xa75acebd7441870d50414a12aae0de8c0edd9e1a6ec6286cfb187befed3a438a,0.1,0.5,0.2,96,-45.99553175546468,True,False,True,3.4207334951670463
2026-09-20,0x294273d26e81de0a29333b82a6150009c60b103ca976ba92dece94efd6a53feb,0.1,0.5,0.2,96,-1.0000000000000009,False,False,False,0.0
2026-09-20,0xe7946e1bf9111a91a219144798681f02968fb01c909ecc20845021f659e96156,0.1,0.5,0.2,96,-1.0000000000000009,False,False,False,0.0
2026-09-13,0x75e35ae055e42c1535fded9f9058e8ad11961491600ad221f8ce5e23f221d3d7,0.1,0.5,0.35,12,-1.0000000000000009,False,False,False,0.0
2026-09-13,0xdab5d67ad43c4ec25a191884a5fa40f69369016223590f93b69531c2ff612137,0.1,0.5,0.35,12,-0.9999999999999898,False,False,False,0.0
2026-09-17,0xa75acebd7441870d50414a12aae0de8c0edd9e1a6ec6286cfb187befed3a438a,0.1,0.5,0.35,12,-46.46848853672934,True,False,False,3.4207334951670463
2026-09-20,0x294273d26e81de0a29333b82a6150009c60b103ca976ba92dece94efd6a53feb,0.1,0.5,0.35,12,-1.0000000000000009,False,False,False,0.0
2026-09-20,0xe7946e1bf9111a91a219144798681f02968fb01c909ecc20845021f659e96156,0.1,0.5,0.35,12,-1.0000000000000009,False,False,False,0.0
2026-09-13,0x75e35ae055e42c1535fded9f9058e8ad11961491600ad221f8ce5e23f221d3d7,0.1,0.5,0.35,24,-1.0000000000000009,False,False,False,0.0
2026-09-13,0xdab5d67ad43c4ec25a191884a5fa40f69369016223590f93b69531c2ff612137,0.1,0.5,0.35,24,-0.9999999999999898,False,False,False,0.0
2026-09-17,0xa75acebd7441870d50414a12aae0de8c0edd9e1a6ec6286cfb187befed3a438a,0.1,0.5,0.35,24,-48.18257364652758,True,False,False,3.4207334951670463
2026-09-20,0x294273d26e81de0a29333b82a6150009c60b103ca976ba92dece94efd6a53feb,0.1,0.5,0.35,24,-1.0000000000000009,False,False,False,0.0
2026-09-20,0xe7946e1bf9111a91a219144798681f02968fb01c909ecc20845021f659e96156,0.1,0.5,0.35,24,-1.0000000000000009,False,False,False,0.0
2026-09-13,0x75e35ae055e42c1535fded9f9058e8ad11961491600ad221f8ce5e23f221d3d7,0.1,0.5,0.35,48,-1.0000000000000009,False,False,False,0.0
2026-09-13,0xdab5d67ad43c4ec25a191884a5fa40f69369016223590f93b69531c2ff612137,0.1,0.5,0.35,48,-0.9999999999999898,False,False,False,0.0
2026-09-17,0xa75acebd7441870d50414a12aae0de8c0edd9e1a6ec6286cfb187befed3a438a,0.1,0.5,0.35,48,-48.224577569434025,True,False,False,3.4207334951670463
2026-09-20,0x294273d26e81de0a29333b82a6150009c60b103ca976ba92dece94efd6a53feb,0.1,0.5,0.35,48,-1.0000000000000009,False,False,False,0.0
2026-09-20,0xe7946e1bf9111a91a219144798681f02968fb01c909ecc20845021f659e96156,0.1,0.5,0.35,48,-1.0000000000000009,False,False,False,0.0
2026-09-13,0x75e35ae055e42c1535fded9f9058e8ad11961491600ad221f8ce5e23f221d3d7,0.1,0.5,0.35,96,-1.0000000000000009,False,False,False,0.0
2026-09-13,0xdab5d67ad43c4ec25a191884a5fa40f69369016223590f93b69531c2ff612137,0.1,0.5,0.35,96,-0.983054442477771,True,False,False,0.05029731483898272
2026-09-17,0xa75acebd7441870d50414a12aae0de8c0edd9e1a6ec6286cfb187befed3a438a,0.1,0.5,0.35,96,-49.05359497732263,True,False,False,3.4207334951670463
2026-09-20,0x294273d26e81de0a29333b82a6150009c60b103ca976ba92dece94efd6a53feb,0.1,0.5,0.35,96,-1.0000000000000009,False,False,False,0.0
2026-09-20,0xe7946e1bf9111a91a219144798681f02968fb01c909ecc20845021f659e96156,0.1,0.5,0.35,96,-1.0000000000000009,False,False,False,0.0
2026-09-13,0x75e35ae055e42c1535fded9f9058e8ad11961491600ad221f8ce5e23f221d3d7,0.1,0.5,0.5,12,-1.0000000000000009,False,False,False,0.0
2026-09-13,0xdab5d67ad43c4ec25a191884a5fa40f69369016223590f93b69531c2ff612137,0.1,0.5,0.5,12,-0.9999999999999898,False,False,False,0.0
2026-09-17,0xa75acebd7441870d50414a12aae0de8c0edd9e1a6ec6286cfb187befed3a438a,0.1,0.5,0.5,12,-46.46848853672934,True,False,False,3.4207334951670463
2026-09-20,0x294273d26e81de0a29333b82a6150009c60b103ca976ba92dece94efd6a53feb,0.1,0.5,0.5,12,-1.0000000000000009,False,False,False,0.0
2026-09-20,0xe7946e1bf9111a91a219144798681f02968fb01c909ecc20845021f659e96156,0.1,0.5,0.5,12,-1.0000000000000009,False,False,False,0.0
2026-09-13,0x75e35ae055e42c1535fded9f9058e8ad11961491600ad221f8ce5e23f221d3d7,0.1,0.5,0.5,24,-1.0000000000000009,False,False,False,0.0
2026-09-13,0xdab5d67ad43c4ec25a191884a5fa40f69369016223590f93b69531c2ff612137,0.1,0.5,0.5,24,-0.9999999999999898,False,False,False,0.0
2026-09-17,0xa75acebd7441870d50414a12aae0de8c0edd9e1a6ec6286cfb187befed3a438a,0.1,0.5,0.5,24,-48.18257364652758,True,False,False,3.4207334951670463
2026-09-20,0x294273d26e81de0a29333b82a6150009c60b103ca976ba92dece94efd6a53feb,0.1,0.5,0.5,24,-1.0000000000000009,False,False,False,0.0
2026-09-20,0xe7946e1bf9111a91a219144798681f02968fb01c909ecc20845021f659e96156,0.1,0.5,0.5,24,-1.0000000000000009,False,False,False,0.0
2026-09-13,0x75e35ae055e42c1535fded9f9058e8ad11961491600ad221f8ce5e23f221d3d7,0.1,0.5,0.5,48,-1.0000000000000009,False,False,False,0.0
2026-09-13,0xdab5d67ad43c4ec25a191884a5fa40f69369016223590f93b69531c2ff612137,0.1,0.5,0.5,48,-0.9999999999999898,False,False,False,0.0
2026-09-17,0xa75acebd7441870d50414a12aae0de8c0edd9e1a6ec6286cfb187befed3a438a,0.1,0.5,0.5,48,-48.224577569434025,True,False,False,3.4207334951670463
2026-09-20,0x294273d26e81de0a29333b82a6150009c60b103ca976ba92dece94efd6a53feb,0.1,0.5,0.5,48,-1.0000000000000009,False,False,False,0.0
2026-09-20,0xe7946e1bf9111a91a219144798681f02968fb01c909ecc20845021f659e96156,0.1,0.5,0.5,48,-1.0000000000000009,False,False,False,0.0
2026-09-13,0x75e35ae055e42c1535fded9f9058e8ad11961491600ad221f8ce5e23f221d3d7,0.1,0.5,0.5,96,-1.0000000000000009,False,False,False,0.0
2026-09-13,0xdab5d67ad43c4ec25a191884a5fa40f69369016223590f93b69531c2ff612137,0.1,0.5,0.5,96,-0.983054442477771,True,False,False,0.05029731483898272
2026-09-17,0xa75acebd7441870d50414a12aae0de8c0edd9e1a6ec6286cfb187befed3a438a,0.1,0.5,0.5,96,-49.05359497732263,True,False,False,3.4207334951670463
2026-09-20,0x294273d26e81de0a29333b82a6150009c60b103ca976ba92dece94efd6a53feb,0.1,0.5,0.5,96,-1.0000000000000009,False,False,False,0.0
2026-09-20,0xe7946e1bf9111a91a219144798681f02968fb01c909ecc20845021f659e96156,0.1,0.5,0.5,96,-1.0000000000000009,False,False,False,0.0
2026-09-13,0x75e35ae055e42c1535fded9f9058e8ad11961491600ad221f8ce5e23f221d3d7,0.1,0.7,0.2,12,-1.0000000000000009,False,False,False,0.0
2026-09-13,0xdab5d67ad43c4ec25a191884a5fa40f69369016223590f93b69531c2ff612137,0.1,0.7,0.2,12,-1.0000000000000009,False,False,False,0.0
2026-09-17,0xa75acebd7441870d50414a12aae0de8c0edd9e1a6ec6286cfb187befed3a438a,0.1,0.7,0.2,12,-33.228530816636514,True,False,False,2.4390800019646472
2026-09-20,0x294273d26e81de0a29333b82a6150009c60b103ca976ba92dece94efd6a53feb,0.1,0.7,0.2,12,-1.0000000000000009,False,False,False,0.0
2026-09-20,0xe7946e1bf9111a91a219144798681f02968fb01c909ecc20845021f659e96156,0.1,0.7,0.2,12,-1.0000000000000009,False,False,False,0.0
2026-09-13,0x75e35ae055e42c1535fded9f9058e8ad11961491600ad221f8ce5e23f221d3d7,0.1,0.7,0.2,24,-1.0000000000000009,False,False,False,0.0
2026-09-13,0xdab5d67ad43c4ec25a191884a5fa40f69369016223590f93b69531c2ff612137,0.1,0.7,0.2,24,-1.0000000000000009,False,False,False,0.0
2026-09-17,0xa75acebd7441870d50414a12aae0de8c0edd9e1a6ec6286cfb187befed3a438a,0.1,0.7,0.2,24,-35.13136642314074,True,False,False,2.4527003348538443
2026-09-20,0x294273d26e81de0a29333b82a6150009c60b103ca976ba92dece94efd6a53feb,0.1,0.7,0.2,24,-1.0000000000000009,False,False,False,0.0
2026-09-20,0xe7946e1bf9111a91a219144798681f02968fb01c909ecc20845021f659e96156,0.1,0.7,0.2,24,-1.0000000000000009,False,False,False,0.0
2026-09-13,0x75e35ae055e42c1535fded9f9058e8ad11961491600ad221f8ce5e23f221d3d7,0.1,0.7,0.2,48,-1.0000000000000009,False,False,False,0.0
2026-09-13,0xdab5d67ad43c4ec25a191884a5fa40f69369016223590f93b69531c2ff612137,0.1,0.7,0.2,48,-1.0000000000000009,False,False,False,0.0
2026-09-17,0xa75acebd7441870d50414a12aae0de8c0edd9e1a6ec6286cfb187befed3a438a,0.1,0.7,0.2,48,-35.179075553245156,True,False,False,2.453021284562883
2026-09-20,0x294273d26e81de0a29333b82a6150009c60b103ca976ba92dece94efd6a53feb,0.1,0.7,0.2,48,-1.0000000000000009,False,False,False,0.0
2026-09-20,0xe7946e1bf9111a91a219144798681f02968fb01c909ecc20845021f659e96156,0.1,0.7,0.2,48,-1.0000000000000009,False,False,False,0.0
2026-09-13,0x75e35ae055e42c1535fded9f9058e8ad11961491600ad221f8ce5e23f221d3d7,0.1,0.7,0.2,96,-1.0000000000000009,False,False,False,0.0
2026-09-13,0xdab5d67ad43c4ec25a191884a5fa40f69369016223590f93b69531c2ff612137,0.1,0.7,0.2,96,-0.9897864191181216,True,False,False,0.030307820913741373
2026-09-17,0xa75acebd7441870d50414a12aae0de8c0edd9e1a6ec6286cfb187befed3a438a,0.1,0.7,0.2,96,-36.12331553944013,True,False,False,2.4674557393570344
2026-09-20,0x294273d26e81de0a29333b82a6150009c60b103ca976ba92dece94efd6a53feb,0.1,0.7,0.2,96,-1.0000000000000009,False,False,False,0.0
2026-09-20,0xe7946e1bf9111a91a219144798681f02968fb01c909ecc20845021f659e96156,0.1,0.7,0.2,96,-1.0000000000000009,False,False,False,0.0
2026-09-13,0x75e35ae055e42c1535fded9f9058e8ad11961491600ad221f8ce5e23f221d3d7,0.1,0.7,0.35,12,-1.0000000000000009,False,False,False,0.0
2026-09-13,0xdab5d67ad43c4ec25a191884a5fa40f69369016223590f93b69531c2ff612137,0.1,0.7,0.35,12,-1.0000000000000009,False,False,False,0.0
2026-09-17,0xa75acebd7441870d50414a12aae0de8c0edd9e1a6ec6286cfb187befed3a438a,0.1,0.7,0.35,12,-33.228530816636514,True,False,False,2.4390800019646472
2026-09-20,0x294273d26e81de0a29333b82a6150009c60b103ca976ba92dece94efd6a53feb,0.1,0.7,0.35,12,-1.0000000000000009,False,False,False,0.0
2026-09-20,0xe7946e1bf9111a91a219144798681f02968fb01c909ecc20845021f659e96156,0.1,0.7,0.35,12,-1.0000000000000009,False,False,False,0.0
2026-09-13,0x75e35ae055e42c1535fded9f9058e8ad11961491600ad221f8ce5e23f221d3d7,0.1,0.7,0.35,24,-1.0000000000000009,False,False,False,0.0
2026-09-13,0xdab5d67ad43c4ec25a191884a5fa40f69369016223590f93b69531c2ff612137,0.1,0.7,0.35,24,-1.0000000000000009,False,False,False,0.0
2026-09-17,0xa75acebd7441870d50414a12aae0de8c0edd9e1a6ec6286cfb187befed3a438a,0.1,0.7,0.35,24,-35.13136642314074,True,False,False,2.4527003348538443
2026-09-20,0x294273d26e81de0a29333b82a6150009c60b103ca976ba92dece94efd6a53feb,0.1,0.7,0.35,24,-1.0000000000000009,False,False,False,0.0
2026-09-20,0xe7946e1bf9111a91a219144798681f02968fb01c909ecc20845021f659e96156,0.1,0.7,0.35,24,-1.0000000000000009,False,False,False,0.0
2026-09-13,0x75e35ae055e42c1535fded9f9058e8ad11961491600ad221f8ce5e23f221d3d7,0.1,0.7,0.35,48,-1.0000000000000009,False,False,False,0.0
2026-09-13,0xdab5d67ad43c4ec25a191884a5fa40f69369016223590f93b69531c2ff612137,0.1,0.7,0.35,48,-1.0000000000000009,False,False,False,0.0
2026-09-17,0xa75acebd7441870d50414a12aae0de8c0edd9e1a6ec6286cfb187befed3a438a,0.1,0.7,0.35,48,-35.179075553245156,True,False,False,2.453021284562883
2026-09-20,0x294273d26e81de0a29333b82a6150009c60b103ca976ba92dece94efd6a53feb,0.1,0.7,0.35,48,-1.0000000000000009,False,False,False,0.0
2026-09-20,0xe7946e1bf9111a91a219144798681f02968fb01c909ecc20845021f659e96156,0.1,0.7,0.35,48,-1.0000000000000009,False,False,False,0.0
2026-09-13,0x75e35ae055e42c1535fded9f9058e8ad11961491600ad221f8ce5e23f221d3d7,0.1,0.7,0.35,96,-1.0000000000000009,False,False,False,0.0
2026-09-13,0xdab5d67ad43c4ec25a191884a5fa40f69369016223590f93b69531c2ff612137,0.1,0.7,0.35,96,-0.9897864191181216,True,False,False,0.030307820913741373
2026-09-17,0xa75acebd7441870d50414a12aae0de8c0edd9e1a6ec6286cfb187befed3a438a,0.1,0.7,0.35,96,-36.12331553944013,True,False,False,2.4674557393570344
2026-09-20,0x294273d26e81de0a29333b82a6150009c60b103ca976ba92dece94efd6a53feb,0.1,0.7,0.35,96,-1.0000000000000009,False,False,False,0.0
2026-09-20,0xe7946e1bf9111a91a219144798681f02968fb01c909ecc20845021f659e96156,0.1,0.7,0.35,96,-1.0000000000000009,False,False,False,0.0
2026-09-13,0x75e35ae055e42c1535fded9f9058e8ad11961491600ad221f8ce5e23f221d3d7,0.1,0.7,0.5,12,-1.0000000000000009,False,False,False,0.0
2026-09-13,0xdab5d67ad43c4ec25a191884a5fa40f69369016223590f93b69531c2ff612137,0.1,0.7,0.5,12,-1.0000000000000009,False,False,False,0.0
2026-09-17,0xa75acebd7441870d50414a12aae0de8c0edd9e1a6ec6286cfb187befed3a438a,0.1,0.7,0.5,12,-33.228530816636514,True,False,False,2.4390800019646472
2026-09-20,0x294273d26e81de0a29333b82a6150009c60b103ca976ba92dece94efd6a53feb,0.1,0.7,0.5,12,-1.0000000000000009,False,False,False,0.0
2026-09-20,0xe7946e1bf9111a91a219144798681f02968fb01c909ecc20845021f659e96156,0.1,0.7,0.5,12,-1.0000000000000009,False,False,False,0.0
2026-09-13,0x75e35ae055e42c1535fded9f9058e8ad11961491600ad221f8ce5e23f221d3d7,0.1,0.7,0.5,24,-1.0000000000000009,False,False,False,0.0
2026-09-13,0xdab5d67ad43c4ec25a191884a5fa40f69369016223590f93b69531c2ff612137,0.1,0.7,0.5,24,-1.0000000000000009,False,False,False,0.0
2026-09-17,0xa75acebd7441870d50414a12aae0de8c0edd9e1a6ec6286cfb187befed3a438a,0.1,0.7,0.5,24,-35.13136642314074,True,False,False,2.4527003348538443
2026-09-20,0x294273d26e81de0a29333b82a6150009c60b103ca976ba92dece94efd6a53feb,0.1,0.7,0.5,24,-1.0000000000000009,False,False,False,0.0
2026-09-20,0xe7946e1bf9111a91a219144798681f02968fb01c909ecc20845021f659e96156,0.1,0.7,0.5,24,-1.0000000000000009,False,False,False,0.0
2026-09-13,0x75e35ae055e42c1535fded9f9058e8ad11961491600ad221f8ce5e23f221d3d7,0.1,0.7,0.5,48,-1.0000000000000009,False,False,False,0.0
2026-09-13,0xdab5d67ad43c4ec25a191884a5fa40f69369016223590f93b69531c2ff612137,0.1,0.7,0.5,48,-1.0000000000000009,False,False,False,0.0
2026-09-17,0xa75acebd7441870d50414a12aae0de8c0edd9e1a6ec6286cfb187befed3a438a,0.1,0.7,0.5,48,-35.179075553245156,True,False,False,2.453021284562883
2026-09-20,0x294273d26e81de0a29333b82a6150009c60b103ca976ba92dece94efd6a53feb,0.1,0.7,0.5,48,-1.0000000000000009,False,False,False,0.0
2026-09-20,0xe7946e1bf9111a91a219144798681f02968fb01c909ecc20845021f659e96156,0.1,0.7,0.5,48,-1.0000000000000009,False,False,False,0.0
2026-09-13,0x75e35ae055e42c1535fded9f9058e8ad11961491600ad221f8ce5e23f221d3d7,0.1,0.7,0.5,96,-1.0000000000000009,False,False,False,0.0
2026-09-13,0xdab5d67ad43c4ec25a191884a5fa40f69369016223590f93b69531c2ff612137,0.1,0.7,0.5,96,-0.9897864191181216,True,False,False,0.030307820913741373
2026-09-17,0xa75acebd7441870d50414a12aae0de8c0edd9e1a6ec6286cfb187befed3a438a,0.1,0.7,0.5,96,-36.12331553944013,True,False,False,2.4674557393570344
2026-09-20,0x294273d26e81de0a29333b82a6150009c60b103ca976ba92dece94efd6a53feb,0.1,0.7,0.5,96,-1.0000000000000009,False,False,False,0.0
2026-09-20,0xe7946e1bf9111a91a219144798681f02968fb01c909ecc20845021f659e96156,0.1,0.7,0.5,96,-1.0000000000000009,False,False,False,0.0
2026-09-13,0x75e35ae055e42c1535fded9f9058e8ad11961491600ad221f8ce5e23f221d3d7,0.2,0.3,0.2,12,-1.0000000000000009,False,False,False,0.0
2026-09-13,0xdab5d67ad43c4ec25a191884a5fa40f69369016223590f93b69531c2ff612137,0.2,0.3,0.2,12,-1.0000000000000009,False,False,False,0.0
2026-09-17,0xa75acebd7441870d50414a12aae0de8c0edd9e1a6ec6286cfb187befed3a438a,0.2,0.3,0.2,12,-37.43571141504412,True,False,True,0.0
2026-09-20,0x294273d26e81de0a29333b82a6150009c60b103ca976ba92dece94efd6a53feb,0.2,0.3,0.2,12,-1.0000000000000009,False,False,False,0.0
2026-09-20,0xe7946e1bf9111a91a219144798681f02968fb01c909ecc20845021f659e96156,0.2,0.3,0.2,12,-1.0000000000000009,False,False,False,0.0
2026-09-13,0x75e35ae055e42c1535fded9f9058e8ad11961491600ad221f8ce5e23f221d3d7,0.2,0.3,0.2,24,-1.0000000000000009,False,False,False,0.0
2026-09-13,0xdab5d67ad43c4ec25a191884a5fa40f69369016223590f93b69531c2ff612137,0.2,0.3,0.2,24,-1.0000000000000009,False,False,False,0.0
2026-09-17,0xa75acebd7441870d50414a12aae0de8c0edd9e1a6ec6286cfb187befed3a438a,0.2,0.3,0.2,24,-37.43571141504412,True,False,True,0.0
2026-09-20,0x294273d26e81de0a29333b82a6150009c60b103ca976ba92dece94efd6a53feb,0.2,0.3,0.2,24,-1.0000000000000009,False,False,False,0.0
2026-09-20,0xe7946e1bf9111a91a219144798681f02968fb01c909ecc20845021f659e96156,0.2,0.3,0.2,24,-1.0000000000000009,False,False,False,0.0
2026-09-13,0x75e35ae055e42c1535fded9f9058e8ad11961491600ad221f8ce5e23f221d3d7,0.2,0.3,0.2,48,-1.0000000000000009,False,False,False,0.0
2026-09-13,0xdab5d67ad43c4ec25a191884a5fa40f69369016223590f93b69531c2ff612137,0.2,0.3,0.2,48,-1.0000000000000009,False,False,False,0.0
2026-09-17,0xa75acebd7441870d50414a12aae0de8c0edd9e1a6ec6286cfb187befed3a438a,0.2,0.3,0.2,48,-37.43571141504412,True,False,True,0.0
2026-09-20,0x294273d26e81de0a29333b82a6150009c60b103ca976ba92dece94efd6a53feb,0.2,0.3,0.2,48,-1.0000000000000009,False,False,False,0.0
2026-09-20,0xe7946e1bf9111a91a219144798681f02968fb01c909ecc20845021f659e96156,0.2,0.3,0.2,48,-1.0000000000000009,False,False,False,0.0
2026-09-13,0x75e35ae055e42c1535fded9f9058e8ad11961491600ad221f8ce5e23f221d3d7,0.2,0.3,0.2,96,-1.0000000000000009,False,False,False,0.0
2026-09-13,0xdab5d67ad43c4ec25a191884a5fa40f69369016223590f93b69531c2ff612137,0.2,0.3,0.2,96,-1.0000000000000009,False,False,False,0.0
2026-09-17,0xa75acebd7441870d50414a12aae0de8c0edd9e1a6ec6286cfb187befed3a438a,0.2,0.3,0.2,96,-37.43571141504412,True,False,True,0.0
2026-09-20,0x294273d26e81de0a29333b82a6150009c60b103ca976ba92dece94efd6a53feb,0.2,0.3,0.2,96,-1.0000000000000009,False,False,False,0.0
2026-09-20,0xe7946e1bf9111a91a219144798681f02968fb01c909ecc20845021f659e96156,0.2,0.3,0.2,96,-1.0000000000000009,False,False,False,0.0
2026-09-13,0x75e35ae055e42c1535fded9f9058e8ad11961491600ad221f8ce5e23f221d3d7,0.2,0.3,0.35,12,-1.0000000000000009,False,False,False,0.0
2026-09-13,0xdab5d67ad43c4ec25a191884a5fa40f69369016223590f93b69531c2ff612137,0.2,0.3,0.35,12,-1.0000000000000009,False,False,False,0.0
2026-09-17,0xa75acebd7441870d50414a12aae0de8c0edd9e1a6ec6286cfb187befed3a438a,0.2,0.3,0.35,12,-41.918834133078185,True,False,True,0.0
2026-09-20,0x294273d26e81de0a29333b82a6150009c60b103ca976ba92dece94efd6a53feb,0.2,0.3,0.35,12,-1.0000000000000009,False,False,False,0.0
2026-09-20,0xe7946e1bf9111a91a219144798681f02968fb01c909ecc20845021f659e96156,0.2,0.3,0.35,12,-1.0000000000000009,False,False,False,0.0
2026-09-13,0x75e35ae055e42c1535fded9f9058e8ad11961491600ad221f8ce5e23f221d3d7,0.2,0.3,0.35,24,-1.0000000000000009,False,False,False,0.0
2026-09-13,0xdab5d67ad43c4ec25a191884a5fa40f69369016223590f93b69531c2ff612137,0.2,0.3,0.35,24,-1.0000000000000009,False,False,False,0.0
2026-09-17,0xa75acebd7441870d50414a12aae0de8c0edd9e1a6ec6286cfb187befed3a438a,0.2,0.3,0.35,24,-41.918834133078185,True,False,True,0.0
2026-09-20,0x294273d26e81de0a29333b82a6150009c60b103ca976ba92dece94efd6a53feb,0.2,0.3,0.35,24,-1.0000000000000009,False,False,False,0.0
2026-09-20,0xe7946e1bf9111a91a219144798681f02968fb01c909ecc20845021f659e96156,0.2,0.3,0.35,24,-1.0000000000000009,False,False,False,0.0
2026-09-13,0x75e35ae055e42c1535fded9f9058e8ad11961491600ad221f8ce5e23f221d3d7,0.2,0.3,0.35,48,-1.0000000000000009,False,False,False,0.0
2026-09-13,0xdab5d67ad43c4ec25a191884a5fa40f69369016223590f93b69531c2ff612137,0.2,0.3,0.35,48,-1.0000000000000009,False,False,False,0.0
2026-09-17,0xa75acebd7441870d50414a12aae0de8c0edd9e1a6ec6286cfb187befed3a438a,0.2,0.3,0.35,48,-41.918834133078185,True,False,True,0.0
2026-09-20,0x294273d26e81de0a29333b82a6150009c60b103ca976ba92dece94efd6a53feb,0.2,0.3,0.35,48,-1.0000000000000009,False,False,False,0.0
2026-09-20,0xe7946e1bf9111a91a219144798681f02968fb01c909ecc20845021f659e96156,0.2,0.3,0.35,48,-1.0000000000000009,False,False,False,0.0
2026-09-13,0x75e35ae055e42c1535fded9f9058e8ad11961491600ad221f8ce5e23f221d3d7,0.2,0.3,0.35,96,-1.0000000000000009,False,False,False,0.0
2026-09-13,0xdab5d67ad43c4ec25a191884a5fa40f69369016223590f93b69531c2ff612137,0.2,0.3,0.35,96,-1.0000000000000009,False,False,False,0.0
2026-09-17,0xa75acebd7441870d50414a12aae0de8c0edd9e1a6ec6286cfb187befed3a438a,0.2,0.3,0.35,96,-41.918834133078185,True,False,True,0.0
2026-09-20,0x294273d26e81de0a29333b82a6150009c60b103ca976ba92dece94efd6a53feb,0.2,0.3,0.35,96,-1.0000000000000009,False,False,False,0.0
2026-09-20,0xe7946e1bf9111a91a219144798681f02968fb01c909ecc20845021f659e96156,0.2,0.3,0.35,96,-1.0000000000000009,False,False,False,0.0
2026-09-13,0x75e35ae055e42c1535fded9f9058e8ad11961491600ad221f8ce5e23f221d3d7,0.2,0.3,0.5,12,-1.0000000000000009,False,False,False,0.0
2026-09-13,0xdab5d67ad43c4ec25a191884a5fa40f69369016223590f93b69531c2ff612137,0.2,0.3,0.5,12,-1.0000000000000009,False,False,False,0.0
2026-09-17,0xa75acebd7441870d50414a12aae0de8c0edd9e1a6ec6286cfb187befed3a438a,0.2,0.3,0.5,12,-54.75923333842876,True,False,True,0.0
2026-09-20,0x294273d26e81de0a29333b82a6150009c60b103ca976ba92dece94efd6a53feb,0.2,0.3,0.5,12,-1.0000000000000009,False,False,False,0.0
2026-09-20,0xe7946e1bf9111a91a219144798681f02968fb01c909ecc20845021f659e96156,0.2,0.3,0.5,12,-1.0000000000000009,False,False,False,0.0
2026-09-13,0x75e35ae055e42c1535fded9f9058e8ad11961491600ad221f8ce5e23f221d3d7,0.2,0.3,0.5,24,-1.0000000000000009,False,False,False,0.0
2026-09-13,0xdab5d67ad43c4ec25a191884a5fa40f69369016223590f93b69531c2ff612137,0.2,0.3,0.5,24,-1.0000000000000009,False,False,False,0.0
2026-09-17,0xa75acebd7441870d50414a12aae0de8c0edd9e1a6ec6286cfb187befed3a438a,0.2,0.3,0.5,24,-54.75923333842876,True,False,True,0.0
2026-09-20,0x294273d26e81de0a29333b82a6150009c60b103ca976ba92dece94efd6a53feb,0.2,0.3,0.5,24,-1.0000000000000009,False,False,False,0.0
2026-09-20,0xe7946e1bf9111a91a219144798681f02968fb01c909ecc20845021f659e96156,0.2,0.3,0.5,24,-1.0000000000000009,False,False,False,0.0
2026-09-13,0x75e35ae055e42c1535fded9f9058e8ad11961491600ad221f8ce5e23f221d3d7,0.2,0.3,0.5,48,-1.0000000000000009,False,False,False,0.0
2026-09-13,0xdab5d67ad43c4ec25a191884a5fa40f69369016223590f93b69531c2ff612137,0.2,0.3,0.5,48,-1.0000000000000009,False,False,False,0.0
2026-09-17,0xa75acebd7441870d50414a12aae0de8c0edd9e1a6ec6286cfb187befed3a438a,0.2,0.3,0.5,48,-54.75923333842876,True,False,True,0.0
2026-09-20,0x294273d26e81de0a29333b82a6150009c60b103ca976ba92dece94efd6a53feb,0.2,0.3,0.5,48,-1.0000000000000009,False,False,False,0.0
2026-09-20,0xe7946e1bf9111a91a219144798681f02968fb01c909ecc20845021f659e96156,0.2,0.3,0.5,48,-1.0000000000000009,False,False,False,0.0
2026-09-13,0x75e35ae055e42c1535fded9f9058e8ad11961491600ad221f8ce5e23f221d3d7,0.2,0.3,0.5,96,-1.0000000000000009,False,False,False,0.0
2026-09-13,0xdab5d67ad43c4ec25a191884a5fa40f69369016223590f93b69531c2ff612137,0.2,0.3,0.5,96,-1.0000000000000009,False,False,False,0.0
2026-09-17,0xa75acebd7441870d50414a12aae0de8c0edd9e1a6ec6286cfb187befed3a438a,0.2,0.3,0.5,96,-54.75923333842876,True,False,True,0.0
2026-09-20,0x294273d26e81de0a29333b82a6150009c60b103ca976ba92dece94efd6a53feb,0.2,0.3,0.5,96,-1.0000000000000009,False,False,False,0.0
2026-09-20,0xe7946e1bf9111a91a219144798681f02968fb01c909ecc20845021f659e96156,0.2,0.3,0.5,96,-1.0000000000000009,False,False,False,0.0
2026-09-13,0x75e35ae055e42c1535fded9f9058e8ad11961491600ad221f8ce5e23f221d3d7,0.2,0.5,0.2,12,-0.9999999999999898,False,False,False,0.0
2026-09-13,0xdab5d67ad43c4ec25a191884a5fa40f69369016223590f93b69531c2ff612137,0.2,0.5,0.2,12,-0.9999999999999898,False,False,False,0.0
2026-09-17,0xa75acebd7441870d50414a12aae0de8c0edd9e1a6ec6286cfb187befed3a438a,0.2,0.5,0.2,12,-41.878902230024536,True,False,True,4.408284809665792
2026-09-20,0x294273d26e81de0a29333b82a6150009c60b103ca976ba92dece94efd6a53feb,0.2,0.5,0.2,12,-1.0000000000000009,False,False,False,0.0
2026-09-20,0xe7946e1bf9111a91a219144798681f02968fb01c909ecc20845021f659e96156,0.2,0.5,0.2,12,-1.0000000000000009,False,False,False,0.0
2026-09-13,0x75e35ae055e42c1535fded9f9058e8ad11961491600ad221f8ce5e23f221d3d7,0.2,0.5,0.2,24,-0.9999999999999898,False,False,False,0.0
2026-09-13,0xdab5d67ad43c4ec25a191884a5fa40f69369016223590f93b69531c2ff612137,0.2,0.5,0.2,24,-0.9999999999999898,False,False,False,0.0
2026-09-17,0xa75acebd7441870d50414a12aae0de8c0edd9e1a6ec6286cfb187befed3a438a,0.2,0.5,0.2,24,-41.878902230024536,True,False,True,4.408284809665792
2026-09-20,0x294273d26e81de0a29333b82a6150009c60b103ca976ba92dece94efd6a53feb,0.2,0.5,0.2,24,-1.0000000000000009,False,False,False,0.0
2026-09-20,0xe7946e1bf9111a91a219144798681f02968fb01c909ecc20845021f659e96156,0.2,0.5,0.2,24,-1.0000000000000009,False,False,False,0.0
2026-09-13,0x75e35ae055e42c1535fded9f9058e8ad11961491600ad221f8ce5e23f221d3d7,0.2,0.5,0.2,48,-0.9999999999999898,False,False,False,0.0
2026-09-13,0xdab5d67ad43c4ec25a191884a5fa40f69369016223590f93b69531c2ff612137,0.2,0.5,0.2,48,-0.9999999999999898,False,False,False,0.0
2026-09-17,0xa75acebd7441870d50414a12aae0de8c0edd9e1a6ec6286cfb187befed3a438a,0.2,0.5,0.2,48,-41.878902230024536,True,False,True,4.408284809665792
2026-09-20,0x294273d26e81de0a29333b82a6150009c60b103ca976ba92dece94efd6a53feb,0.2,0.5,0.2,48,-1.0000000000000009,False,False,False,0.0
2026-09-20,0xe7946e1bf9111a91a219144798681f02968fb01c909ecc20845021f659e96156,0.2,0.5,0.2,48,-1.0000000000000009,False,False,False,0.0
2026-09-13,0x75e35ae055e42c1535fded9f9058e8ad11961491600ad221f8ce5e23f221d3d7,0.2,0.5,0.2,96,-0.9999999999999898,False,False,False,0.0
2026-09-13,0xdab5d67ad43c4ec25a191884a5fa40f69369016223590f93b69531c2ff612137,0.2,0.5,0.2,96,-0.9999999999999898,False,False,False,0.0
2026-09-17,0xa75acebd7441870d50414a12aae0de8c0edd9e1a6ec6286cfb187befed3a438a,0.2,0.5,0.2,96,-41.878902230024536,True,False,True,4.408284809665792
2026-09-20,0x294273d26e81de0a29333b82a6150009c60b103ca976ba92dece94efd6a53feb,0.2,0.5,0.2,96,-1.0000000000000009,False,False,False,0.0
2026-09-20,0xe7946e1bf9111a91a219144798681f02968fb01c909ecc20845021f659e96156,0.2,0.5,0.2,96,-1.0000000000000009,False,False,False,0.0
2026-09-13,0x75e35ae055e42c1535fded9f9058e8ad11961491600ad221f8ce5e23f221d3d7,0.2,0.5,0.35,12,-0.9999999999999898,False,False,False,0.0
2026-09-13,0xdab5d67ad43c4ec25a191884a5fa40f69369016223590f93b69531c2ff612137,0.2,0.5,0.35,12,-0.9999999999999898,False,False,False,0.0
2026-09-17,0xa75acebd7441870d50414a12aae0de8c0edd9e1a6ec6286cfb187befed3a438a,0.2,0.5,0.35,12,-42.38054865088513,True,False,False,4.408284809665792
2026-09-20,0x294273d26e81de0a29333b82a6150009c60b103ca976ba92dece94efd6a53feb,0.2,0.5,0.35,12,-1.0000000000000009,False,False,False,0.0
2026-09-20,0xe7946e1bf9111a91a219144798681f02968fb01c909ecc20845021f659e96156,0.2,0.5,0.35,12,-1.0000000000000009,False,False,False,0.0
2026-09-13,0x75e35ae055e42c1535fded9f9058e8ad11961491600ad221f8ce5e23f221d3d7,0.2,0.5,0.35,24,-0.9999999999999898,False,False,False,0.0
2026-09-13,0xdab5d67ad43c4ec25a191884a5fa40f69369016223590f93b69531c2ff612137,0.2,0.5,0.35,24,-0.9999999999999898,False,False,False,0.0
2026-09-17,0xa75acebd7441870d50414a12aae0de8c0edd9e1a6ec6286cfb187befed3a438a,0.2,0.5,0.35,24,-44.19861045788897,True,False,False,4.408284809665792
2026-09-20,0x294273d26e81de0a29333b82a6150009c60b103ca976ba92dece94efd6a53feb,0.2,0.5,0.35,24,-1.0000000000000009,False,False,False,0.0
2026-09-20,0xe7946e1bf9111a91a219144798681f02968fb01c909ecc20845021f659e96156,0.2,0.5,0.35,24,-1.0000000000000009,False,False,False,0.0
2026-09-13,0x75e35ae055e42c1535fded9f9058e8ad11961491600ad221f8ce5e23f221d3d7,0.2,0.5,0.35,48,-0.9999999999999898,False,False,False,0.0
2026-09-13,0xdab5d67ad43c4ec25a191884a5fa40f69369016223590f93b69531c2ff612137,0.2,0.5,0.35,48,-0.9999999999999898,False,False,False,0.0
2026-09-17,0xa75acebd7441870d50414a12aae0de8c0edd9e1a6ec6286cfb187befed3a438a,0.2,0.5,0.35,48,-44.24316234597434,True,False,False,4.408284809665792
2026-09-20,0x294273d26e81de0a29333b82a6150009c60b103ca976ba92dece94efd6a53feb,0.2,0.5,0.35,48,-1.0000000000000009,False,False,False,0.0
2026-09-20,0xe7946e1bf9111a91a219144798681f02968fb01c909ecc20845021f659e96156,0.2,0.5,0.35,48,-1.0000000000000009,False,False,False,0.0
2026-09-13,0x75e35ae055e42c1535fded9f9058e8ad11961491600ad221f8ce5e23f221d3d7,0.2,0.5,0.35,96,-0.9999999999999898,False,False,False,0.0
2026-09-13,0xdab5d67ad43c4ec25a191884a5fa40f69369016223590f93b69531c2ff612137,0.2,0.5,0.35,96,-0.9999999999999898,False,False,False,0.0
2026-09-17,0xa75acebd7441870d50414a12aae0de8c0edd9e1a6ec6286cfb187befed3a438a,0.2,0.5,0.35,96,-45.12246809223392,True,False,False,4.408284809665792
2026-09-20,0x294273d26e81de0a29333b82a6150009c60b103ca976ba92dece94efd6a53feb,0.2,0.5,0.35,96,-1.0000000000000009,False,False,False,0.0
2026-09-20,0xe7946e1bf9111a91a219144798681f02968fb01c909ecc20845021f659e96156,0.2,0.5,0.35,96,-1.0000000000000009,False,False,False,0.0
2026-09-13,0x75e35ae055e42c1535fded9f9058e8ad11961491600ad221f8ce5e23f221d3d7,0.2,0.5,0.5,12,-0.9999999999999898,False,False,False,0.0
2026-09-13,0xdab5d67ad43c4ec25a191884a5fa40f69369016223590f93b69531c2ff612137,0.2,0.5,0.5,12,-0.9999999999999898,False,False,False,0.0
2026-09-17,0xa75acebd7441870d50414a12aae0de8c0edd9e1a6ec6286cfb187befed3a438a,0.2,0.5,0.5,12,-42.38054865088513,True,False,False,4.408284809665792
2026-09-20,0x294273d26e81de0a29333b82a6150009c60b103ca976ba92dece94efd6a53feb,0.2,0.5,0.5,12,-1.0000000000000009,False,False,False,0.0
2026-09-20,0xe7946e1bf9111a91a219144798681f02968fb01c909ecc20845021f659e96156,0.2,0.5,0.5,12,-1.0000000000000009,False,False,False,0.0
2026-09-13,0x75e35ae055e42c1535fded9f9058e8ad11961491600ad221f8ce5e23f221d3d7,0.2,0.5,0.5,24,-0.9999999999999898,False,False,False,0.0
2026-09-13,0xdab5d67ad43c4ec25a191884a5fa40f69369016223590f93b69531c2ff612137,0.2,0.5,0.5,24,-0.9999999999999898,False,False,False,0.0
2026-09-17,0xa75acebd7441870d50414a12aae0de8c0edd9e1a6ec6286cfb187befed3a438a,0.2,0.5,0.5,24,-44.19861045788897,True,False,False,4.408284809665792
2026-09-20,0x294273d26e81de0a29333b82a6150009c60b103ca976ba92dece94efd6a53feb,0.2,0.5,0.5,24,-1.0000000000000009,False,False,False,0.0
2026-09-20,0xe7946e1bf9111a91a219144798681f02968fb01c909ecc20845021f659e96156,0.2,0.5,0.5,24,-1.0000000000000009,False,False,False,0.0
2026-09-13,0x75e35ae055e42c1535fded9f9058e8ad11961491600ad221f8ce5e23f221d3d7,0.2,0.5,0.5,48,-0.9999999999999898,False,False,False,0.0
2026-09-13,0xdab5d67ad43c4ec25a191884a5fa40f69369016223590f93b69531c2ff612137,0.2,0.5,0.5,48,-0.9999999999999898,False,False,False,0.0
2026-09-17,0xa75acebd7441870d50414a12aae0de8c0edd9e1a6ec6286cfb187befed3a438a,0.2,0.5,0.5,48,-44.24316234597434,True,False,False,4.408284809665792
2026-09-20,0x294273d26e81de0a29333b82a6150009c60b103ca976ba92dece94efd6a53feb,0.2,0.5,0.5,48,-1.0000000000000009,False,False,False,0.0
2026-09-20,0xe7946e1bf9111a91a219144798681f02968fb01c909ecc20845021f659e96156,0.2,0.5,0.5,48,-1.0000000000000009,False,False,False,0.0
2026-09-13,0x75e35ae055e42c1535fded9f9058e8ad11961491600ad221f8ce5e23f221d3d7,0.2,0.5,0.5,96,-0.9999999999999898,False,False,False,0.0
2026-09-13,0xdab5d67ad43c4ec25a191884a5fa40f69369016223590f93b69531c2ff612137,0.2,0.5,0.5,96,-0.9999999999999898,False,False,False,0.0
2026-09-17,0xa75acebd7441870d50414a12aae0de8c0edd9e1a6ec6286cfb187befed3a438a,0.2,0.5,0.5,96,-45.12246809223392,True,False,False,4.408284809665792
2026-09-20,0x294273d26e81de0a29333b82a6150009c60b103ca976ba92dece94efd6a53feb,0.2,0.5,0.5,96,-1.0000000000000009,False,False,False,0.0
2026-09-20,0xe7946e1bf9111a91a219144798681f02968fb01c909ecc20845021f659e96156,0.2,0.5,0.5,96,-1.0000000000000009,False,False,False,0.0
2026-09-13,0x75e35ae055e42c1535fded9f9058e8ad11961491600ad221f8ce5e23f221d3d7,0.2,0.7,0.2,12,-1.000000000000012,False,False,False,0.0
2026-09-13,0xdab5d67ad43c4ec25a191884a5fa40f69369016223590f93b69531c2ff612137,0.2,0.7,0.2,12,-1.0000000000000009,False,False,False,0.0
2026-09-17,0xa75acebd7441870d50414a12aae0de8c0edd9e1a6ec6286cfb187befed3a438a,0.2,0.7,0.2,12,-28.946857234996205,True,False,False,2.820098133593154
2026-09-20,0x294273d26e81de0a29333b82a6150009c60b103ca976ba92dece94efd6a53feb,0.2,0.7,0.2,12,-1.0000000000000009,False,False,False,0.0
2026-09-20,0xe7946e1bf9111a91a219144798681f02968fb01c909ecc20845021f659e96156,0.2,0.7,0.2,12,-1.0000000000000009,False,False,False,0.0
2026-09-13,0x75e35ae055e42c1535fded9f9058e8ad11961491600ad221f8ce5e23f221d3d7,0.2,0.7,0.2,24,-1.000000000000012,False,False,False,0.0
2026-09-13,0xdab5d67ad43c4ec25a191884a5fa40f69369016223590f93b69531c2ff612137,0.2,0.7,0.2,24,-1.0000000000000009,False,False,False,0.0
2026-09-17,0xa75acebd7441870d50414a12aae0de8c0edd9e1a6ec6286cfb187befed3a438a,0.2,0.7,0.2,24,-30.935411716523387,True,False,False,2.835846155893871
2026-09-20,0x294273d26e81de0a29333b82a6150009c60b103ca976ba92dece94efd6a53feb,0.2,0.7,0.2,24,-1.0000000000000009,False,False,False,0.0
2026-09-20,0xe7946e1bf9111a91a219144798681f02968fb01c909ecc20845021f659e96156,0.2,0.7,0.2,24,-1.0000000000000009,False,False,False,0.0
2026-09-13,0x75e35ae055e42c1535fded9f9058e8ad11961491600ad221f8ce5e23f221d3d7,0.2,0.7,0.2,48,-1.000000000000012,False,False,False,0.0
2026-09-13,0xdab5d67ad43c4ec25a191884a5fa40f69369016223590f93b69531c2ff612137,0.2,0.7,0.2,48,-1.0000000000000009,False,False,False,0.0
2026-09-17,0xa75acebd7441870d50414a12aae0de8c0edd9e1a6ec6286cfb187befed3a438a,0.2,0.7,0.2,48,-30.985390383643395,True,False,False,2.836217242505833
2026-09-20,0x294273d26e81de0a29333b82a6150009c60b103ca976ba92dece94efd6a53feb,0.2,0.7,0.2,48,-1.0000000000000009,False,False,False,0.0
2026-09-20,0xe7946e1bf9111a91a219144798681f02968fb01c909ecc20845021f659e96156,0.2,0.7,0.2,48,-1.0000000000000009,False,False,False,0.0
2026-09-13,0x75e35ae055e42c1535fded9f9058e8ad11961491600ad221f8ce5e23f221d3d7,0.2,0.7,0.2,96,-1.000000000000012,False,False,False,0.0
2026-09-13,0xdab5d67ad43c4ec25a191884a5fa40f69369016223590f93b69531c2ff612137,0.2,0.7,0.2,96,-1.0000000000000009,False,False,False,0.0
2026-09-17,0xa75acebd7441870d50414a12aae0de8c0edd9e1a6ec6286cfb187befed3a438a,0.2,0.7,0.2,96,-31.97483583785139,True,False,False,2.8529065641962355
2026-09-20,0x294273d26e81de0a29333b82a6150009c60b103ca976ba92dece94efd6a53feb,0.2,0.7,0.2,96,-1.0000000000000009,False,False,False,0.0
2026-09-20,0xe7946e1bf9111a91a219144798681f02968fb01c909ecc20845021f659e96156,0.2,0.7,0.2,96,-1.0000000000000009,False,False,False,0.0
2026-09-13,0x75e35ae055e42c1535fded9f9058e8ad11961491600ad221f8ce5e23f221d3d7,0.2,0.7,0.35,12,-1.000000000000012,False,False,False,0.0
2026-09-13,0xdab5d67ad43c4ec25a191884a5fa40f69369016223590f93b69531c2ff612137,0.2,0.7,0.35,12,-1.0000000000000009,False,False,False,0.0
2026-09-17,0xa75acebd7441870d50414a12aae0de8c0edd9e1a6ec6286cfb187befed3a438a,0.2,0.7,0.35,12,-28.946857234996205,True,False,False,2.820098133593154
2026-09-20,0x294273d26e81de0a29333b82a6150009c60b103ca976ba92dece94efd6a53feb,0.2,0.7,0.35,12,-1.0000000000000009,False,False,False,0.0
2026-09-20,0xe7946e1bf9111a91a219144798681f02968fb01c909ecc20845021f659e96156,0.2,0.7,0.35,12,-1.0000000000000009,False,False,False,0.0
2026-09-13,0x75e35ae055e42c1535fded9f9058e8ad11961491600ad221f8ce5e23f221d3d7,0.2,0.7,0.35,24,-1.000000000000012,False,False,False,0.0
2026-09-13,0xdab5d67ad43c4ec25a191884a5fa40f69369016223590f93b69531c2ff612137,0.2,0.7,0.35,24,-1.0000000000000009,False,False,False,0.0
2026-09-17,0xa75acebd7441870d50414a12aae0de8c0edd9e1a6ec6286cfb187befed3a438a,0.2,0.7,0.35,24,-30.935411716523387,True,False,False,2.835846155893871
2026-09-20,0x294273d26e81de0a29333b82a6150009c60b103ca976ba92dece94efd6a53feb,0.2,0.7,0.35,24,-1.0000000000000009,False,False,False,0.0
2026-09-20,0xe7946e1bf9111a91a219144798681f02968fb01c909ecc20845021f659e96156,0.2,0.7,0.35,24,-1.0000000000000009,False,False,False,0.0
2026-09-13,0x75e35ae055e42c1535fded9f9058e8ad11961491600ad221f8ce5e23f221d3d7,0.2,0.7,0.35,48,-1.000000000000012,False,False,False,0.0
2026-09-13,0xdab5d67ad43c4ec25a191884a5fa40f69369016223590f93b69531c2ff612137,0.2,0.7,0.35,48,-1.0000000000000009,False,False,False,0.0
2026-09-17,0xa75acebd7441870d50414a12aae0de8c0edd9e1a6ec6286cfb187befed3a438a,0.2,0.7,0.35,48,-30.985390383643395,True,False,False,2.836217242505833
2026-09-20,0x294273d26e81de0a29333b82a6150009c60b103ca976ba92dece94efd6a53feb,0.2,0.7,0.35,48,-1.0000000000000009,False,False,False,0.0
2026-09-20,0xe7946e1bf9111a91a219144798681f02968fb01c909ecc20845021f659e96156,0.2,0.7,0.35,48,-1.0000000000000009,False,False,False,0.0
2026-09-13,0x75e35ae055e42c1535fded9f9058e8ad11961491600ad221f8ce5e23f221d3d7,0.2,0.7,0.35,96,-1.000000000000012,False,False,False,0.0
2026-09-13,0xdab5d67ad43c4ec25a191884a5fa40f69369016223590f93b69531c2ff612137,0.2,0.7,0.35,96,-1.0000000000000009,False,False,False,0.0
2026-09-17,0xa75acebd7441870d50414a12aae0de8c0edd9e1a6ec6286cfb187befed3a438a,0.2,0.7,0.35,96,-31.97483583785139,True,False,False,2.8529065641962355
2026-09-20,0x294273d26e81de0a29333b82a6150009c60b103ca976ba92dece94efd6a53feb,0.2,0.7,0.35,96,-1.0000000000000009,False,False,False,0.0
2026-09-20,0xe7946e1bf9111a91a219144798681f02968fb01c909ecc20845021f659e96156,0.2,0.7,0.35,96,-1.0000000000000009,False,False,False,0.0
2026-09-13,0x75e35ae055e42c1535fded9f9058e8ad11961491600ad221f8ce5e23f221d3d7,0.2,0.7,0.5,12,-1.000000000000012,False,False,False,0.0
2026-09-13,0xdab5d67ad43c4ec25a191884a5fa40f69369016223590f93b69531c2ff612137,0.2,0.7,0.5,12,-1.0000000000000009,False,False,False,0.0
2026-09-17,0xa75acebd7441870d50414a12aae0de8c0edd9e1a6ec6286cfb187befed3a438a,0.2,0.7,0.5,12,-28.946857234996205,True,False,False,2.820098133593154
2026-09-20,0x294273d26e81de0a29333b82a6150009c60b103ca976ba92dece94efd6a53feb,0.2,0.7,0.5,12,-1.0000000000000009,False,False,False,0.0
2026-09-20,0xe7946e1bf9111a91a219144798681f02968fb01c909ecc20845021f659e96156,0.2,0.7,0.5,12,-1.0000000000000009,False,False,False,0.0
2026-09-13,0x75e35ae055e42c1535fded9f9058e8ad11961491600ad221f8ce5e23f221d3d7,0.2,0.7,0.5,24,-1.000000000000012,False,False,False,0.0
2026-09-13,0xdab5d67ad43c4ec25a191884a5fa40f69369016223590f93b69531c2ff612137,0.2,0.7,0.5,24,-1.0000000000000009,False,False,False,0.0
2026-09-17,0xa75acebd7441870d50414a12aae0de8c0edd9e1a6ec6286cfb187befed3a438a,0.2,0.7,0.5,24,-30.935411716523387,True,False,False,2.835846155893871
2026-09-20,0x294273d26e81de0a29333b82a6150009c60b103ca976ba92dece94efd6a53feb,0.2,0.7,0.5,24,-1.0000000000000009,False,False,False,0.0
2026-09-20,0xe7946e1bf9111a91a219144798681f02968fb01c909ecc20845021f659e96156,0.2,0.7,0.5,24,-1.0000000000000009,False,False,False,0.0
2026-09-13,0x75e35ae055e42c1535fded9f9058e8ad11961491600ad221f8ce5e23f221d3d7,0.2,0.7,0.5,48,-1.000000000000012,False,False,False,0.0
2026-09-13,0xdab5d67ad43c4ec25a191884a5fa40f69369016223590f93b69531c2ff612137,0.2,0.7,0.5,48,-1.0000000000000009,False,False,False,0.0
2026-09-17,0xa75acebd7441870d50414a12aae0de8c0edd9e1a6ec6286cfb187befed3a438a,0.2,0.7,0.5,48,-30.985390383643395,True,False,False,2.836217242505833
2026-09-20,0x294273d26e81de0a29333b82a6150009c60b103ca976ba92dece94efd6a53feb,0.2,0.7,0.5,48,-1.0000000000000009,False,False,False,0.0
2026-09-20,0xe7946e1bf9111a91a219144798681f02968fb01c909ecc20845021f659e96156,0.2,0.7,0.5,48,-1.0000000000000009,False,False,False,0.0
2026-09-13,0x75e35ae055e42c1535fded9f9058e8ad11961491600ad221f8ce5e23f221d3d7,0.2,0.7,0.5,96,-1.000000000000012,False,False,False,0.0
2026-09-13,0xdab5d67ad43c4ec25a191884a5fa40f69369016223590f93b69531c2ff612137,0.2,0.7,0.5,96,-1.0000000000000009,False,False,False,0.0
2026-09-17,0xa75acebd7441870d50414a12aae0de8c0edd9e1a6ec6286cfb187befed3a438a,0.2,0.7,0.5,96,-31.97483583785139,True,False,False,2.8529065641962355
2026-09-20,0x294273d26e81de0a29333b82a6150009c60b103ca976ba92dece94efd6a53feb,0.2,0.7,0.5,96,-1.0000000000000009,False,False,False,0.0
2026-09-20,0xe7946e1bf9111a91a219144798681f02968fb01c909ecc20845021f659e96156,0.2,0.7,0.5,96,-1.0000000000000009,False,False,False,0.0
2026-09-13,0x75e35ae055e42c1535fded9f9058e8ad11961491600ad221f8ce5e23f221d3d7,0.3,0.5,0.2,12,-1.0000000000000009,False,False,False,0.0
2026-09-13,0xdab5d67ad43c4ec25a191884a5fa40f69369016223590f93b69531c2ff612137,0.3,0.5,0.2,12,-1.0000000000000009,False,False,False,0.0
2026-09-17,0xa75acebd7441870d50414a12aae0de8c0edd9e1a6ec6286cfb187befed3a438a,0.3,0.5,0.2,12,-36.1449092117152,True,False,True,6.364633427106595
2026-09-20,0x294273d26e81de0a29333b82a6150009c60b103ca976ba92dece94efd6a53feb,0.3,0.5,0.2,12,-1.0000000000000009,False,False,False,0.0
2026-09-20,0xe7946e1bf9111a91a219144798681f02968fb01c909ecc20845021f659e96156,0.3,0.5,0.2,12,-0.9999999999999898,False,False,False,0.0
2026-09-13,0x75e35ae055e42c1535fded9f9058e8ad11961491600ad221f8ce5e23f221d3d7,0.3,0.5,0.2,24,-1.0000000000000009,False,False,False,0.0
2026-09-13,0xdab5d67ad43c4ec25a191884a5fa40f69369016223590f93b69531c2ff612137,0.3,0.5,0.2,24,-1.0000000000000009,False,False,False,0.0
2026-09-17,0xa75acebd7441870d50414a12aae0de8c0edd9e1a6ec6286cfb187befed3a438a,0.3,0.5,0.2,24,-36.1449092117152,True,False,True,6.364633427106595
2026-09-20,0x294273d26e81de0a29333b82a6150009c60b103ca976ba92dece94efd6a53feb,0.3,0.5,0.2,24,-1.0000000000000009,False,False,False,0.0
2026-09-20,0xe7946e1bf9111a91a219144798681f02968fb01c909ecc20845021f659e96156,0.3,0.5,0.2,24,-0.9999999999999898,False,False,False,0.0
2026-09-13,0x75e35ae055e42c1535fded9f9058e8ad11961491600ad221f8ce5e23f221d3d7,0.3,0.5,0.2,48,-1.0000000000000009,False,False,False,0.0
2026-09-13,0xdab5d67ad43c4ec25a191884a5fa40f69369016223590f93b69531c2ff612137,0.3,0.5,0.2,48,-1.0000000000000009,False,False,False,0.0
2026-09-17,0xa75acebd7441870d50414a12aae0de8c0edd9e1a6ec6286cfb187befed3a438a,0.3,0.5,0.2,48,-36.1449092117152,True,False,True,6.364633427106595
2026-09-20,0x294273d26e81de0a29333b82a6150009c60b103ca976ba92dece94efd6a53feb,0.3,0.5,0.2,48,-1.0000000000000009,False,False,False,0.0
2026-09-20,0xe7946e1bf9111a91a219144798681f02968fb01c909ecc20845021f659e96156,0.3,0.5,0.2,48,-0.9999999999999898,False,False,False,0.0
2026-09-13,0x75e35ae055e42c1535fded9f9058e8ad11961491600ad221f8ce5e23f221d3d7,0.3,0.5,0.2,96,-1.0000000000000009,False,False,False,0.0
2026-09-13,0xdab5d67ad43c4ec25a191884a5fa40f69369016223590f93b69531c2ff612137,0.3,0.5,0.2,96,-1.0000000000000009,False,False,False,0.0
2026-09-17,0xa75acebd7441870d50414a12aae0de8c0edd9e1a6ec6286cfb187befed3a438a,0.3,0.5,0.2,96,-36.1449092117152,True,False,True,6.364633427106595
2026-09-20,0x294273d26e81de0a29333b82a6150009c60b103ca976ba92dece94efd6a53feb,0.3,0.5,0.2,96,-1.0000000000000009,False,False,False,0.0
2026-09-20,0xe7946e1bf9111a91a219144798681f02968fb01c909ecc20845021f659e96156,0.3,0.5,0.2,96,-0.9999999999999898,False,False,False,0.0
2026-09-13,0x75e35ae055e42c1535fded9f9058e8ad11961491600ad221f8ce5e23f221d3d7,0.3,0.5,0.35,12,-1.0000000000000009,False,False,False,0.0
2026-09-13,0xdab5d67ad43c4ec25a191884a5fa40f69369016223590f93b69531c2ff612137,0.3,0.5,0.35,12,-1.0000000000000009,False,False,False,0.0
2026-09-17,0xa75acebd7441870d50414a12aae0de8c0edd9e1a6ec6286cfb187befed3a438a,0.3,0.5,0.35,12,-36.68119179347571,True,False,False,6.364633427106595
2026-09-20,0x294273d26e81de0a29333b82a6150009c60b103ca976ba92dece94efd6a53feb,0.3,0.5,0.35,12,-1.0000000000000009,False,False,False,0.0
2026-09-20,0xe7946e1bf9111a91a219144798681f02968fb01c909ecc20845021f659e96156,0.3,0.5,0.35,12,-0.9999999999999898,False,False,False,0.0
2026-09-13,0x75e35ae055e42c1535fded9f9058e8ad11961491600ad221f8ce5e23f221d3d7,0.3,0.5,0.35,24,-1.0000000000000009,False,False,False,0.0
2026-09-13,0xdab5d67ad43c4ec25a191884a5fa40f69369016223590f93b69531c2ff612137,0.3,0.5,0.35,24,-1.0000000000000009,False,False,False,0.0
2026-09-17,0xa75acebd7441870d50414a12aae0de8c0edd9e1a6ec6286cfb187befed3a438a,0.3,0.5,0.35,24,-38.624781619129266,True,False,False,6.364633427106595
2026-09-20,0x294273d26e81de0a29333b82a6150009c60b103ca976ba92dece94efd6a53feb,0.3,0.5,0.35,24,-1.0000000000000009,False,False,False,0.0
2026-09-20,0xe7946e1bf9111a91a219144798681f02968fb01c909ecc20845021f659e96156,0.3,0.5,0.35,24,-0.9999999999999898,False,False,False,0.0
2026-09-13,0x75e35ae055e42c1535fded9f9058e8ad11961491600ad221f8ce5e23f221d3d7,0.3,0.5,0.35,48,-1.0000000000000009,False,False,False,0.0
2026-09-13,0xdab5d67ad43c4ec25a191884a5fa40f69369016223590f93b69531c2ff612137,0.3,0.5,0.35,48,-1.0000000000000009,False,False,False,0.0
2026-09-17,0xa75acebd7441870d50414a12aae0de8c0edd9e1a6ec6286cfb187befed3a438a,0.3,0.5,0.35,48,-38.67240959088624,True,False,False,6.364633427106595
2026-09-20,0x294273d26e81de0a29333b82a6150009c60b103ca976ba92dece94efd6a53feb,0.3,0.5,0.35,48,-1.0000000000000009,False,False,False,0.0
2026-09-20,0xe7946e1bf9111a91a219144798681f02968fb01c909ecc20845021f659e96156,0.3,0.5,0.35,48,-0.9999999999999898,False,False,False,0.0
2026-09-13,0x75e35ae055e42c1535fded9f9058e8ad11961491600ad221f8ce5e23f221d3d7,0.3,0.5,0.35,96,-1.0000000000000009,False,False,False,0.0
2026-09-13,0xdab5d67ad43c4ec25a191884a5fa40f69369016223590f93b69531c2ff612137,0.3,0.5,0.35,96,-1.0000000000000009,False,False,False,0.0
2026-09-17,0xa75acebd7441870d50414a12aae0de8c0edd9e1a6ec6286cfb187befed3a438a,0.3,0.5,0.35,96,-39.61242697395051,True,False,False,6.364633427106595
2026-09-20,0x294273d26e81de0a29333b82a6150009c60b103ca976ba92dece94efd6a53feb,0.3,0.5,0.35,96,-1.0000000000000009,False,False,False,0.0
2026-09-20,0xe7946e1bf9111a91a219144798681f02968fb01c909ecc20845021f659e96156,0.3,0.5,0.35,96,-0.9999999999999898,False,False,False,0.0
2026-09-13,0x75e35ae055e42c1535fded9f9058e8ad11961491600ad221f8ce5e23f221d3d7,0.3,0.5,0.5,12,-1.0000000000000009,False,False,False,0.0
2026-09-13,0xdab5d67ad43c4ec25a191884a5fa40f69369016223590f93b69531c2ff612137,0.3,0.5,0.5,12,-1.0000000000000009,False,False,False,0.0
2026-09-17,0xa75acebd7441870d50414a12aae0de8c0edd9e1a6ec6286cfb187befed3a438a,0.3,0.5,0.5,12,-36.68119179347571,True,False,False,6.364633427106595
2026-09-20,0x294273d26e81de0a29333b82a6150009c60b103ca976ba92dece94efd6a53feb,0.3,0.5,0.5,12,-1.0000000000000009,False,False,False,0.0
2026-09-20,0xe7946e1bf9111a91a219144798681f02968fb01c909ecc20845021f659e96156,0.3,0.5,0.5,12,-0.9999999999999898,False,False,False,0.0
2026-09-13,0x75e35ae055e42c1535fded9f9058e8ad11961491600ad221f8ce5e23f221d3d7,0.3,0.5,0.5,24,-1.0000000000000009,False,False,False,0.0
2026-09-13,0xdab5d67ad43c4ec25a191884a5fa40f69369016223590f93b69531c2ff612137,0.3,0.5,0.5,24,-1.0000000000000009,False,False,False,0.0
2026-09-17,0xa75acebd7441870d50414a12aae0de8c0edd9e1a6ec6286cfb187befed3a438a,0.3,0.5,0.5,24,-38.624781619129266,True,False,False,6.364633427106595
2026-09-20,0x294273d26e81de0a29333b82a6150009c60b103ca976ba92dece94efd6a53feb,0.3,0.5,0.5,24,-1.0000000000000009,False,False,False,0.0
2026-09-20,0xe7946e1bf9111a91a219144798681f02968fb01c909ecc20845021f659e96156,0.3,0.5,0.5,24,-0.9999999999999898,False,False,False,0.0
2026-09-13,0x75e35ae055e42c1535fded9f9058e8ad11961491600ad221f8ce5e23f221d3d7,0.3,0.5,0.5,48,-1.0000000000000009,False,False,False,0.0
2026-09-13,0xdab5d67ad43c4ec25a191884a5fa40f69369016223590f93b69531c2ff612137,0.3,0.5,0.5,48,-1.0000000000000009,False,False,False,0.0
2026-09-17,0xa75acebd7441870d50414a12aae0de8c0edd9e1a6ec6286cfb187befed3a438a,0.3,0.5,0.5,48,-38.67240959088624,True,False,False,6.364633427106595
2026-09-20,0x294273d26e81de0a29333b82a6150009c60b103ca976ba92dece94efd6a53feb,0.3,0.5,0.5,48,-1.0000000000000009,False,False,False,0.0
2026-09-20,0xe7946e1bf9111a91a219144798681f02968fb01c909ecc20845021f659e96156,0.3,0.5,0.5,48,-0.9999999999999898,False,False,False,0.0
2026-09-13,0x75e35ae055e42c1535fded9f9058e8ad11961491600ad221f8ce5e23f221d3d7,0.3,0.5,0.5,96,-1.0000000000000009,False,False,False,0.0
2026-09-13,0xdab5d67ad43c4ec25a191884a5fa40f69369016223590f93b69531c2ff612137,0.3,0.5,0.5,96,-1.0000000000000009,False,False,False,0.0
2026-09-17,0xa75acebd7441870d50414a12aae0de8c0edd9e1a6ec6286cfb187befed3a438a,0.3,0.5,0.5,96,-39.61242697395051,True,False,False,6.364633427106595
2026-09-20,0x294273d26e81de0a29333b82a6150009c60b103ca976ba92dece94efd6a53feb,0.3,0.5,0.5,96,-1.0000000000000009,False,False,False,0.0
2026-09-20,0xe7946e1bf9111a91a219144798681f02968fb01c909ecc20845021f659e96156,0.3,0.5,0.5,96,-0.9999999999999898,False,False,False,0.0
2026-09-13,0x75e35ae055e42c1535fded9f9058e8ad11961491600ad221f8ce5e23f221d3d7,0.3,0.7,0.2,12,-1.000000000000012,False,False,False,0.0
2026-09-13,0xdab5d67ad43c4ec25a191884a5fa40f69369016223590f93b69531c2ff612137,0.3,0.7,0.2,12,-1.000000000000012,False,False,False,0.0
2026-09-17,0xa75acebd7441870d50414a12aae0de8c0edd9e1a6ec6286cfb187befed3a438a,0.3,0.7,0.2,12,-23.702631322821166,True,False,False,3.382722273174002
2026-09-20,0x294273d26e81de0a29333b82a6150009c60b103ca976ba92dece94efd6a53feb,0.3,0.7,0.2,12,-1.000000000000012,False,False,False,0.0
2026-09-20,0xe7946e1bf9111a91a219144798681f02968fb01c909ecc20845021f659e96156,0.3,0.7,0.2,12,-1.0000000000000009,False,False,False,0.0
2026-09-13,0x75e35ae055e42c1535fded9f9058e8ad11961491600ad221f8ce5e23f221d3d7,0.3,0.7,0.2,24,-1.000000000000012,False,False,False,0.0
2026-09-13,0xdab5d67ad43c4ec25a191884a5fa40f69369016223590f93b69531c2ff612137,0.3,0.7,0.2,24,-1.000000000000012,False,False,False,0.0
2026-09-17,0xa75acebd7441870d50414a12aae0de8c0edd9e1a6ec6286cfb187befed3a438a,0.3,0.7,0.2,24,-25.781563040024114,True,False,False,3.401612115159257
2026-09-20,0x294273d26e81de0a29333b82a6150009c60b103ca976ba92dece94efd6a53feb,0.3,0.7,0.2,24,-1.000000000000012,False,False,False,0.0
2026-09-20,0xe7946e1bf9111a91a219144798681f02968fb01c909ecc20845021f659e96156,0.3,0.7,0.2,24,-1.0000000000000009,False,False,False,0.0
2026-09-13,0x75e35ae055e42c1535fded9f9058e8ad11961491600ad221f8ce5e23f221d3d7,0.3,0.7,0.2,48,-1.000000000000012,False,False,False,0.0
2026-09-13,0xdab5d67ad43c4ec25a191884a5fa40f69369016223590f93b69531c2ff612137,0.3,0.7,0.2,48,-1.000000000000012,False,False,False,0.0
2026-09-17,0xa75acebd7441870d50414a12aae0de8c0edd9e1a6ec6286cfb187befed3a438a,0.3,0.7,0.2,48,-25.834006087138018,True,False,False,3.4020572356543926
2026-09-20,0x294273d26e81de0a29333b82a6150009c60b103ca976ba92dece94efd6a53feb,0.3,0.7,0.2,48,-1.000000000000012,False,False,False,0.0
2026-09-20,0xe7946e1bf9111a91a219144798681f02968fb01c909ecc20845021f659e96156,0.3,0.7,0.2,48,-1.0000000000000009,False,False,False,0.0
2026-09-13,0x75e35ae055e42c1535fded9f9058e8ad11961491600ad221f8ce5e23f221d3d7,0.3,0.7,0.2,96,-1.000000000000012,False,False,False,0.0
2026-09-13,0xdab5d67ad43c4ec25a191884a5fa40f69369016223590f93b69531c2ff612137,0.3,0.7,0.2,96,-1.000000000000012,False,False,False,0.0
2026-09-17,0xa75acebd7441870d50414a12aae0de8c0edd9e1a6ec6286cfb187befed3a438a,0.3,0.7,0.2,96,-26.872700580195218,True,False,False,3.4220761717372152
2026-09-20,0x294273d26e81de0a29333b82a6150009c60b103ca976ba92dece94efd6a53feb,0.3,0.7,0.2,96,-1.000000000000012,False,False,False,0.0
2026-09-20,0xe7946e1bf9111a91a219144798681f02968fb01c909ecc20845021f659e96156,0.3,0.7,0.2,96,-1.0000000000000009,False,False,False,0.0
2026-09-13,0x75e35ae055e42c1535fded9f9058e8ad11961491600ad221f8ce5e23f221d3d7,0.3,0.7,0.35,12,-1.000000000000012,False,False,False,0.0
2026-09-13,0xdab5d67ad43c4ec25a191884a5fa40f69369016223590f93b69531c2ff612137,0.3,0.7,0.35,12,-1.000000000000012,False,False,False,0.0
2026-09-17,0xa75acebd7441870d50414a12aae0de8c0edd9e1a6ec6286cfb187befed3a438a,0.3,0.7,0.35,12,-23.702631322821166,True,False,False,3.382722273174002
2026-09-20,0x294273d26e81de0a29333b82a6150009c60b103ca976ba92dece94efd6a53feb,0.3,0.7,0.35,12,-1.000000000000012,False,False,False,0.0
2026-09-20,0xe7946e1bf9111a91a219144798681f02968fb01c909ecc20845021f659e96156,0.3,0.7,0.35,12,-1.0000000000000009,False,False,False,0.0
2026-09-13,0x75e35ae055e42c1535fded9f9058e8ad11961491600ad221f8ce5e23f221d3d7,0.3,0.7,0.35,24,-1.000000000000012,False,False,False,0.0
2026-09-13,0xdab5d67ad43c4ec25a191884a5fa40f69369016223590f93b69531c2ff612137,0.3,0.7,0.35,24,-1.000000000000012,False,False,False,0.0
2026-09-17,0xa75acebd7441870d50414a12aae0de8c0edd9e1a6ec6286cfb187befed3a438a,0.3,0.7,0.35,24,-25.781563040024114,True,False,False,3.401612115159257
2026-09-20,0x294273d26e81de0a29333b82a6150009c60b103ca976ba92dece94efd6a53feb,0.3,0.7,0.35,24,-1.000000000000012,False,False,False,0.0
2026-09-20,0xe7946e1bf9111a91a219144798681f02968fb01c909ecc20845021f659e96156,0.3,0.7,0.35,24,-1.0000000000000009,False,False,False,0.0
2026-09-13,0x75e35ae055e42c1535fded9f9058e8ad11961491600ad221f8ce5e23f221d3d7,0.3,0.7,0.35,48,-1.000000000000012,False,False,False,0.0
2026-09-13,0xdab5d67ad43c4ec25a191884a5fa40f69369016223590f93b69531c2ff612137,0.3,0.7,0.35,48,-1.000000000000012,False,False,False,0.0
2026-09-17,0xa75acebd7441870d50414a12aae0de8c0edd9e1a6ec6286cfb187befed3a438a,0.3,0.7,0.35,48,-25.834006087138018,True,False,False,3.4020572356543926
2026-09-20,0x294273d26e81de0a29333b82a6150009c60b103ca976ba92dece94efd6a53feb,0.3,0.7,0.35,48,-1.000000000000012,False,False,False,0.0
2026-09-20,0xe7946e1bf9111a91a219144798681f02968fb01c909ecc20845021f659e96156,0.3,0.7,0.35,48,-1.0000000000000009,False,False,False,0.0
2026-09-13,0x75e35ae055e42c1535fded9f9058e8ad11961491600ad221f8ce5e23f221d3d7,0.3,0.7,0.35,96,-1.000000000000012,False,False,False,0.0
2026-09-13,0xdab5d67ad43c4ec25a191884a5fa40f69369016223590f93b69531c2ff612137,0.3,0.7,0.35,96,-1.000000000000012,False,False,False,0.0
2026-09-17,0xa75acebd7441870d50414a12aae0de8c0edd9e1a6ec6286cfb187befed3a438a,0.3,0.7,0.35,96,-26.872700580195218,True,False,False,3.4220761717372152
2026-09-20,0x294273d26e81de0a29333b82a6150009c60b103ca976ba92dece94efd6a53feb,0.3,0.7,0.35,96,-1.000000000000012,False,False,False,0.0
2026-09-20,0xe7946e1bf9111a91a219144798681f02968fb01c909ecc20845021f659e96156,0.3,0.7,0.35,96,-1.0000000000000009,False,False,False,0.0
2026-09-13,0x75e35ae055e42c1535fded9f9058e8ad11961491600ad221f8ce5e23f221d3d7,0.3,0.7,0.5,12,-1.000000000000012,False,False,False,0.0
2026-09-13,0xdab5d67ad43c4ec25a191884a5fa40f69369016223590f93b69531c2ff612137,0.3,0.7,0.5,12,-1.000000000000012,False,False,False,0.0
2026-09-17,0xa75acebd7441870d50414a12aae0de8c0edd9e1a6ec6286cfb187befed3a438a,0.3,0.7,0.5,12,-23.702631322821166,True,False,False,3.382722273174002
2026-09-20,0x294273d26e81de0a29333b82a6150009c60b103ca976ba92dece94efd6a53feb,0.3,0.7,0.5,12,-1.000000000000012,False,False,False,0.0
2026-09-20,0xe7946e1bf9111a91a219144798681f02968fb01c909ecc20845021f659e96156,0.3,0.7,0.5,12,-1.0000000000000009,False,False,False,0.0
2026-09-13,0x75e35ae055e42c1535fded9f9058e8ad11961491600ad221f8ce5e23f221d3d7,0.3,0.7,0.5,24,-1.000000000000012,False,False,False,0.0
2026-09-13,0xdab5d67ad43c4ec25a191884a5fa40f69369016223590f93b69531c2ff612137,0.3,0.7,0.5,24,-1.000000000000012,False,False,False,0.0
2026-09-17,0xa75acebd7441870d50414a12aae0de8c0edd9e1a6ec6286cfb187befed3a438a,0.3,0.7,0.5,24,-25.781563040024114,True,False,False,3.401612115159257
2026-09-20,0x294273d26e81de0a29333b82a6150009c60b103ca976ba92dece94efd6a53feb,0.3,0.7,0.5,24,-1.000000000000012,False,False,False,0.0
2026-09-20,0xe7946e1bf9111a91a219144798681f02968fb01c909ecc20845021f659e96156,0.3,0.7,0.5,24,-1.0000000000000009,False,False,False,0.0
2026-09-13,0x75e35ae055e42c1535fded9f9058e8ad11961491600ad221f8ce5e23f221d3d7,0.3,0.7,0.5,48,-1.000000000000012,False,False,False,0.0
2026-09-13,0xdab5d67ad43c4ec25a191884a5fa40f69369016223590f93b69531c2ff612137,0.3,0.7,0.5,48,-1.000000000000012,False,False,False,0.0
2026-09-17,0xa75acebd7441870d50414a12aae0de8c0edd9e1a6ec6286cfb187befed3a438a,0.3,0.7,0.5,48,-25.834006087138018,True,False,False,3.4020572356543926
2026-09-20,0x294273d26e81de0a29333b82a6150009c60b103ca976ba92dece94efd6a53feb,0.3,0.7,0.5,48,-1.000000000000012,False,False,False,0.0
2026-09-20,0xe7946e1bf9111a91a219144798681f02968fb01c909ecc20845021f659e96156,0.3,0.7,0.5,48,-1.0000000000000009,False,False,False,0.0
2026-09-13,0x75e35ae055e42c1535fded9f9058e8ad11961491600ad221f8ce5e23f221d3d7,0.3,0.7,0.5,96,-1.000000000000012,False,False,False,0.0
2026-09-13,0xdab5d67ad43c4ec25a191884a5fa40f69369016223590f93b69531c2ff612137,0.3,0.7,0.5,96,-1.000000000000012,False,False,False,0.0
2026-09-17,0xa75acebd7441870d50414a12aae0de8c0edd9e1a6ec6286cfb187befed3a438a,0.3,0.7,0.5,96,-26.872700580195218,True,False,False,3.4220761717372152
2026-09-20,0x294273d26e81de0a29333b82a6150009c60b103ca976ba92dece94efd6a53feb,0.3,0.7,0.5,96,-1.000000000000012,False,False,False,0.0
2026-09-20,0xe7946e1bf9111a91a219144798681f02968fb01c909ecc20845021f659e96156,0.3,0.7,0.5,96,-1.0000000000000009,False,False,False,0.0
