day,pool_id,width,stop,expiry_hours,return_pct,fees_pct,stopped
2026-09-13,0x75e35ae055e42c1535fded9f9058e8ad11961491600ad221f8ce5e23f221d3d7,0.2,0.1,1,-0.9965480636420998,0.0034519363578973017,False
2026-09-13,0xdab5d67ad43c4ec25a191884a5fa40f69369016223590f93b69531c2ff612137,0.2,0.1,1,-1.0413041149602842,0.0261209512206492,False
2026-09-17,0xa75acebd7441870d50414a12aae0de8c0edd9e1a6ec6286cfb187befed3a438a,0.2,0.1,1,-31.614086962716957,8.848934003795419,True
2026-09-20,0x294273d26e81de0a29333b82a6150009c60b103ca976ba92dece94efd6a53feb,0.2,0.1,1,-0.9995833197363857,0.00041668026360938356,False
2026-09-20,0xe7946e1bf9111a91a219144798681f02968fb01c909ecc20845021f659e96156,0.2,0.1,1,-0.930310612305385,0.02013276265406926,False
2026-09-13,0x75e35ae055e42c1535fded9f9058e8ad11961491600ad221f8ce5e23f221d3d7,0.2,0.1,2,-0.9965480636420998,0.0034519363578973017,False
2026-09-13,0xdab5d67ad43c4ec25a191884a5fa40f69369016223590f93b69531c2ff612137,0.2,0.1,2,-1.1202707812632773,0.030345472177331422,False
2026-09-17,0xa75acebd7441870d50414a12aae0de8c0edd9e1a6ec6286cfb187befed3a438a,0.2,0.1,2,-31.614086962716957,8.848934003795419,True
2026-09-20,0x294273d26e81de0a29333b82a6150009c60b103ca976ba92dece94efd6a53feb,0.2,0.1,2,-0.9995833197363857,0.00041668026360938356,False
2026-09-20,0xe7946e1bf9111a91a219144798681f02968fb01c909ecc20845021f659e96156,0.2,0.1,2,0.17672018726266892,0.06391718552011122,False
2026-09-13,0x75e35ae055e42c1535fded9f9058e8ad11961491600ad221f8ce5e23f221d3d7,0.2,0.1,4,-0.9965480636420998,0.0034519363578973017,False
2026-09-13,0xdab5d67ad43c4ec25a191884a5fa40f69369016223590f93b69531c2ff612137,0.2,0.1,4,-1.1329114039688504,0.032030264315652514,False
2026-09-17,0xa75acebd7441870d50414a12aae0de8c0edd9e1a6ec6286cfb187befed3a438a,0.2,0.1,4,-31.614086962716957,8.848934003795419,True
2026-09-20,0x294273d26e81de0a29333b82a6150009c60b103ca976ba92dece94efd6a53feb,0.2,0.1,4,-0.9995833197363857,0.00041668026360938356,False
2026-09-20,0xe7946e1bf9111a91a219144798681f02968fb01c909ecc20845021f659e96156,0.2,0.1,4,0.32919582863519814,0.06932592993316289,False
2026-09-13,0x75e35ae055e42c1535fded9f9058e8ad11961491600ad221f8ce5e23f221d3d7,0.2,0.1,6,-0.9965480636420998,0.0034519363578973017,False
2026-09-13,0xdab5d67ad43c4ec25a191884a5fa40f69369016223590f93b69531c2ff612137,0.2,0.1,6,-1.0139742700497778,0.037749383667568415,False
2026-09-17,0xa75acebd7441870d50414a12aae0de8c0edd9e1a6ec6286cfb187befed3a438a,0.2,0.1,6,-31.614086962716957,8.848934003795419,True
2026-09-20,0x294273d26e81de0a29333b82a6150009c60b103ca976ba92dece94efd6a53feb,0.2,0.1,6,-0.9995833197363857,0.00041668026360938356,False
2026-09-20,0xe7946e1bf9111a91a219144798681f02968fb01c909ecc20845021f659e96156,0.2,0.1,6,0.11213142989623393,0.08101080084273696,False
2026-09-13,0x75e35ae055e42c1535fded9f9058e8ad11961491600ad221f8ce5e23f221d3d7,0.2,0.1,12,-0.9368097345545778,0.004508644263894324,False
2026-09-13,0xdab5d67ad43c4ec25a191884a5fa40f69369016223590f93b69531c2ff612137,0.2,0.1,12,-2.9183653647425034,0.10839982122381471,False
2026-09-17,0xa75acebd7441870d50414a12aae0de8c0edd9e1a6ec6286cfb187befed3a438a,0.2,0.1,12,-31.614086962716957,8.848934003795419,True
2026-09-20,0x294273d26e81de0a29333b82a6150009c60b103ca976ba92dece94efd6a53feb,0.2,0.1,12,-0.9891742939048931,0.03295540161808428,False
2026-09-20,0xe7946e1bf9111a91a219144798681f02968fb01c909ecc20845021f659e96156,0.2,0.1,12,-5.3951448166995934,0.24776593571960007,False
2026-09-13,0x75e35ae055e42c1535fded9f9058e8ad11961491600ad221f8ce5e23f221d3d7,0.2,0.2,1,-0.9965480636420998,0.0034519363578973017,False
2026-09-13,0xdab5d67ad43c4ec25a191884a5fa40f69369016223590f93b69531c2ff612137,0.2,0.2,1,-1.0413041149602842,0.0261209512206492,False
2026-09-17,0xa75acebd7441870d50414a12aae0de8c0edd9e1a6ec6286cfb187befed3a438a,0.2,0.2,1,-31.614086962716957,8.848934003795419,True
2026-09-20,0x294273d26e81de0a29333b82a6150009c60b103ca976ba92dece94efd6a53feb,0.2,0.2,1,-0.9995833197363857,0.00041668026360938356,False
2026-09-20,0xe7946e1bf9111a91a219144798681f02968fb01c909ecc20845021f659e96156,0.2,0.2,1,-0.930310612305385,0.02013276265406926,False
2026-09-13,0x75e35ae055e42c1535fded9f9058e8ad11961491600ad221f8ce5e23f221d3d7,0.2,0.2,2,-0.9965480636420998,0.0034519363578973017,False
2026-09-13,0xdab5d67ad43c4ec25a191884a5fa40f69369016223590f93b69531c2ff612137,0.2,0.2,2,-1.1202707812632773,0.030345472177331422,False
2026-09-17,0xa75acebd7441870d50414a12aae0de8c0edd9e1a6ec6286cfb187befed3a438a,0.2,0.2,2,-31.614086962716957,8.848934003795419,True
2026-09-20,0x294273d26e81de0a29333b82a6150009c60b103ca976ba92dece94efd6a53feb,0.2,0.2,2,-0.9995833197363857,0.00041668026360938356,False
2026-09-20,0xe7946e1bf9111a91a219144798681f02968fb01c909ecc20845021f659e96156,0.2,0.2,2,0.17672018726266892,0.06391718552011122,False
2026-09-13,0x75e35ae055e42c1535fded9f9058e8ad11961491600ad221f8ce5e23f221d3d7,0.2,0.2,4,-0.9965480636420998,0.0034519363578973017,False
2026-09-13,0xdab5d67ad43c4ec25a191884a5fa40f69369016223590f93b69531c2ff612137,0.2,0.2,4,-1.1329114039688504,0.032030264315652514,False
2026-09-17,0xa75acebd7441870d50414a12aae0de8c0edd9e1a6ec6286cfb187befed3a438a,0.2,0.2,4,-31.614086962716957,8.848934003795419,True
2026-09-20,0x294273d26e81de0a29333b82a6150009c60b103ca976ba92dece94efd6a53feb,0.2,0.2,4,-0.9995833197363857,0.00041668026360938356,False
2026-09-20,0xe7946e1bf9111a91a219144798681f02968fb01c909ecc20845021f659e96156,0.2,0.2,4,0.32919582863519814,0.06932592993316289,False
2026-09-13,0x75e35ae055e42c1535fded9f9058e8ad11961491600ad221f8ce5e23f221d3d7,0.2,0.2,6,-0.9965480636420998,0.0034519363578973017,False
2026-09-13,0xdab5d67ad43c4ec25a191884a5fa40f69369016223590f93b69531c2ff612137,0.2,0.2,6,-1.0139742700497778,0.037749383667568415,False
2026-09-17,0xa75acebd7441870d50414a12aae0de8c0edd9e1a6ec6286cfb187befed3a438a,0.2,0.2,6,-31.614086962716957,8.848934003795419,True
2026-09-20,0x294273d26e81de0a29333b82a6150009c60b103ca976ba92dece94efd6a53feb,0.2,0.2,6,-0.9995833197363857,0.00041668026360938356,False
2026-09-20,0xe7946e1bf9111a91a219144798681f02968fb01c909ecc20845021f659e96156,0.2,0.2,6,0.11213142989623393,0.08101080084273696,False
2026-09-13,0x75e35ae055e42c1535fded9f9058e8ad11961491600ad221f8ce5e23f221d3d7,0.2,0.2,12,-0.9368097345545778,0.004508644263894324,False
2026-09-13,0xdab5d67ad43c4ec25a191884a5fa40f69369016223590f93b69531c2ff612137,0.2,0.2,12,-2.9183653647425034,0.10839982122381471,False
2026-09-17,0xa75acebd7441870d50414a12aae0de8c0edd9e1a6ec6286cfb187befed3a438a,0.2,0.2,12,-31.614086962716957,8.848934003795419,True
2026-09-20,0x294273d26e81de0a29333b82a6150009c60b103ca976ba92dece94efd6a53feb,0.2,0.2,12,-0.9891742939048931,0.03295540161808428,False
2026-09-20,0xe7946e1bf9111a91a219144798681f02968fb01c909ecc20845021f659e96156,0.2,0.2,12,-5.3951448166995934,0.24776593571960007,False
2026-09-13,0x75e35ae055e42c1535fded9f9058e8ad11961491600ad221f8ce5e23f221d3d7,0.2,0.3,1,-0.9965480636420998,0.0034519363578973017,False
2026-09-13,0xdab5d67ad43c4ec25a191884a5fa40f69369016223590f93b69531c2ff612137,0.2,0.3,1,-1.0413041149602842,0.0261209512206492,False
2026-09-17,0xa75acebd7441870d50414a12aae0de8c0edd9e1a6ec6286cfb187befed3a438a,0.2,0.3,1,-31.614086962716957,8.848934003795419,True
2026-09-20,0x294273d26e81de0a29333b82a6150009c60b103ca976ba92dece94efd6a53feb,0.2,0.3,1,-0.9995833197363857,0.00041668026360938356,False
2026-09-20,0xe7946e1bf9111a91a219144798681f02968fb01c909ecc20845021f659e96156,0.2,0.3,1,-0.930310612305385,0.02013276265406926,False
2026-09-13,0x75e35ae055e42c1535fded9f9058e8ad11961491600ad221f8ce5e23f221d3d7,0.2,0.3,2,-0.9965480636420998,0.0034519363578973017,False
2026-09-13,0xdab5d67ad43c4ec25a191884a5fa40f69369016223590f93b69531c2ff612137,0.2,0.3,2,-1.1202707812632773,0.030345472177331422,False
2026-09-17,0xa75acebd7441870d50414a12aae0de8c0edd9e1a6ec6286cfb187befed3a438a,0.2,0.3,2,-31.614086962716957,8.848934003795419,True
2026-09-20,0x294273d26e81de0a29333b82a6150009c60b103ca976ba92dece94efd6a53feb,0.2,0.3,2,-0.9995833197363857,0.00041668026360938356,False
2026-09-20,0xe7946e1bf9111a91a219144798681f02968fb01c909ecc20845021f659e96156,0.2,0.3,2,0.17672018726266892,0.06391718552011122,False
2026-09-13,0x75e35ae055e42c1535fded9f9058e8ad11961491600ad221f8ce5e23f221d3d7,0.2,0.3,4,-0.9965480636420998,0.0034519363578973017,False
2026-09-13,0xdab5d67ad43c4ec25a191884a5fa40f69369016223590f93b69531c2ff612137,0.2,0.3,4,-1.1329114039688504,0.032030264315652514,False
2026-09-17,0xa75acebd7441870d50414a12aae0de8c0edd9e1a6ec6286cfb187befed3a438a,0.2,0.3,4,-31.614086962716957,8.848934003795419,True
2026-09-20,0x294273d26e81de0a29333b82a6150009c60b103ca976ba92dece94efd6a53feb,0.2,0.3,4,-0.9995833197363857,0.00041668026360938356,False
2026-09-20,0xe7946e1bf9111a91a219144798681f02968fb01c909ecc20845021f659e96156,0.2,0.3,4,0.32919582863519814,0.06932592993316289,False
2026-09-13,0x75e35ae055e42c1535fded9f9058e8ad11961491600ad221f8ce5e23f221d3d7,0.2,0.3,6,-0.9965480636420998,0.0034519363578973017,False
2026-09-13,0xdab5d67ad43c4ec25a191884a5fa40f69369016223590f93b69531c2ff612137,0.2,0.3,6,-1.0139742700497778,0.037749383667568415,False
2026-09-17,0xa75acebd7441870d50414a12aae0de8c0edd9e1a6ec6286cfb187befed3a438a,0.2,0.3,6,-31.614086962716957,8.848934003795419,True
2026-09-20,0x294273d26e81de0a29333b82a6150009c60b103ca976ba92dece94efd6a53feb,0.2,0.3,6,-0.9995833197363857,0.00041668026360938356,False
2026-09-20,0xe7946e1bf9111a91a219144798681f02968fb01c909ecc20845021f659e96156,0.2,0.3,6,0.11213142989623393,0.08101080084273696,False
2026-09-13,0x75e35ae055e42c1535fded9f9058e8ad11961491600ad221f8ce5e23f221d3d7,0.2,0.3,12,-0.9368097345545778,0.004508644263894324,False
2026-09-13,0xdab5d67ad43c4ec25a191884a5fa40f69369016223590f93b69531c2ff612137,0.2,0.3,12,-2.9183653647425034,0.10839982122381471,False
2026-09-17,0xa75acebd7441870d50414a12aae0de8c0edd9e1a6ec6286cfb187befed3a438a,0.2,0.3,12,-31.614086962716957,8.848934003795419,True
2026-09-20,0x294273d26e81de0a29333b82a6150009c60b103ca976ba92dece94efd6a53feb,0.2,0.3,12,-0.9891742939048931,0.03295540161808428,False
2026-09-20,0xe7946e1bf9111a91a219144798681f02968fb01c909ecc20845021f659e96156,0.2,0.3,12,-5.3951448166995934,0.24776593571960007,False
2026-09-13,0x75e35ae055e42c1535fded9f9058e8ad11961491600ad221f8ce5e23f221d3d7,0.4,0.1,1,-0.9968152166183852,0.0031847833816159824,False
2026-09-13,0xdab5d67ad43c4ec25a191884a5fa40f69369016223590f93b69531c2ff612137,0.4,0.1,1,-1.052611629016298,0.01470014648506411,False
2026-09-17,0xa75acebd7441870d50414a12aae0de8c0edd9e1a6ec6286cfb187befed3a438a,0.4,0.1,1,-32.940511514914036,4.986827862894365,True
2026-09-20,0x294273d26e81de0a29333b82a6150009c60b103ca976ba92dece94efd6a53feb,0.4,0.1,1,-0.9997648520067348,0.00023514799325882589,False
2026-09-20,0xe7946e1bf9111a91a219144798681f02968fb01c909ecc20845021f659e96156,0.4,0.1,1,-0.9390261858221782,0.011355234977887823,False
2026-09-13,0x75e35ae055e42c1535fded9f9058e8ad11961491600ad221f8ce5e23f221d3d7,0.4,0.1,2,-0.9968152166183852,0.0031847833816159824,False
2026-09-13,0xdab5d67ad43c4ec25a191884a5fa40f69369016223590f93b69531c2ff612137,0.4,0.1,2,-1.1329781667529626,0.01707758964813543,False
2026-09-17,0xa75acebd7441870d50414a12aae0de8c0edd9e1a6ec6286cfb187befed3a438a,0.4,0.1,2,-32.940511514914036,4.986827862894365,True
2026-09-20,0x294273d26e81de0a29333b82a6150009c60b103ca976ba92dece94efd6a53feb,0.4,0.1,2,-0.9997648520067348,0.00023514799325882589,False
2026-09-20,0xe7946e1bf9111a91a219144798681f02968fb01c909ecc20845021f659e96156,0.4,0.1,2,0.18418651538116837,0.03605042475875952,False
2026-09-13,0x75e35ae055e42c1535fded9f9058e8ad11961491600ad221f8ce5e23f221d3d7,0.4,0.1,4,-0.9968152166183852,0.0031847833816159824,False
2026-09-13,0xdab5d67ad43c4ec25a191884a5fa40f69369016223590f93b69531c2ff612137,0.4,0.1,4,-1.1462447207345905,0.01802574391024461,False
2026-09-17,0xa75acebd7441870d50414a12aae0de8c0edd9e1a6ec6286cfb187befed3a438a,0.4,0.1,4,-32.940511514914036,4.986827862894365,True
2026-09-20,0x294273d26e81de0a29333b82a6150009c60b103ca976ba92dece94efd6a53feb,0.4,0.1,4,-0.9997648520067348,0.00023514799325882589,False
2026-09-20,0xe7946e1bf9111a91a219144798681f02968fb01c909ecc20845021f659e96156,0.4,0.1,4,0.34513114224521413,0.03910105231160075,False
2026-09-13,0x75e35ae055e42c1535fded9f9058e8ad11961491600ad221f8ce5e23f221d3d7,0.4,0.1,6,-0.9968152166183852,0.0031847833816159824,False
2026-09-13,0xdab5d67ad43c4ec25a191884a5fa40f69369016223590f93b69531c2ff612137,0.4,0.1,6,-1.0304125694924449,0.021244305574732083,False
2026-09-17,0xa75acebd7441870d50414a12aae0de8c0edd9e1a6ec6286cfb187befed3a438a,0.4,0.1,6,-32.940511514914036,4.986827862894365,True
2026-09-20,0x294273d26e81de0a29333b82a6150009c60b103ca976ba92dece94efd6a53feb,0.4,0.1,6,-0.9997648520067348,0.00023514799325882589,False
2026-09-20,0xe7946e1bf9111a91a219144798681f02968fb01c909ecc20845021f659e96156,0.4,0.1,6,0.10683659409782553,0.04569152619651927,False
2026-09-13,0x75e35ae055e42c1535fded9f9058e8ad11961491600ad221f8ce5e23f221d3d7,0.4,0.1,12,-0.9370717169981391,0.004159707732647221,False
2026-09-13,0xdab5d67ad43c4ec25a191884a5fa40f69369016223590f93b69531c2ff612137,0.4,0.1,12,-2.88006636176259,0.06100441126681271,False
2026-09-17,0xa75acebd7441870d50414a12aae0de8c0edd9e1a6ec6286cfb187befed3a438a,0.4,0.1,12,-32.940511514914036,4.986827862894365,True
2026-09-20,0x294273d26e81de0a29333b82a6150009c60b103ca976ba92dece94efd6a53feb,0.4,0.1,12,-1.0035194893635135,0.018597944508627614,False
2026-09-20,0xe7946e1bf9111a91a219144798681f02968fb01c909ecc20845021f659e96156,0.4,0.1,12,-5.128918944480443,0.13974435996528306,False
2026-09-13,0x75e35ae055e42c1535fded9f9058e8ad11961491600ad221f8ce5e23f221d3d7,0.4,0.2,1,-0.9968152166183852,0.0031847833816159824,False
2026-09-13,0xdab5d67ad43c4ec25a191884a5fa40f69369016223590f93b69531c2ff612137,0.4,0.2,1,-1.052611629016298,0.01470014648506411,False
2026-09-17,0xa75acebd7441870d50414a12aae0de8c0edd9e1a6ec6286cfb187befed3a438a,0.4,0.2,1,-32.940511514914036,4.986827862894365,True
2026-09-20,0x294273d26e81de0a29333b82a6150009c60b103ca976ba92dece94efd6a53feb,0.4,0.2,1,-0.9997648520067348,0.00023514799325882589,False
2026-09-20,0xe7946e1bf9111a91a219144798681f02968fb01c909ecc20845021f659e96156,0.4,0.2,1,-0.9390261858221782,0.011355234977887823,False
2026-09-13,0x75e35ae055e42c1535fded9f9058e8ad11961491600ad221f8ce5e23f221d3d7,0.4,0.2,2,-0.9968152166183852,0.0031847833816159824,False
2026-09-13,0xdab5d67ad43c4ec25a191884a5fa40f69369016223590f93b69531c2ff612137,0.4,0.2,2,-1.1329781667529626,0.01707758964813543,False
2026-09-17,0xa75acebd7441870d50414a12aae0de8c0edd9e1a6ec6286cfb187befed3a438a,0.4,0.2,2,-32.940511514914036,4.986827862894365,True
2026-09-20,0x294273d26e81de0a29333b82a6150009c60b103ca976ba92dece94efd6a53feb,0.4,0.2,2,-0.9997648520067348,0.00023514799325882589,False
2026-09-20,0xe7946e1bf9111a91a219144798681f02968fb01c909ecc20845021f659e96156,0.4,0.2,2,0.18418651538116837,0.03605042475875952,False
2026-09-13,0x75e35ae055e42c1535fded9f9058e8ad11961491600ad221f8ce5e23f221d3d7,0.4,0.2,4,-0.9968152166183852,0.0031847833816159824,False
2026-09-13,0xdab5d67ad43c4ec25a191884a5fa40f69369016223590f93b69531c2ff612137,0.4,0.2,4,-1.1462447207345905,0.01802574391024461,False
2026-09-17,0xa75acebd7441870d50414a12aae0de8c0edd9e1a6ec6286cfb187befed3a438a,0.4,0.2,4,-32.940511514914036,4.986827862894365,True
2026-09-20,0x294273d26e81de0a29333b82a6150009c60b103ca976ba92dece94efd6a53feb,0.4,0.2,4,-0.9997648520067348,0.00023514799325882589,False
2026-09-20,0xe7946e1bf9111a91a219144798681f02968fb01c909ecc20845021f659e96156,0.4,0.2,4,0.34513114224521413,0.03910105231160075,False
2026-09-13,0x75e35ae055e42c1535fded9f9058e8ad11961491600ad221f8ce5e23f221d3d7,0.4,0.2,6,-0.9968152166183852,0.0031847833816159824,False
2026-09-13,0xdab5d67ad43c4ec25a191884a5fa40f69369016223590f93b69531c2ff612137,0.4,0.2,6,-1.0304125694924449,0.021244305574732083,False
2026-09-17,0xa75acebd7441870d50414a12aae0de8c0edd9e1a6ec6286cfb187befed3a438a,0.4,0.2,6,-32.940511514914036,4.986827862894365,True
2026-09-20,0x294273d26e81de0a29333b82a6150009c60b103ca976ba92dece94efd6a53feb,0.4,0.2,6,-0.9997648520067348,0.00023514799325882589,False
2026-09-20,0xe7946e1bf9111a91a219144798681f02968fb01c909ecc20845021f659e96156,0.4,0.2,6,0.10683659409782553,0.04569152619651927,False
2026-09-13,0x75e35ae055e42c1535fded9f9058e8ad11961491600ad221f8ce5e23f221d3d7,0.4,0.2,12,-0.9370717169981391,0.004159707732647221,False
2026-09-13,0xdab5d67ad43c4ec25a191884a5fa40f69369016223590f93b69531c2ff612137,0.4,0.2,12,-2.88006636176259,0.06100441126681271,False
2026-09-17,0xa75acebd7441870d50414a12aae0de8c0edd9e1a6ec6286cfb187befed3a438a,0.4,0.2,12,-32.940511514914036,4.986827862894365,True
2026-09-20,0x294273d26e81de0a29333b82a6150009c60b103ca976ba92dece94efd6a53feb,0.4,0.2,12,-1.0035194893635135,0.018597944508627614,False
2026-09-20,0xe7946e1bf9111a91a219144798681f02968fb01c909ecc20845021f659e96156,0.4,0.2,12,-5.128918944480443,0.13974435996528306,False
2026-09-13,0x75e35ae055e42c1535fded9f9058e8ad11961491600ad221f8ce5e23f221d3d7,0.4,0.3,1,-0.9968152166183852,0.0031847833816159824,False
2026-09-13,0xdab5d67ad43c4ec25a191884a5fa40f69369016223590f93b69531c2ff612137,0.4,0.3,1,-1.052611629016298,0.01470014648506411,False
2026-09-17,0xa75acebd7441870d50414a12aae0de8c0edd9e1a6ec6286cfb187befed3a438a,0.4,0.3,1,-32.940511514914036,4.986827862894365,True
2026-09-20,0x294273d26e81de0a29333b82a6150009c60b103ca976ba92dece94efd6a53feb,0.4,0.3,1,-0.9997648520067348,0.00023514799325882589,False
2026-09-20,0xe7946e1bf9111a91a219144798681f02968fb01c909ecc20845021f659e96156,0.4,0.3,1,-0.9390261858221782,0.011355234977887823,False
2026-09-13,0x75e35ae055e42c1535fded9f9058e8ad11961491600ad221f8ce5e23f221d3d7,0.4,0.3,2,-0.9968152166183852,0.0031847833816159824,False
2026-09-13,0xdab5d67ad43c4ec25a191884a5fa40f69369016223590f93b69531c2ff612137,0.4,0.3,2,-1.1329781667529626,0.01707758964813543,False
2026-09-17,0xa75acebd7441870d50414a12aae0de8c0edd9e1a6ec6286cfb187befed3a438a,0.4,0.3,2,-32.940511514914036,4.986827862894365,True
2026-09-20,0x294273d26e81de0a29333b82a6150009c60b103ca976ba92dece94efd6a53feb,0.4,0.3,2,-0.9997648520067348,0.00023514799325882589,False
2026-09-20,0xe7946e1bf9111a91a219144798681f02968fb01c909ecc20845021f659e96156,0.4,0.3,2,0.18418651538116837,0.03605042475875952,False
2026-09-13,0x75e35ae055e42c1535fded9f9058e8ad11961491600ad221f8ce5e23f221d3d7,0.4,0.3,4,-0.9968152166183852,0.0031847833816159824,False
2026-09-13,0xdab5d67ad43c4ec25a191884a5fa40f69369016223590f93b69531c2ff612137,0.4,0.3,4,-1.1462447207345905,0.01802574391024461,False
2026-09-17,0xa75acebd7441870d50414a12aae0de8c0edd9e1a6ec6286cfb187befed3a438a,0.4,0.3,4,-32.940511514914036,4.986827862894365,True
2026-09-20,0x294273d26e81de0a29333b82a6150009c60b103ca976ba92dece94efd6a53feb,0.4,0.3,4,-0.9997648520067348,0.00023514799325882589,False
2026-09-20,0xe7946e1bf9111a91a219144798681f02968fb01c909ecc20845021f659e96156,0.4,0.3,4,0.34513114224521413,0.03910105231160075,False
2026-09-13,0x75e35ae055e42c1535fded9f9058e8ad11961491600ad221f8ce5e23f221d3d7,0.4,0.3,6,-0.9968152166183852,0.0031847833816159824,False
2026-09-13,0xdab5d67ad43c4ec25a191884a5fa40f69369016223590f93b69531c2ff612137,0.4,0.3,6,-1.0304125694924449,0.021244305574732083,False
2026-09-17,0xa75acebd7441870d50414a12aae0de8c0edd9e1a6ec6286cfb187befed3a438a,0.4,0.3,6,-32.940511514914036,4.986827862894365,True
2026-09-20,0x294273d26e81de0a29333b82a6150009c60b103ca976ba92dece94efd6a53feb,0.4,0.3,6,-0.9997648520067348,0.00023514799325882589,False
2026-09-20,0xe7946e1bf9111a91a219144798681f02968fb01c909ecc20845021f659e96156,0.4,0.3,6,0.10683659409782553,0.04569152619651927,False
2026-09-13,0x75e35ae055e42c1535fded9f9058e8ad11961491600ad221f8ce5e23f221d3d7,0.4,0.3,12,-0.9370717169981391,0.004159707732647221,False
2026-09-13,0xdab5d67ad43c4ec25a191884a5fa40f69369016223590f93b69531c2ff612137,0.4,0.3,12,-2.88006636176259,0.06100441126681271,False
2026-09-17,0xa75acebd7441870d50414a12aae0de8c0edd9e1a6ec6286cfb187befed3a438a,0.4,0.3,12,-32.940511514914036,4.986827862894365,True
2026-09-20,0x294273d26e81de0a29333b82a6150009c60b103ca976ba92dece94efd6a53feb,0.4,0.3,12,-1.0035194893635135,0.018597944508627614,False
2026-09-20,0xe7946e1bf9111a91a219144798681f02968fb01c909ecc20845021f659e96156,0.4,0.3,12,-5.128918944480443,0.13974435996528306,False
2026-09-13,0x75e35ae055e42c1535fded9f9058e8ad11961491600ad221f8ce5e23f221d3d7,0.7,0.1,1,-0.9978505242597913,0.002149475740209235,False
2026-09-13,0xdab5d67ad43c4ec25a191884a5fa40f69369016223590f93b69531c2ff612137,0.7,0.1,1,-1.057494330226716,0.009768536407482337,False
2026-09-17,0xa75acebd7441870d50414a12aae0de8c0edd9e1a6ec6286cfb187befed3a438a,0.7,0.1,1,-31.12669451754806,3.3158271222693005,True
2026-09-20,0x294273d26e81de0a29333b82a6150009c60b103ca976ba92dece94efd6a53feb,0.7,0.1,1,-0.9998435517278859,0.00015644827209760416,False
2026-09-20,0xe7946e1bf9111a91a219144798681f02968fb01c909ecc20845021f659e96156,0.7,0.1,1,-0.9428016796109051,0.007552994878094403,False
2026-09-13,0x75e35ae055e42c1535fded9f9058e8ad11961491600ad221f8ce5e23f221d3d7,0.7,0.1,2,-0.9978505242597913,0.002149475740209235,False
2026-09-13,0xdab5d67ad43c4ec25a191884a5fa40f69369016223590f93b69531c2ff612137,0.7,0.1,2,-1.1384653893522945,0.01134839414010961,False
2026-09-17,0xa75acebd7441870d50414a12aae0de8c0edd9e1a6ec6286cfb187befed3a438a,0.7,0.1,2,-31.12669451754806,3.3158271222693005,True
2026-09-20,0x294273d26e81de0a29333b82a6150009c60b103ca976ba92dece94efd6a53feb,0.7,0.1,2,-0.9998435517278859,0.00015644827209760416,False
2026-09-20,0xe7946e1bf9111a91a219144798681f02968fb01c909ecc20845021f659e96156,0.7,0.1,2,0.1873689159026526,0.023979131349893504,False
2026-09-13,0x75e35ae055e42c1535fded9f9058e8ad11961491600ad221f8ce5e23f221d3d7,0.7,0.1,4,-0.9978505242597913,0.002149475740209235,False
2026-09-13,0xdab5d67ad43c4ec25a191884a5fa40f69369016223590f93b69531c2ff612137,0.7,0.1,4,-1.1520022371531935,0.011978461292075318,False
2026-09-17,0xa75acebd7441870d50414a12aae0de8c0edd9e1a6ec6286cfb187befed3a438a,0.7,0.1,4,-31.12669451754806,3.3158271222693005,True
2026-09-20,0x294273d26e81de0a29333b82a6150009c60b103ca976ba92dece94efd6a53feb,0.7,0.1,4,-0.9998435517278859,0.00015644827209760416,False
2026-09-20,0xe7946e1bf9111a91a219144798681f02968fb01c909ecc20845021f659e96156,0.7,0.1,4,0.35196623878415156,0.0260082724283216,False
2026-09-13,0x75e35ae055e42c1535fded9f9058e8ad11961491600ad221f8ce5e23f221d3d7,0.7,0.1,6,-0.9978505242597913,0.002149475740209235,False
2026-09-13,0xdab5d67ad43c4ec25a191884a5fa40f69369016223590f93b69531c2ff612137,0.7,0.1,6,-1.0375107871600675,0.014117258808903984,False
2026-09-17,0xa75acebd7441870d50414a12aae0de8c0edd9e1a6ec6286cfb187befed3a438a,0.7,0.1,6,-31.12669451754806,3.3158271222693005,True
2026-09-20,0x294273d26e81de0a29333b82a6150009c60b103ca976ba92dece94efd6a53feb,0.7,0.1,6,-0.9998435517278859,0.00015644827209760416,False
2026-09-20,0xe7946e1bf9111a91a219144798681f02968fb01c909ecc20845021f659e96156,0.7,0.1,6,0.10449891862513994,0.03039196102966587,False
2026-09-13,0x75e35ae055e42c1535fded9f9058e8ad11961491600ad221f8ce5e23f221d3d7,0.7,0.1,12,-0.938386413479686,0.002807472188387866,False
2026-09-13,0xdab5d67ad43c4ec25a191884a5fa40f69369016223590f93b69531c2ff612137,0.7,0.1,12,-2.8635368952438123,0.04053863089611837,False
2026-09-17,0xa75acebd7441870d50414a12aae0de8c0edd9e1a6ec6286cfb187befed3a438a,0.7,0.1,12,-31.12669451754806,3.3158271222693005,True
2026-09-20,0x294273d26e81de0a29333b82a6150009c60b103ca976ba92dece94efd6a53feb,0.7,0.1,12,-1.009738586940001,0.012373553438857435,False
2026-09-20,0xe7946e1bf9111a91a219144798681f02968fb01c909ecc20845021f659e96156,0.7,0.1,12,-5.014144752108784,0.09295169796407758,False
2026-09-13,0x75e35ae055e42c1535fded9f9058e8ad11961491600ad221f8ce5e23f221d3d7,0.7,0.2,1,-0.9978505242597913,0.002149475740209235,False
2026-09-13,0xdab5d67ad43c4ec25a191884a5fa40f69369016223590f93b69531c2ff612137,0.7,0.2,1,-1.057494330226716,0.009768536407482337,False
2026-09-17,0xa75acebd7441870d50414a12aae0de8c0edd9e1a6ec6286cfb187befed3a438a,0.7,0.2,1,-31.12669451754806,3.3158271222693005,True
2026-09-20,0x294273d26e81de0a29333b82a6150009c60b103ca976ba92dece94efd6a53feb,0.7,0.2,1,-0.9998435517278859,0.00015644827209760416,False
2026-09-20,0xe7946e1bf9111a91a219144798681f02968fb01c909ecc20845021f659e96156,0.7,0.2,1,-0.9428016796109051,0.007552994878094403,False
2026-09-13,0x75e35ae055e42c1535fded9f9058e8ad11961491600ad221f8ce5e23f221d3d7,0.7,0.2,2,-0.9978505242597913,0.002149475740209235,False
2026-09-13,0xdab5d67ad43c4ec25a191884a5fa40f69369016223590f93b69531c2ff612137,0.7,0.2,2,-1.1384653893522945,0.01134839414010961,False
2026-09-17,0xa75acebd7441870d50414a12aae0de8c0edd9e1a6ec6286cfb187befed3a438a,0.7,0.2,2,-31.12669451754806,3.3158271222693005,True
2026-09-20,0x294273d26e81de0a29333b82a6150009c60b103ca976ba92dece94efd6a53feb,0.7,0.2,2,-0.9998435517278859,0.00015644827209760416,False
2026-09-20,0xe7946e1bf9111a91a219144798681f02968fb01c909ecc20845021f659e96156,0.7,0.2,2,0.1873689159026526,0.023979131349893504,False
2026-09-13,0x75e35ae055e42c1535fded9f9058e8ad11961491600ad221f8ce5e23f221d3d7,0.7,0.2,4,-0.9978505242597913,0.002149475740209235,False
2026-09-13,0xdab5d67ad43c4ec25a191884a5fa40f69369016223590f93b69531c2ff612137,0.7,0.2,4,-1.1520022371531935,0.011978461292075318,False
2026-09-17,0xa75acebd7441870d50414a12aae0de8c0edd9e1a6ec6286cfb187befed3a438a,0.7,0.2,4,-31.12669451754806,3.3158271222693005,True
2026-09-20,0x294273d26e81de0a29333b82a6150009c60b103ca976ba92dece94efd6a53feb,0.7,0.2,4,-0.9998435517278859,0.00015644827209760416,False
2026-09-20,0xe7946e1bf9111a91a219144798681f02968fb01c909ecc20845021f659e96156,0.7,0.2,4,0.35196623878415156,0.0260082724283216,False
2026-09-13,0x75e35ae055e42c1535fded9f9058e8ad11961491600ad221f8ce5e23f221d3d7,0.7,0.2,6,-0.9978505242597913,0.002149475740209235,False
2026-09-13,0xdab5d67ad43c4ec25a191884a5fa40f69369016223590f93b69531c2ff612137,0.7,0.2,6,-1.0375107871600675,0.014117258808903984,False
2026-09-17,0xa75acebd7441870d50414a12aae0de8c0edd9e1a6ec6286cfb187befed3a438a,0.7,0.2,6,-31.12669451754806,3.3158271222693005,True
2026-09-20,0x294273d26e81de0a29333b82a6150009c60b103ca976ba92dece94efd6a53feb,0.7,0.2,6,-0.9998435517278859,0.00015644827209760416,False
2026-09-20,0xe7946e1bf9111a91a219144798681f02968fb01c909ecc20845021f659e96156,0.7,0.2,6,0.10449891862513994,0.03039196102966587,False
2026-09-13,0x75e35ae055e42c1535fded9f9058e8ad11961491600ad221f8ce5e23f221d3d7,0.7,0.2,12,-0.938386413479686,0.002807472188387866,False
2026-09-13,0xdab5d67ad43c4ec25a191884a5fa40f69369016223590f93b69531c2ff612137,0.7,0.2,12,-2.8635368952438123,0.04053863089611837,False
2026-09-17,0xa75acebd7441870d50414a12aae0de8c0edd9e1a6ec6286cfb187befed3a438a,0.7,0.2,12,-31.12669451754806,3.3158271222693005,True
2026-09-20,0x294273d26e81de0a29333b82a6150009c60b103ca976ba92dece94efd6a53feb,0.7,0.2,12,-1.009738586940001,0.012373553438857435,False
2026-09-20,0xe7946e1bf9111a91a219144798681f02968fb01c909ecc20845021f659e96156,0.7,0.2,12,-5.014144752108784,0.09295169796407758,False
2026-09-13,0x75e35ae055e42c1535fded9f9058e8ad11961491600ad221f8ce5e23f221d3d7,0.7,0.3,1,-0.9978505242597913,0.002149475740209235,False
2026-09-13,0xdab5d67ad43c4ec25a191884a5fa40f69369016223590f93b69531c2ff612137,0.7,0.3,1,-1.057494330226716,0.009768536407482337,False
2026-09-17,0xa75acebd7441870d50414a12aae0de8c0edd9e1a6ec6286cfb187befed3a438a,0.7,0.3,1,-31.12669451754806,3.3158271222693005,True
2026-09-20,0x294273d26e81de0a29333b82a6150009c60b103ca976ba92dece94efd6a53feb,0.7,0.3,1,-0.9998435517278859,0.00015644827209760416,False
2026-09-20,0xe7946e1bf9111a91a219144798681f02968fb01c909ecc20845021f659e96156,0.7,0.3,1,-0.9428016796109051,0.007552994878094403,False
2026-09-13,0x75e35ae055e42c1535fded9f9058e8ad11961491600ad221f8ce5e23f221d3d7,0.7,0.3,2,-0.9978505242597913,0.002149475740209235,False
2026-09-13,0xdab5d67ad43c4ec25a191884a5fa40f69369016223590f93b69531c2ff612137,0.7,0.3,2,-1.1384653893522945,0.01134839414010961,False
2026-09-17,0xa75acebd7441870d50414a12aae0de8c0edd9e1a6ec6286cfb187befed3a438a,0.7,0.3,2,-31.12669451754806,3.3158271222693005,True
2026-09-20,0x294273d26e81de0a29333b82a6150009c60b103ca976ba92dece94efd6a53feb,0.7,0.3,2,-0.9998435517278859,0.00015644827209760416,False
2026-09-20,0xe7946e1bf9111a91a219144798681f02968fb01c909ecc20845021f659e96156,0.7,0.3,2,0.1873689159026526,0.023979131349893504,False
2026-09-13,0x75e35ae055e42c1535fded9f9058e8ad11961491600ad221f8ce5e23f221d3d7,0.7,0.3,4,-0.9978505242597913,0.002149475740209235,False
2026-09-13,0xdab5d67ad43c4ec25a191884a5fa40f69369016223590f93b69531c2ff612137,0.7,0.3,4,-1.1520022371531935,0.011978461292075318,False
2026-09-17,0xa75acebd7441870d50414a12aae0de8c0edd9e1a6ec6286cfb187befed3a438a,0.7,0.3,4,-31.12669451754806,3.3158271222693005,True
2026-09-20,0x294273d26e81de0a29333b82a6150009c60b103ca976ba92dece94efd6a53feb,0.7,0.3,4,-0.9998435517278859,0.00015644827209760416,False
2026-09-20,0xe7946e1bf9111a91a219144798681f02968fb01c909ecc20845021f659e96156,0.7,0.3,4,0.35196623878415156,0.0260082724283216,False
2026-09-13,0x75e35ae055e42c1535fded9f9058e8ad11961491600ad221f8ce5e23f221d3d7,0.7,0.3,6,-0.9978505242597913,0.002149475740209235,False
2026-09-13,0xdab5d67ad43c4ec25a191884a5fa40f69369016223590f93b69531c2ff612137,0.7,0.3,6,-1.0375107871600675,0.014117258808903984,False
2026-09-17,0xa75acebd7441870d50414a12aae0de8c0edd9e1a6ec6286cfb187befed3a438a,0.7,0.3,6,-31.12669451754806,3.3158271222693005,True
2026-09-20,0x294273d26e81de0a29333b82a6150009c60b103ca976ba92dece94efd6a53feb,0.7,0.3,6,-0.9998435517278859,0.00015644827209760416,False
2026-09-20,0xe7946e1bf9111a91a219144798681f02968fb01c909ecc20845021f659e96156,0.7,0.3,6,0.10449891862513994,0.03039196102966587,False
2026-09-13,0x75e35ae055e42c1535fded9f9058e8ad11961491600ad221f8ce5e23f221d3d7,0.7,0.3,12,-0.938386413479686,0.002807472188387866,False
2026-09-13,0xdab5d67ad43c4ec25a191884a5fa40f69369016223590f93b69531c2ff612137,0.7,0.3,12,-2.8635368952438123,0.04053863089611837,False
2026-09-17,0xa75acebd7441870d50414a12aae0de8c0edd9e1a6ec6286cfb187befed3a438a,0.7,0.3,12,-31.12669451754806,3.3158271222693005,True
2026-09-20,0x294273d26e81de0a29333b82a6150009c60b103ca976ba92dece94efd6a53feb,0.7,0.3,12,-1.009738586940001,0.012373553438857435,False
2026-09-20,0xe7946e1bf9111a91a219144798681f02968fb01c909ecc20845021f659e96156,0.7,0.3,12,-5.014144752108784,0.09295169796407758,False
2026-09-13,0x75e35ae055e42c1535fded9f9058e8ad11961491600ad221f8ce5e23f221d3d7,1.0,0.1,1,-0.9982788584036784,0.00172114159631975,False
2026-09-13,0xdab5d67ad43c4ec25a191884a5fa40f69369016223590f93b69531c2ff612137,1.0,0.1,1,-1.0594707030349704,0.007772368661632628,False
2026-09-17,0xa75acebd7441870d50414a12aae0de8c0edd9e1a6ec6286cfb187befed3a438a,1.0,0.1,1,-28.350599659032085,3.5819841956258993,True
2026-09-20,0x294273d26e81de0a29333b82a6150009c60b103ca976ba92dece94efd6a53feb,1.0,0.1,1,-0.9998754608225746,0.00012453917741501628,False
2026-09-20,0xe7946e1bf9111a91a219144798681f02968fb01c909ecc20845021f659e96156,1.0,0.1,1,-0.9443319560810903,0.006011893345132396,False
2026-09-13,0x75e35ae055e42c1535fded9f9058e8ad11961491600ad221f8ce5e23f221d3d7,1.0,0.1,2,-0.9982788584036784,0.00172114159631975,False
2026-09-13,0xdab5d67ad43c4ec25a191884a5fa40f69369016223590f93b69531c2ff612137,1.0,0.1,2,-1.1406864617908075,0.009029387750132392,False
2026-09-17,0xa75acebd7441870d50414a12aae0de8c0edd9e1a6ec6286cfb187befed3a438a,1.0,0.1,2,-28.350599659032085,3.5819841956258993,True
2026-09-20,0x294273d26e81de0a29333b82a6150009c60b103ca976ba92dece94efd6a53feb,1.0,0.1,2,-0.9998754608225746,0.00012453917741501628,False
2026-09-20,0xe7946e1bf9111a91a219144798681f02968fb01c909ecc20845021f659e96156,1.0,0.1,2,0.18864989420470657,0.01908646596113238,False
2026-09-13,0x75e35ae055e42c1535fded9f9058e8ad11961491600ad221f8ce5e23f221d3d7,1.0,0.1,4,-0.9982788584036784,0.00172114159631975,False
2026-09-13,0xdab5d67ad43c4ec25a191884a5fa40f69369016223590f93b69531c2ff612137,1.0,0.1,4,-1.1543327182778507,0.009530702786734128,False
2026-09-17,0xa75acebd7441870d50414a12aae0de8c0edd9e1a6ec6286cfb187befed3a438a,1.0,0.1,4,-28.350599659032085,3.5819841956258993,True
2026-09-20,0x294273d26e81de0a29333b82a6150009c60b103ca976ba92dece94efd6a53feb,1.0,0.1,4,-0.9998754608225746,0.00012453917741501628,False
2026-09-20,0xe7946e1bf9111a91a219144798681f02968fb01c909ecc20845021f659e96156,1.0,0.1,4,0.35472498105391104,0.020701584179575128,False
2026-09-13,0x75e35ae055e42c1535fded9f9058e8ad11961491600ad221f8ce5e23f221d3d7,1.0,0.1,6,-0.9982788584036784,0.00172114159631975,False
2026-09-13,0xdab5d67ad43c4ec25a191884a5fa40f69369016223590f93b69531c2ff612137,1.0,0.1,6,-1.040383933753719,0.011232444183801947,False
2026-09-17,0xa75acebd7441870d50414a12aae0de8c0edd9e1a6ec6286cfb187befed3a438a,1.0,0.1,6,-28.350599659032085,3.5819841956258993,True
2026-09-20,0x294273d26e81de0a29333b82a6150009c60b103ca976ba92dece94efd6a53feb,1.0,0.1,6,-0.9998754608225746,0.00012453917741501628,False
2026-09-20,0xe7946e1bf9111a91a219144798681f02968fb01c909ecc20845021f659e96156,1.0,0.1,6,0.10354386855082609,0.024190831618944395,False
2026-09-13,0x75e35ae055e42c1535fded9f9058e8ad11961491600ad221f8ce5e23f221d3d7,1.0,0.1,12,-0.9389306758439298,0.002248016599551318,False
2026-09-13,0xdab5d67ad43c4ec25a191884a5fa40f69369016223590f93b69531c2ff612137,1.0,0.1,12,-2.8568477034597084,0.03225469724626732,False
2026-09-17,0xa75acebd7441870d50414a12aae0de8c0edd9e1a6ec6286cfb187befed3a438a,1.0,0.1,12,-28.350599659032085,3.5819841956258993,True
2026-09-20,0x294273d26e81de0a29333b82a6150009c60b103ca976ba92dece94efd6a53feb,1.0,0.1,12,-1.0122601469836123,0.009849850954078213,False
2026-09-20,0xe7946e1bf9111a91a219144798681f02968fb01c909ecc20845021f659e96156,1.0,0.1,12,-4.9677193523186,0.07398597376154184,False
2026-09-13,0x75e35ae055e42c1535fded9f9058e8ad11961491600ad221f8ce5e23f221d3d7,1.0,0.2,1,-0.9982788584036784,0.00172114159631975,False
2026-09-13,0xdab5d67ad43c4ec25a191884a5fa40f69369016223590f93b69531c2ff612137,1.0,0.2,1,-1.0594707030349704,0.007772368661632628,False
2026-09-17,0xa75acebd7441870d50414a12aae0de8c0edd9e1a6ec6286cfb187befed3a438a,1.0,0.2,1,-28.350599659032085,3.5819841956258993,True
2026-09-20,0x294273d26e81de0a29333b82a6150009c60b103ca976ba92dece94efd6a53feb,1.0,0.2,1,-0.9998754608225746,0.00012453917741501628,False
2026-09-20,0xe7946e1bf9111a91a219144798681f02968fb01c909ecc20845021f659e96156,1.0,0.2,1,-0.9443319560810903,0.006011893345132396,False
2026-09-13,0x75e35ae055e42c1535fded9f9058e8ad11961491600ad221f8ce5e23f221d3d7,1.0,0.2,2,-0.9982788584036784,0.00172114159631975,False
2026-09-13,0xdab5d67ad43c4ec25a191884a5fa40f69369016223590f93b69531c2ff612137,1.0,0.2,2,-1.1406864617908075,0.009029387750132392,False
2026-09-17,0xa75acebd7441870d50414a12aae0de8c0edd9e1a6ec6286cfb187befed3a438a,1.0,0.2,2,-28.350599659032085,3.5819841956258993,True
2026-09-20,0x294273d26e81de0a29333b82a6150009c60b103ca976ba92dece94efd6a53feb,1.0,0.2,2,-0.9998754608225746,0.00012453917741501628,False
2026-09-20,0xe7946e1bf9111a91a219144798681f02968fb01c909ecc20845021f659e96156,1.0,0.2,2,0.18864989420470657,0.01908646596113238,False
2026-09-13,0x75e35ae055e42c1535fded9f9058e8ad11961491600ad221f8ce5e23f221d3d7,1.0,0.2,4,-0.9982788584036784,0.00172114159631975,False
2026-09-13,0xdab5d67ad43c4ec25a191884a5fa40f69369016223590f93b69531c2ff612137,1.0,0.2,4,-1.1543327182778507,0.009530702786734128,False
2026-09-17,0xa75acebd7441870d50414a12aae0de8c0edd9e1a6ec6286cfb187befed3a438a,1.0,0.2,4,-28.350599659032085,3.5819841956258993,True
2026-09-20,0x294273d26e81de0a29333b82a6150009c60b103ca976ba92dece94efd6a53feb,1.0,0.2,4,-0.9998754608225746,0.00012453917741501628,False
2026-09-20,0xe7946e1bf9111a91a219144798681f02968fb01c909ecc20845021f659e96156,1.0,0.2,4,0.35472498105391104,0.020701584179575128,False
2026-09-13,0x75e35ae055e42c1535fded9f9058e8ad11961491600ad221f8ce5e23f221d3d7,1.0,0.2,6,-0.9982788584036784,0.00172114159631975,False
2026-09-13,0xdab5d67ad43c4ec25a191884a5fa40f69369016223590f93b69531c2ff612137,1.0,0.2,6,-1.040383933753719,0.011232444183801947,False
2026-09-17,0xa75acebd7441870d50414a12aae0de8c0edd9e1a6ec6286cfb187befed3a438a,1.0,0.2,6,-28.350599659032085,3.5819841956258993,True
2026-09-20,0x294273d26e81de0a29333b82a6150009c60b103ca976ba92dece94efd6a53feb,1.0,0.2,6,-0.9998754608225746,0.00012453917741501628,False
2026-09-20,0xe7946e1bf9111a91a219144798681f02968fb01c909ecc20845021f659e96156,1.0,0.2,6,0.10354386855082609,0.024190831618944395,False
2026-09-13,0x75e35ae055e42c1535fded9f9058e8ad11961491600ad221f8ce5e23f221d3d7,1.0,0.2,12,-0.9389306758439298,0.002248016599551318,False
2026-09-13,0xdab5d67ad43c4ec25a191884a5fa40f69369016223590f93b69531c2ff612137,1.0,0.2,12,-2.8568477034597084,0.03225469724626732,False
2026-09-17,0xa75acebd7441870d50414a12aae0de8c0edd9e1a6ec6286cfb187befed3a438a,1.0,0.2,12,-28.350599659032085,3.5819841956258993,True
2026-09-20,0x294273d26e81de0a29333b82a6150009c60b103ca976ba92dece94efd6a53feb,1.0,0.2,12,-1.0122601469836123,0.009849850954078213,False
2026-09-20,0xe7946e1bf9111a91a219144798681f02968fb01c909ecc20845021f659e96156,1.0,0.2,12,-4.9677193523186,0.07398597376154184,False
2026-09-13,0x75e35ae055e42c1535fded9f9058e8ad11961491600ad221f8ce5e23f221d3d7,1.0,0.3,1,-0.9982788584036784,0.00172114159631975,False
2026-09-13,0xdab5d67ad43c4ec25a191884a5fa40f69369016223590f93b69531c2ff612137,1.0,0.3,1,-1.0594707030349704,0.007772368661632628,False
2026-09-17,0xa75acebd7441870d50414a12aae0de8c0edd9e1a6ec6286cfb187befed3a438a,1.0,0.3,1,-28.350599659032085,3.5819841956258993,True
2026-09-20,0x294273d26e81de0a29333b82a6150009c60b103ca976ba92dece94efd6a53feb,1.0,0.3,1,-0.9998754608225746,0.00012453917741501628,False
2026-09-20,0xe7946e1bf9111a91a219144798681f02968fb01c909ecc20845021f659e96156,1.0,0.3,1,-0.9443319560810903,0.006011893345132396,False
2026-09-13,0x75e35ae055e42c1535fded9f9058e8ad11961491600ad221f8ce5e23f221d3d7,1.0,0.3,2,-0.9982788584036784,0.00172114159631975,False
2026-09-13,0xdab5d67ad43c4ec25a191884a5fa40f69369016223590f93b69531c2ff612137,1.0,0.3,2,-1.1406864617908075,0.009029387750132392,False
2026-09-17,0xa75acebd7441870d50414a12aae0de8c0edd9e1a6ec6286cfb187befed3a438a,1.0,0.3,2,-28.350599659032085,3.5819841956258993,True
2026-09-20,0x294273d26e81de0a29333b82a6150009c60b103ca976ba92dece94efd6a53feb,1.0,0.3,2,-0.9998754608225746,0.00012453917741501628,False
2026-09-20,0xe7946e1bf9111a91a219144798681f02968fb01c909ecc20845021f659e96156,1.0,0.3,2,0.18864989420470657,0.01908646596113238,False
2026-09-13,0x75e35ae055e42c1535fded9f9058e8ad11961491600ad221f8ce5e23f221d3d7,1.0,0.3,4,-0.9982788584036784,0.00172114159631975,False
2026-09-13,0xdab5d67ad43c4ec25a191884a5fa40f69369016223590f93b69531c2ff612137,1.0,0.3,4,-1.1543327182778507,0.009530702786734128,False
2026-09-17,0xa75acebd7441870d50414a12aae0de8c0edd9e1a6ec6286cfb187befed3a438a,1.0,0.3,4,-28.350599659032085,3.5819841956258993,True
2026-09-20,0x294273d26e81de0a29333b82a6150009c60b103ca976ba92dece94efd6a53feb,1.0,0.3,4,-0.9998754608225746,0.00012453917741501628,False
2026-09-20,0xe7946e1bf9111a91a219144798681f02968fb01c909ecc20845021f659e96156,1.0,0.3,4,0.35472498105391104,0.020701584179575128,False
2026-09-13,0x75e35ae055e42c1535fded9f9058e8ad11961491600ad221f8ce5e23f221d3d7,1.0,0.3,6,-0.9982788584036784,0.00172114159631975,False
2026-09-13,0xdab5d67ad43c4ec25a191884a5fa40f69369016223590f93b69531c2ff612137,1.0,0.3,6,-1.040383933753719,0.011232444183801947,False
2026-09-17,0xa75acebd7441870d50414a12aae0de8c0edd9e1a6ec6286cfb187befed3a438a,1.0,0.3,6,-28.350599659032085,3.5819841956258993,True
2026-09-20,0x294273d26e81de0a29333b82a6150009c60b103ca976ba92dece94efd6a53feb,1.0,0.3,6,-0.9998754608225746,0.00012453917741501628,False
2026-09-20,0xe7946e1bf9111a91a219144798681f02968fb01c909ecc20845021f659e96156,1.0,0.3,6,0.10354386855082609,0.024190831618944395,False
2026-09-13,0x75e35ae055e42c1535fded9f9058e8ad11961491600ad221f8ce5e23f221d3d7,1.0,0.3,12,-0.9389306758439298,0.002248016599551318,False
2026-09-13,0xdab5d67ad43c4ec25a191884a5fa40f69369016223590f93b69531c2ff612137,1.0,0.3,12,-2.8568477034597084,0.03225469724626732,False
2026-09-17,0xa75acebd7441870d50414a12aae0de8c0edd9e1a6ec6286cfb187befed3a438a,1.0,0.3,12,-28.350599659032085,3.5819841956258993,True
2026-09-20,0x294273d26e81de0a29333b82a6150009c60b103ca976ba92dece94efd6a53feb,1.0,0.3,12,-1.0122601469836123,0.009849850954078213,False
2026-09-20,0xe7946e1bf9111a91a219144798681f02968fb01c909ecc20845021f659e96156,1.0,0.3,12,-4.9677193523186,0.07398597376154184,False
