day,pool_id,bucket,close_sqrt,last_block,swaps,volume_eth,fee_eth,close_liquidity
2026-09-20,0x294273d26e81de0a29333b82a6150009c60b103ca976ba92dece94efd6a53feb,15,9043673124146298020934250134504029,67668145,2,0.00088389952156666,6.18729665096662e-06,724621957475049573079950
2026-09-20,0x294273d26e81de0a29333b82a6150009c60b103ca976ba92dece94efd6a53feb,40,9035630049368351393623012659104879,67895581,3,0.005787894890997193,4.0515264236980354e-05,724622100535662490908548
2026-09-20,0x294273d26e81de0a29333b82a6150009c60b103ca976ba92dece94efd6a53feb,41,9027599276190999105373002788135384,67899936,3,0.005789339551184688,4.052537685829282e-05,724623024287083191845282
2026-09-20,0x294273d26e81de0a29333b82a6150009c60b103ca976ba92dece94efd6a53feb,43,9043505654387421978939010057530847,67917040,4,0.011217406225241512,7.852184357669059e-05,724624855209437780997379
2026-09-20,0x294273d26e81de0a29333b82a6150009c60b103ca976ba92dece94efd6a53feb,55,9045999134835863578727855873463703,68024336,2,0.0017548647794843478,1.2284053456390435e-05,724625762172523772178362
2026-09-20,0x294273d26e81de0a29333b82a6150009c60b103ca976ba92dece94efd6a53feb,58,9014675113361892584605286569101365,68056821,3,0.02258884840069478,0.00015812193880486346,724626046273424000688854
2026-09-20,0x294273d26e81de0a29333b82a6150009c60b103ca976ba92dece94efd6a53feb,60,9045672588671798524551179558915051,68068951,2,0.021886119050109978,0.00015320283335076983,724629652236308813631357
2026-09-20,0x294273d26e81de0a29333b82a6150009c60b103ca976ba92dece94efd6a53feb,72,9049271726063809992994057273516364,68176443,2,0.0025315087560740077,1.7720561292518052e-05,724633195341000380543159
2026-09-20,0x294273d26e81de0a29333b82a6150009c60b103ca976ba92dece94efd6a53feb,78,9052354702584452027181981682332005,68227970,2,0.0021668596014897583,1.5168017210428306e-05,724633605323716958000702
2026-09-20,0x294273d26e81de0a29333b82a6150009c60b103ca976ba92dece94efd6a53feb,153,9053201369769985691875749060881494,68897089,2,0.000594819150825655,4.163734055779585e-06,724633956370328972989988
2026-09-20,0x294273d26e81de0a29333b82a6150009c60b103ca976ba92dece94efd6a53feb,163,9054485262391348076925715032365160,68987897,2,0.000901776205843004,6.312433440901028e-06,724634052744226045479161
2026-09-20,0x294273d26e81de0a29333b82a6150009c60b103ca976ba92dece94efd6a53feb,284,9054646133842722884448344499207322,70063529,2,0.000112974345699285,7.90820419894995e-07,724634198872705649923057
2026-09-20,0x294273d26e81de0a29333b82a6150009c60b103ca976ba92dece94efd6a53feb,619,9055929517741782553428017068281030,73049982,2,0.0009011315278802761,6.307920695161932e-06,724634217179974863682635
2026-09-20,0x294273d26e81de0a29333b82a6150009c60b103ca976ba92dece94efd6a53feb,624,9058258084776235992223887991928398,73094354,4,0.001634358259601951,1.1440507817213658e-05,724634495224120752858605
2026-09-13,0x75e35ae055e42c1535fded9f9058e8ad11961491600ad221f8ce5e23f221d3d7,12,9844321545427448170549844559979328,61663622,2,0.0009813607271918412,6.8695250903428885e-06,61911884912818657881293
2026-09-13,0x75e35ae055e42c1535fded9f9058e8ad11961491600ad221f8ce5e23f221d3d7,52,9838530278341483025671642292270147,62019988,3,0.00030041447220953,2.1029013054667094e-06,61912057810001731412446
2026-09-13,0x75e35ae055e42c1535fded9f9058e8ad11961491600ad221f8ce5e23f221d3d7,61,9841167244960261854205678665232494,62098355,2,0.000133974046560949,9.37818325926643e-07,61912110001346310753001
2026-09-13,0x75e35ae055e42c1535fded9f9058e8ad11961491600ad221f8ce5e23f221d3d7,290,9871942933863336128482819155474584,64141167,2,0.001558301834682152,1.0908112842775064e-05,61912133597417243443218
2026-09-13,0x75e35ae055e42c1535fded9f9058e8ad11961491600ad221f8ce5e23f221d3d7,550,10047470282141117538878880910885919,66448887,2,0.008705233086208563,6.093663160345994e-05,61912408911476325282729
2026-09-17,0xa75acebd7441870d50414a12aae0de8c0edd9e1a6ec6286cfb187befed3a438a,8,4907480024200575102690341453147276,65086716,2114,35.704002217329986,0.2499280155213087,750305992691305178406331
2026-09-17,0xa75acebd7441870d50414a12aae0de8c0edd9e1a6ec6286cfb187befed3a438a,9,6456115857451892342956516520718853,65095677,672,12.781763211635221,0.08947234248144655,751584616371812324203338
2026-09-17,0xa75acebd7441870d50414a12aae0de8c0edd9e1a6ec6286cfb187befed3a438a,10,7115492060229391159342049422031814,65103005,100,1.3395033079706864,0.0093765231557948,751757263357976180507220
2026-09-17,0xa75acebd7441870d50414a12aae0de8c0edd9e1a6ec6286cfb187befed3a438a,11,6595545423144554000220604066444611,65113271,103,4.927620090697884,0.034493340634885204,752330099709711918940595
2026-09-17,0xa75acebd7441870d50414a12aae0de8c0edd9e1a6ec6286cfb187befed3a438a,12,6279538421664350743678846431716018,65122008,57,0.5897040553530685,0.004127928387471479,752398234908837019517176
2026-09-17,0xa75acebd7441870d50414a12aae0de8c0edd9e1a6ec6286cfb187befed3a438a,13,6889901055466227460813462994478337,65129531,42,0.8552107509858491,0.005986475256900943,752499811958537991604069
2026-09-17,0xa75acebd7441870d50414a12aae0de8c0edd9e1a6ec6286cfb187befed3a438a,14,7380520746064767653310219747636025,65135798,7,0.5809455715685198,0.004066619000979636,752575529338150122100527
2026-09-17,0xa75acebd7441870d50414a12aae0de8c0edd9e1a6ec6286cfb187befed3a438a,15,7312236551857241982128102438757804,65147438,10,0.10446658686539867,0.0007312661080577904,752587741694966171964334
2026-09-17,0xa75acebd7441870d50414a12aae0de8c0edd9e1a6ec6286cfb187befed3a438a,16,7380198642869430346394374579559937,65157860,10,0.0753053372376459,0.0005271373606635215,752599227287764983854713
2026-09-17,0xa75acebd7441870d50414a12aae0de8c0edd9e1a6ec6286cfb187befed3a438a,17,7343819859851752373434561490116639,65166498,3,0.0409960537437144,0.0002869723762060008,752599316692037709640899
2026-09-17,0xa75acebd7441870d50414a12aae0de8c0edd9e1a6ec6286cfb187befed3a438a,18,8342553890401898519460437443652054,65172505,30,0.9748736095849799,0.006824115267094859,752737247167672482044014
2026-09-17,0xa75acebd7441870d50414a12aae0de8c0edd9e1a6ec6286cfb187befed3a438a,19,8389417429697560151871439138742087,65180983,6,0.04004684824981971,0.00028032793774873796,752747434851349338946437
2026-09-17,0xa75acebd7441870d50414a12aae0de8c0edd9e1a6ec6286cfb187befed3a438a,20,8391388811275642117421165262961981,65186869,2,0.00167483438856379,1.1723840719946528e-05,752747890923869162834766
2026-09-17,0xa75acebd7441870d50414a12aae0de8c0edd9e1a6ec6286cfb187befed3a438a,23,8355614771533815370717495155967468,65213502,3,0.03116883823226549,0.00021818186762585838,752748142447097734850167
2026-09-17,0xa75acebd7441870d50414a12aae0de8c0edd9e1a6ec6286cfb187befed3a438a,28,8332696016888263049568011533393939,65262234,3,0.02010867036975449,0.0001407606925882814,752752757951259911883434
2026-09-17,0xa75acebd7441870d50414a12aae0de8c0edd9e1a6ec6286cfb187befed3a438a,29,8340495297446836296339856551887650,65271604,2,0.006711946796448063,4.698362757513644e-05,752755723040100532842592
2026-09-17,0xa75acebd7441870d50414a12aae0de8c0edd9e1a6ec6286cfb187befed3a438a,30,8342489599230534351564672396174864,65281700,2,0.0017142544386351199,1.1999781070445841e-05,752756724914236642366599
2026-09-17,0xa75acebd7441870d50414a12aae0de8c0edd9e1a6ec6286cfb187befed3a438a,31,8263297801601436104745354452425790,65290981,6,0.070182153437921,0.000491275074065447,752766157740973366760611
2026-09-17,0xa75acebd7441870d50414a12aae0de8c0edd9e1a6ec6286cfb187befed3a438a,42,8262182000948799957099204388974705,65381128,3,0.000998352464038628,6.988467248270396e-06,752767302580329873704481
2026-09-17,0xa75acebd7441870d50414a12aae0de8c0edd9e1a6ec6286cfb187befed3a438a,44,8264325982049627255077662337804989,65406225,2,0.00187800551451205,1.314603860158435e-05,752767448170642518626270
2026-09-17,0xa75acebd7441870d50414a12aae0de8c0edd9e1a6ec6286cfb187befed3a438a,45,8268241763767416004677205053190867,65415315,4,0.003427489988013691,2.399242991609584e-05,752768090099408857292293
2026-09-17,0xa75acebd7441870d50414a12aae0de8c0edd9e1a6ec6286cfb187befed3a438a,52,8326175011075846996526873528063598,65477289,17,0.14912576768681404,0.0010438803738076984,752775497255928715132438
2026-09-17,0xa75acebd7441870d50414a12aae0de8c0edd9e1a6ec6286cfb187befed3a438a,53,8324298939854440264529292143921116,65479608,3,0.0016535429654357771,1.157480075805044e-05,752790280556755574584390
2026-09-17,0xa75acebd7441870d50414a12aae0de8c0edd9e1a6ec6286cfb187befed3a438a,54,8381064178367533115320254487192148,65494015,2,0.048666156968678105,0.00034066309878074677,752790523528367527516565
2026-09-17,0xa75acebd7441870d50414a12aae0de8c0edd9e1a6ec6286cfb187befed3a438a,64,8381769667319580117900575921709956,65579551,2,0.000600690771454372,4.204835400180605e-06,752797823189005019475285
2026-09-17,0xa75acebd7441870d50414a12aae0de8c0edd9e1a6ec6286cfb187befed3a438a,67,8378326691045461636968322384582724,65608248,3,0.002995064304247862,2.0965450129735033e-05,752797913296097014397849
2026-09-17,0xa75acebd7441870d50414a12aae0de8c0edd9e1a6ec6286cfb187befed3a438a,69,8381733804673465080303181593493452,65629500,2,0.0029019598662070947,2.0313719063449663e-05,752798356328023655921758
2026-09-17,0xa75acebd7441870d50414a12aae0de8c0edd9e1a6ec6286cfb187befed3a438a,73,8468913502293399606290380395029571,65662729,12,0.07346029136009567,0.0005142220395206699,752808032916694682159368
2026-09-17,0xa75acebd7441870d50414a12aae0de8c0edd9e1a6ec6286cfb187befed3a438a,75,8474029542276796909163412479459061,65677273,2,0.004264016185815395,2.9848113300707767e-05,752809877751938314640350
2026-09-17,0xa75acebd7441870d50414a12aae0de8c0edd9e1a6ec6286cfb187befed3a438a,99,8525237277012214691965495637646245,65891301,6,0.042397768339974586,0.0002967843783798221,752816963696569997207510
2026-09-17,0xa75acebd7441870d50414a12aae0de8c0edd9e1a6ec6286cfb187befed3a438a,124,8528719588953735981014046973056792,66115325,2,0.002864732307846673,2.0053126154926708e-05,752816983544844926314219
2026-09-17,0xa75acebd7441870d50414a12aae0de8c0edd9e1a6ec6286cfb187befed3a438a,159,8528864260177390678030396041925116,66429418,2,0.00011896358783521,8.3274511484647e-07,752817420805472729747473
2026-09-17,0xa75acebd7441870d50414a12aae0de8c0edd9e1a6ec6286cfb187befed3a438a,244,8529576722100850758547532574710332,67181033,2,0.0005858007509743089,4.100605256820162e-06,752817438963869719640788
2026-09-17,0xa75acebd7441870d50414a12aae0de8c0edd9e1a6ec6286cfb187befed3a438a,267,8530090652069069760588998696503651,67390438,2,0.000422503018007825,2.957521126054775e-06,752817528386964439634108
2026-09-17,0xa75acebd7441870d50414a12aae0de8c0edd9e1a6ec6286cfb187befed3a438a,284,8601733354189917677167159639220474,67535977,2,0.05840356689077314,0.000408824968235412,752817592886374049104254
2026-09-17,0xa75acebd7441870d50414a12aae0de8c0edd9e1a6ec6286cfb187befed3a438a,361,8601256986271144380861025607157355,68224083,9,0.07465559245689553,0.0005225891471982687,752832890637698280243874
2026-09-17,0xa75acebd7441870d50414a12aae0de8c0edd9e1a6ec6286cfb187befed3a438a,386,8601409712362926830799480658861688,68445640,2,0.00012348109840294098,8.643676888205869e-07,752837991844033366320886
2026-09-17,0xa75acebd7441870d50414a12aae0de8c0edd9e1a6ec6286cfb187befed3a438a,438,8610025998375329361804377552168098,68911570,4,0.006959289880186972,4.87150291613088e-05,752838857133223366561577
2026-09-17,0xa75acebd7441870d50414a12aae0de8c0edd9e1a6ec6286cfb187befed3a438a,468,8610943617752250135488084873307978,69180833,2,0.000740332476186805,5.182327333307635e-06,752839083037254866909845
2026-09-17,0xa75acebd7441870d50414a12aae0de8c0edd9e1a6ec6286cfb187befed3a438a,481,8611546122302163269584611711280952,69295245,2,0.000486013074748001,3.402091523236007e-06,752839197127851815048296
2026-09-17,0xa75acebd7441870d50414a12aae0de8c0edd9e1a6ec6286cfb187befed3a438a,508,8610809244395654900922754349304351,69528994,3,0.000607095530852211,4.249668715965476e-06,752839272031223613902189
2026-09-17,0xa75acebd7441870d50414a12aae0de8c0edd9e1a6ec6286cfb187befed3a438a,513,8612306524945619446106813228872101,69580723,2,0.001207700738650205,8.453905170551433e-06,752839364295527934281535
2026-09-17,0xa75acebd7441870d50414a12aae0de8c0edd9e1a6ec6286cfb187befed3a438a,587,8613260119283660141212542730140096,70235902,2,0.000768946855701412,5.382627989909883e-06,752839550440434818668784
2026-09-13,0xdab5d67ad43c4ec25a191884a5fa40f69369016223590f93b69531c2ff612137,8,191979353980498343033265808123131,61755483,1,0.000790474134289583,6.466078418488789e-06,286098035509441947604031
2026-09-13,0xdab5d67ad43c4ec25a191884a5fa40f69369016223590f93b69531c2ff612137,9,191995438156667720012224729373040,61771310,1,0.009891174070880188,8.090980389979994e-05,286098035509441947604031
2026-09-13,0xdab5d67ad43c4ec25a191884a5fa40f69369016223590f93b69531c2ff612137,10,192737106196495190188315803265082,61778851,5,0.46372633665367996,0.0037932814338271026,286098035509441947604031
2026-09-13,0xdab5d67ad43c4ec25a191884a5fa40f69369016223590f93b69531c2ff612137,12,192108428904427029353123455537593,61795188,2,0.40191646375442736,0.0032876766735112153,286098035509441947604031
2026-09-13,0xdab5d67ad43c4ec25a191884a5fa40f69369016223590f93b69531c2ff612137,13,192081731511034636312050845500489,61803642,3,0.016534763085292954,0.00013525436203769636,286098035509441947604031
2026-09-13,0xdab5d67ad43c4ec25a191884a5fa40f69369016223590f93b69531c2ff612137,14,192087801655191881355173798272559,61810142,2,0.00744941745880644,6.093623481303668e-05,286098035509441947604031
2026-09-13,0xdab5d67ad43c4ec25a191884a5fa40f69369016223590f93b69531c2ff612137,15,192266689341779884440841093417548,61825542,3,0.11774308531033972,0.000963138437838579,286098035509441947604031
2026-09-13,0xdab5d67ad43c4ec25a191884a5fa40f69369016223590f93b69531c2ff612137,17,192291282309510042268993369262790,61839515,1,0.015077931141240508,0.00012333747673534735,286098035509441947604031
2026-09-13,0xdab5d67ad43c4ec25a191884a5fa40f69369016223590f93b69531c2ff612137,21,192258892741869945645839093459548,61875257,1,0.02002261129294392,0.00016378496037628126,286098035509441947604031
2026-09-13,0xdab5d67ad43c4ec25a191884a5fa40f69369016223590f93b69531c2ff612137,22,192290856739741862275452082830598,61884377,1,0.01959794260072035,0.00016031117047389244,286098035509441947604031
2026-09-13,0xdab5d67ad43c4ec25a191884a5fa40f69369016223590f93b69531c2ff612137,24,192293832417967736509227038001040,61901009,1,0.001824132735426296,1.4921405775787101e-05,286098035509441947604031
2026-09-13,0xdab5d67ad43c4ec25a191884a5fa40f69369016223590f93b69531c2ff612137,27,192295282809774848325981456360665,61929444,2,0.004265183269828831,3.488919914719984e-05,286098035509441947604031
2026-09-13,0xdab5d67ad43c4ec25a191884a5fa40f69369016223590f93b69531c2ff612137,29,192035594607479549478867354282303,61942210,1,0.1607176052659551,0.0013146700110755127,286098035509441947604031
2026-09-13,0xdab5d67ad43c4ec25a191884a5fa40f69369016223590f93b69531c2ff612137,30,192076277994379795757787020600669,61957311,1,0.025000925984718824,0.000204507574555,286098035509441947604031
2026-09-13,0xdab5d67ad43c4ec25a191884a5fa40f69369016223590f93b69531c2ff612137,31,192075824596099488462661644786775,61959952,1,0.000280863322236022,2.29746197589066e-06,286098035509441947604031
2026-09-13,0xdab5d67ad43c4ec25a191884a5fa40f69369016223590f93b69531c2ff612137,32,192078436215835821828103296920007,61975715,1,0.001604549368037673,1.3125213830548166e-05,286098035509441947604031
2026-09-13,0xdab5d67ad43c4ec25a191884a5fa40f69369016223590f93b69531c2ff612137,33,192075191021584020392204759134572,61981038,1,0.002010260831742884,1.644393360365679e-05,286098035509441947604031
2026-09-13,0xdab5d67ad43c4ec25a191884a5fa40f69369016223590f93b69531c2ff612137,34,192385757542559801287676569739901,61991858,2,0.19050435356439,0.00155832561215671,286098035509441947604031
2026-09-13,0xdab5d67ad43c4ec25a191884a5fa40f69369016223590f93b69531c2ff612137,35,195137672578345926378370642764016,61996933,2,1.661557755969239,0.013591542443828375,286098035509441947604031
2026-09-13,0xdab5d67ad43c4ec25a191884a5fa40f69369016223590f93b69531c2ff612137,36,194939994478797388841520863507145,62008237,3,0.12259846803675438,0.0010028554685406507,286098035509441947604031
2026-09-13,0xdab5d67ad43c4ec25a191884a5fa40f69369016223590f93b69531c2ff612137,37,194975607429291371058356578281953,62019940,2,0.02123837007382755,0.0001737298672039094,286098035509441947604031
2026-09-13,0xdab5d67ad43c4ec25a191884a5fa40f69369016223590f93b69531c2ff612137,38,195038237568788717795501768840167,62025223,1,0.03733170218839577,0.0003053733239010774,286098035509441947604031
2026-09-13,0xdab5d67ad43c4ec25a191884a5fa40f69369016223590f93b69531c2ff612137,41,195035425748357395541253851921026,62051609,1,0.00168933552,1.38187645536e-05,286098035509441947604031
2026-09-13,0xdab5d67ad43c4ec25a191884a5fa40f69369016223590f93b69531c2ff612137,44,195043929147038242289741509160880,62078777,1,0.005066885157515438,4.144712058847629e-05,286098035509441947604031
2026-09-13,0xdab5d67ad43c4ec25a191884a5fa40f69369016223590f93b69531c2ff612137,47,195583801819381965172503998864405,62109597,5,0.32078974997835275,0.0026240601548229246,286098035509441947604031
2026-09-13,0xdab5d67ad43c4ec25a191884a5fa40f69369016223590f93b69531c2ff612137,54,195588834166384353456353689604064,62166068,2,0.0045629601212844005,3.73250137921064e-05,286098035509441947604031
2026-09-13,0xdab5d67ad43c4ec25a191884a5fa40f69369016223590f93b69531c2ff612137,55,195593697925210577143303578491319,62178979,1,0.002881824808878759,2.3573326936628248e-05,286098035509441947604031
2026-09-13,0xdab5d67ad43c4ec25a191884a5fa40f69369016223590f93b69531c2ff612137,60,195769240081911899910817665030532,62224326,1,0.10391460153206875,0.0008500214405323224,286098035509441947604031
2026-09-13,0xdab5d67ad43c4ec25a191884a5fa40f69369016223590f93b69531c2ff612137,64,195877969102568778898559993931320,62256350,1,0.06427023504690219,0.0005257305226836599,286098035509441947604031
2026-09-13,0xdab5d67ad43c4ec25a191884a5fa40f69369016223590f93b69531c2ff612137,65,195881616921688449410386032216834,62268607,1,0.002155005991638504,1.7627949011602964e-05,286098035509441947604031
2026-09-13,0xdab5d67ad43c4ec25a191884a5fa40f69369016223590f93b69531c2ff612137,66,195913892418729242494180608195589,62276152,1,0.019063756625544645,0.0001559415291969552,286098035509441947604031
2026-09-13,0xdab5d67ad43c4ec25a191884a5fa40f69369016223590f93b69531c2ff612137,72,195917029999103368912702641722683,62330111,1,0.001852899642380988,1.5156719074676482e-05,286098035509441947604031
2026-09-13,0xdab5d67ad43c4ec25a191884a5fa40f69369016223590f93b69531c2ff612137,75,195917748860512303876825722763356,62355325,2,0.00180572421672729,1.4770824092829234e-05,286098035509441947604031
2026-09-13,0xdab5d67ad43c4ec25a191884a5fa40f69369016223590f93b69531c2ff612137,88,195851064685705999444144032986436,62473875,1,0.03971775206190342,0.00032489121186637,286098035509441947604031
2026-09-13,0xdab5d67ad43c4ec25a191884a5fa40f69369016223590f93b69531c2ff612137,89,195969937412824269395936020802263,62481588,1,0.07020390905362522,0.0005742679760586543,286098035509441947604031
2026-09-13,0xdab5d67ad43c4ec25a191884a5fa40f69369016223590f93b69531c2ff612137,90,195972142002563201574365961191417,62488753,1,0.001301183201124166,1.0643678585195677e-05,286098035509441947604031
2026-09-13,0xdab5d67ad43c4ec25a191884a5fa40f69369016223590f93b69531c2ff612137,92,196004417499603994658160537170172,62503033,1,0.019046149964870276,0.00015579750671263886,286098035509441947604031
2026-09-13,0xdab5d67ad43c4ec25a191884a5fa40f69369016223590f93b69531c2ff612137,93,196010724830513657001109549353068,62514161,3,0.011607795800840842,9.49517696508781e-05,286098035509441947604031
2026-09-13,0xdab5d67ad43c4ec25a191884a5fa40f69369016223590f93b69531c2ff612137,96,196032367804850199099268894938386,62540096,1,0.012767438767423098,0.00010443764911752095,286098035509441947604031
2026-09-13,0xdab5d67ad43c4ec25a191884a5fa40f69369016223590f93b69531c2ff612137,103,196029894861474917369170805516158,62608417,1,0.001470705367462734,1.2030369905845165e-05,286098035509441947604031
2026-09-13,0xdab5d67ad43c4ec25a191884a5fa40f69369016223590f93b69531c2ff612137,105,196093066974772179044838543403282,62619848,1,0.037250775542392534,0.0003047113439367709,286098035509441947604031
2026-09-13,0xdab5d67ad43c4ec25a191884a5fa40f69369016223590f93b69531c2ff612137,106,196093761131484205606768598889349,62628491,2,0.004177462890414684,3.417164644359212e-05,286098035509441947604031
2026-09-13,0xdab5d67ad43c4ec25a191884a5fa40f69369016223590f93b69531c2ff612137,107,196101928308873812991726453602868,62635820,1,0.004814163183675018,3.9379854842461646e-05,286098035509441947604031
2026-09-13,0xdab5d67ad43c4ec25a191884a5fa40f69369016223590f93b69531c2ff612137,114,197158314941252984899616617235235,62698823,1,0.6193275429698956,0.005066099301493746,286098035509441947604031
2026-09-13,0xdab5d67ad43c4ec25a191884a5fa40f69369016223590f93b69531c2ff612137,154,197225606974982676684567033680215,63058099,1,0.03922651396849798,0.00032087288426231353,286098035509441947604031
2026-09-13,0xdab5d67ad43c4ec25a191884a5fa40f69369016223590f93b69531c2ff612137,185,197256975322587649808223301666773,63335308,1,0.01827639057578315,0.00014950087490990616,286098035509441947604031
2026-09-13,0xdab5d67ad43c4ec25a191884a5fa40f69369016223590f93b69531c2ff612137,191,197320798011647745736169355590870,63389765,2,0.037167583458423616,0.0003040308326899052,286098035509441947604031
2026-09-13,0xdab5d67ad43c4ec25a191884a5fa40f69369016223590f93b69531c2ff612137,193,199750862492556763670464101541152,63406622,3,1.3859982801557398,0.011337465931673951,226457628645214273767411
2026-09-13,0xdab5d67ad43c4ec25a191884a5fa40f69369016223590f93b69531c2ff612137,194,199888145822097339857709670124794,63417943,3,0.06168912922124431,0.0005046170770297785,226457628645214273767411
2026-09-13,0xdab5d67ad43c4ec25a191884a5fa40f69369016223590f93b69531c2ff612137,218,199890019812596596392942373486664,63625112,1,0.000841503202888979,6.883496199631848e-06,226457628645214273767411
2026-09-13,0xdab5d67ad43c4ec25a191884a5fa40f69369016223590f93b69531c2ff612137,241,199892414111205136271621610953715,63832101,1,0.001075121206035262,8.794491465368443e-06,226457628645214273767411
2026-09-13,0xdab5d67ad43c4ec25a191884a5fa40f69369016223590f93b69531c2ff612137,251,200045324251145725006558323886079,63922780,1,0.06860852883501936,0.0005612177658704583,226457628645214273767411
2026-09-13,0xdab5d67ad43c4ec25a191884a5fa40f69369016223590f93b69531c2ff612137,261,204235517003816333651700039228768,64015300,4,1.8400976319704485,0.01505199862951827,226457628645214273767411
2026-09-13,0xdab5d67ad43c4ec25a191884a5fa40f69369016223590f93b69531c2ff612137,282,204244253613505884164229368175120,64199940,1,0.003757754099862732,3.073842853687715e-05,226457628645214273767411
2026-09-13,0xdab5d67ad43c4ec25a191884a5fa40f69369016223590f93b69531c2ff612137,348,204252552513994485684270471099269,64788521,1,0.003569190734864386,2.9195980211190676e-05,226457628645214273767411
2026-09-13,0xdab5d67ad43c4ec25a191884a5fa40f69369016223590f93b69531c2ff612137,374,204254199839577763251878797193963,65016964,1,0.000708447210230465,5.795098179685204e-06,226457628645214273767411
2026-09-13,0xdab5d67ad43c4ec25a191884a5fa40f69369016223590f93b69531c2ff612137,379,204246270089386087779905886147763,65058638,1,0.003438492283845977,2.8126866881860093e-05,226457628645214273767411
2026-09-13,0xdab5d67ad43c4ec25a191884a5fa40f69369016223590f93b69531c2ff612137,397,204267552982284575434365308814694,65217411,1,0.00915258304284625,7.486812929048233e-05,226457628645214273767411
2026-09-13,0xdab5d67ad43c4ec25a191884a5fa40f69369016223590f93b69531c2ff612137,400,204283074474185930408183706285818,65244126,1,0.006673723816161077,5.459106081619761e-05,226457628645214273767411
2026-09-13,0xdab5d67ad43c4ec25a191884a5fa40f69369016223590f93b69531c2ff612137,430,204295432722985020495169710970864,65513619,1,0.005312909648651425,4.345960092596866e-05,226457628645214273767411
2026-09-13,0xdab5d67ad43c4ec25a191884a5fa40f69369016223590f93b69531c2ff612137,448,204300113589395895061638745735435,65677008,1,0.002012173940436651,1.6459582832771807e-05,226457628645214273767411
2026-09-13,0xdab5d67ad43c4ec25a191884a5fa40f69369016223590f93b69531c2ff612137,449,204298932955546577127046422888896,65684843,2,0.005493112875233236,4.4933663319407876e-05,226457628645214273767411
2026-09-13,0xdab5d67ad43c4ec25a191884a5fa40f69369016223590f93b69531c2ff612137,470,207145327543214122647093563972690,65875105,1,1.206758604162441,0.009871285382048766,226457628645214273767411
2026-09-13,0xdab5d67ad43c4ec25a191884a5fa40f69369016223590f93b69531c2ff612137,517,207242567949540662518062477291992,66293597,1,0.040640514492973345,0.00033243940855252197,226457628645214273767411
2026-09-13,0xdab5d67ad43c4ec25a191884a5fa40f69369016223590f93b69531c2ff612137,532,207248338122455697583735190323488,66423435,1,0.002410379056583779,1.9716900682855313e-05,226457628645214273767411
2026-09-13,0xdab5d67ad43c4ec25a191884a5fa40f69369016223590f93b69531c2ff612137,540,207248029306313481562538782528112,66495607,2,0.0195900193794787,0.0001602463585241358,226457628645214273767411
2026-09-13,0xdab5d67ad43c4ec25a191884a5fa40f69369016223590f93b69531c2ff612137,632,213862288429415753271584164067011,67315177,3,2.181874914574246,0.017847736801217335,177850029978417880920327
2026-09-20,0xe7946e1bf9111a91a219144798681f02968fb01c909ecc20845021f659e96156,8,8563171269614818803558539764610217,67651323,14,0.046774850158490054,0.00032742395110943044,850752193961189807951001
2026-09-20,0xe7946e1bf9111a91a219144798681f02968fb01c909ecc20845021f659e96156,9,8557790023086232619660130029108725,67656498,3,0.00506965475195229,3.5487583263666024e-05,850752870067118407521280
2026-09-20,0xe7946e1bf9111a91a219144798681f02968fb01c909ecc20845021f659e96156,11,8558838601522499353138309807662023,67671790,2,0.0009677107151779261,6.773975006245482e-06,850753636200813949174789
2026-09-20,0xe7946e1bf9111a91a219144798681f02968fb01c909ecc20845021f659e96156,12,8558918689524898681284804454685462,67686594,2,7.3901778534363e-05,5.17312449740541e-07,850753784429651354663736
2026-09-20,0xe7946e1bf9111a91a219144798681f02968fb01c909ecc20845021f659e96156,13,8561126471600540880628013591742326,67692652,2,0.002036702337117302,1.4256916359821115e-05,850753795749641185402268
2026-09-20,0xe7946e1bf9111a91a219144798681f02968fb01c909ecc20845021f659e96156,14,8512084520521136072222862943138658,67704823,10,0.05077368969713523,0.00035541582787994655,850755911316722928017040
2026-09-20,0xe7946e1bf9111a91a219144798681f02968fb01c909ecc20845021f659e96156,15,8462755718900109395562484638487788,67709910,5,0.062207031203194305,0.00043544921842236014,850770012754095854610485
2026-09-20,0xe7946e1bf9111a91a219144798681f02968fb01c909ecc20845021f659e96156,20,8460247253873847792879444757410810,67750886,3,0.0024188660564991252,1.6932062395493875e-05,850771131018846404025553
2026-09-20,0xe7946e1bf9111a91a219144798681f02968fb01c909ecc20845021f659e96156,22,8459901354858742677694999855703163,67772049,5,0.000862552870196306,6.0378700913741415e-06,850771581994485578134106
2026-09-20,0xe7946e1bf9111a91a219144798681f02968fb01c909ecc20845021f659e96156,24,8448589278723265330823788680613409,67786362,3,0.010926960408365535,7.648872285855875e-05,850771621610557577295363
2026-09-20,0xe7946e1bf9111a91a219144798681f02968fb01c909ecc20845021f659e96156,26,8443379504629641018480964307370906,67807897,3,0.005042204490802387,3.529543143561671e-05,850773252975011546859496
2026-09-20,0xe7946e1bf9111a91a219144798681f02968fb01c909ecc20845021f659e96156,27,8448719273427626812712158751733273,67816097,2,0.005059956131055103,3.541969291738572e-05,850774004764567498099508
2026-09-20,0xe7946e1bf9111a91a219144798681f02968fb01c909ecc20845021f659e96156,28,8449664124317832557348377620844957,67827455,4,0.000894674055903193,6.262718391322352e-06,850774809517785922225440
2026-09-20,0xe7946e1bf9111a91a219144798681f02968fb01c909ecc20845021f659e96156,30,8451191418753032971458946658310504,67844965,2,0.0014457637543712149,1.0120346280598505e-05,850774905140831992027230
2026-09-20,0xe7946e1bf9111a91a219144798681f02968fb01c909ecc20845021f659e96156,31,8462385612210818884492783543467620,67856789,2,0.010580693104481344,7.40648517313694e-05,850775123810035426249766
2026-09-20,0xe7946e1bf9111a91a219144798681f02968fb01c909ecc20845021f659e96156,32,8470521157808497866935601898993639,67857999,2,0.00767214174841013,5.3704992238870914e-05,850776726243430163055720
2026-09-20,0xe7946e1bf9111a91a219144798681f02968fb01c909ecc20845021f659e96156,33,8473636014220057288890662798258763,67873651,2,0.002933536971839515,2.0534758802876605e-05,850777889296638031064960
2026-09-20,0xe7946e1bf9111a91a219144798681f02968fb01c909ecc20845021f659e96156,37,8457137602241466308862908677742323,67909783,6,0.015895038238529634,0.00011126526766970746,850778505383225589695857
2026-09-20,0xe7946e1bf9111a91a219144798681f02968fb01c909ecc20845021f659e96156,38,8457215041265750971012292731702765,67914179,5,0.000698223884726831,4.887567193087818e-06,850780768662567132298567
2026-09-20,0xe7946e1bf9111a91a219144798681f02968fb01c909ecc20845021f659e96156,39,8472363367911015612544137579432066,67927908,2,0.014291166500951387,0.00010003816550665971,850780815800846087767388
2026-09-20,0xe7946e1bf9111a91a219144798681f02968fb01c909ecc20845021f659e96156,40,8474624841003234008637498935755209,67934983,4,0.0021291312793037987,1.4903918955126595e-05,850783305625804194991538
2026-09-20,0xe7946e1bf9111a91a219144798681f02968fb01c909ecc20845021f659e96156,41,8475844215665041801514344122329250,67940586,4,0.001147545618026266,8.032819326183862e-06,850783471087948348703268
2026-09-20,0xe7946e1bf9111a91a219144798681f02968fb01c909ecc20845021f659e96156,42,8491650174441027248522504424978349,67949167,4,0.014845067685966247,0.00010391547380176373,850785582855448445822005
2026-09-20,0xe7946e1bf9111a91a219144798681f02968fb01c909ecc20845021f659e96156,43,8491224276453239656914937746136098,67956447,5,0.007262078918583166,5.083455243008217e-05,850786315627136355449622
2026-09-20,0xe7946e1bf9111a91a219144798681f02968fb01c909ecc20845021f659e96156,44,8491727080512680929005013391436854,67971437,2,0.000471379261053326,3.2996548273732816e-06,850786830933344622911016
2026-09-20,0xe7946e1bf9111a91a219144798681f02968fb01c909ecc20845021f659e96156,45,8491898284092629953078022061918270,67979590,2,0.00016049078548261,1.1234354983782698e-06,850786902570573135533391
2026-09-20,0xe7946e1bf9111a91a219144798681f02968fb01c909ecc20845021f659e96156,48,8561697516384977479132444043876057,68001532,4,0.06489706701487515,0.000454279469104126,850789631285682421771799
2026-09-20,0xe7946e1bf9111a91a219144798681f02968fb01c909ecc20845021f659e96156,49,8562643866790735358899715982202368,68012841,2,0.000872624422042116,6.1083709542948125e-06,850796854794532659238535
2026-09-20,0xe7946e1bf9111a91a219144798681f02968fb01c909ecc20845021f659e96156,50,8825394457035794198794180385311510,68024959,12,0.2350457648653139,0.0016453203540571972,850832882470421975219332
2026-09-20,0xe7946e1bf9111a91a219144798681f02968fb01c909ecc20845021f659e96156,51,8822409068981520263612979842957203,68027445,5,0.004539859282243799,3.1779014975706597e-05,850833809217688819618459
2026-09-20,0xe7946e1bf9111a91a219144798681f02968fb01c909ecc20845021f659e96156,53,8887166875003262413294713067167781,68051307,4,0.05583472758436087,0.0003908430930905261,850842124723061705535054
2026-09-20,0xe7946e1bf9111a91a219144798681f02968fb01c909ecc20845021f659e96156,54,8907137615349069579578629461531191,68053683,2,0.01705530535079746,0.00011938713745558221,850843243995562874478578
2026-09-20,0xe7946e1bf9111a91a219144798681f02968fb01c909ecc20845021f659e96156,59,8910966260445005143621058892214787,68097936,2,0.003260996764886441,2.282697735420509e-05,850845962758176718191198
2026-09-20,0xe7946e1bf9111a91a219144798681f02968fb01c909ecc20845021f659e96156,60,8916121326670630468616749545818943,68109386,2,0.00438633669049992,3.070435683349944e-05,850846482811256651892137
2026-09-20,0xe7946e1bf9111a91a219144798681f02968fb01c909ecc20845021f659e96156,78,8917008421452126033344056106233593,68266976,2,0.000754299326400506,5.280095284803542e-06,850847182734686075985063
2026-09-20,0xe7946e1bf9111a91a219144798681f02968fb01c909ecc20845021f659e96156,82,8921759235163366909692471291393344,68306223,9,0.005307029969785894,3.714920978850126e-05,850847606398312604935347
2026-09-20,0xe7946e1bf9111a91a219144798681f02968fb01c909ecc20845021f659e96156,85,8923124728574929473695370066742274,68335483,2,0.001159555342654639,8.116887398582474e-06,850848148915708402630576
2026-09-20,0xe7946e1bf9111a91a219144798681f02968fb01c909ecc20845021f659e96156,87,7818931061031408739291067409801330,68354374,86,1.1321613857049546,0.007925129699934686,851012997066008031527623
2026-09-20,0xe7946e1bf9111a91a219144798681f02968fb01c909ecc20845021f659e96156,91,7819800173278525645878407852089401,68383226,2,0.0009611422791526601,6.727995954068621e-06,851015704273140837942832
2026-09-20,0xe7946e1bf9111a91a219144798681f02968fb01c909ecc20845021f659e96156,124,7820664259980533234038853830917472,68681288,2,0.000955372956983441,6.687610698884087e-06,851015838783473130529350
2026-09-20,0xe7946e1bf9111a91a219144798681f02968fb01c909ecc20845021f659e96156,130,7824685298390474425440082616717834,68731436,2,0.004443065214661532,3.110145650263072e-05,851015972501171995435158
2026-09-20,0xe7946e1bf9111a91a219144798681f02968fb01c909ecc20845021f659e96156,136,7825592082677885937359039938220674,68786472,2,0.00100132533789584,7.00927736527088e-06,851016594689880150988534
2026-09-20,0xe7946e1bf9111a91a219144798681f02968fb01c909ecc20845021f659e96156,140,7826241709037546689801704987039105,68819469,5,0.00194989654824316,1.364927583770212e-05,851016820946380053776818
2026-09-20,0xe7946e1bf9111a91a219144798681f02968fb01c909ecc20845021f659e96156,145,7826657962653473594611763991632637,68869891,2,0.000459498315210104,3.2164882064707282e-06,851017006818002243621819
2026-09-20,0xe7946e1bf9111a91a219144798681f02968fb01c909ecc20845021f659e96156,148,7826786321080851612611611936269124,68897391,2,0.000141683769899864,9.917863892990478e-07,851017071180449822672496
2026-09-20,0xe7946e1bf9111a91a219144798681f02968fb01c909ecc20845021f659e96156,150,7829640121818002894193670608088061,68916355,4,0.003148864208173991,2.204204945721794e-05,851017103266029329442908
2026-09-20,0xe7946e1bf9111a91a219144798681f02968fb01c909ecc20845021f659e96156,156,7827868073160577051641954032827920,68967324,3,0.001996706453495071,1.3976945174465497e-05,851017532255444411715724
2026-09-20,0xe7946e1bf9111a91a219144798681f02968fb01c909ecc20845021f659e96156,161,7827995455850204429609974832996800,69011615,2,0.000140563407520211,9.83943852641477e-07,851017808154701251624957
2026-09-20,0xe7946e1bf9111a91a219144798681f02968fb01c909ecc20845021f659e96156,169,7847997132287609814751759874400999,69084533,5,0.022369453366824516,0.0001565861735677716,851017852609269377152994
2026-09-20,0xe7946e1bf9111a91a219144798681f02968fb01c909ecc20845021f659e96156,172,7848798116298438397377460102211642,69106340,2,0.0008792641994600631,6.154849396220441e-06,851020969302543958044783
2026-09-20,0xe7946e1bf9111a91a219144798681f02968fb01c909ecc20845021f659e96156,177,7846973473111331773624064334705284,69150391,5,0.39317331189313076,0.0027522131832519153,851048744921880100307898
2026-09-20,0xe7946e1bf9111a91a219144798681f02968fb01c909ecc20845021f659e96156,182,7839610588885533004333841081616754,69199223,40,1.7013666243997063,0.011909566370797943,851280433476684350792448
2026-09-20,0xe7946e1bf9111a91a219144798681f02968fb01c909ecc20845021f659e96156,183,7840142687974733535532972285331086,69206473,7,0.026141262193285757,0.0001829888353530003,851305790721290300222933
2026-09-20,0xe7946e1bf9111a91a219144798681f02968fb01c909ecc20845021f659e96156,194,7779843390578651763742445669857371,69307028,3,0.06830376085680649,0.00047812632599764543,851307545927128745705643
2026-09-20,0xe7946e1bf9111a91a219144798681f02968fb01c909ecc20845021f659e96156,195,7839513356393074567525268972302138,69309961,2,0.06617659387901786,0.00046323615715312505,851316995403827334623486
2026-09-20,0xe7946e1bf9111a91a219144798681f02968fb01c909ecc20845021f659e96156,201,7840967043249026950744621646172113,69366622,2,0.0015996517576007182,1.1197562303205025e-05,851326280159742220295162
2026-09-20,0xe7946e1bf9111a91a219144798681f02968fb01c909ecc20845021f659e96156,204,7830319946868823642460314259807895,69393592,6,0.011980284144445456,8.386198901111819e-05,851327333526415203038810
2026-09-20,0xe7946e1bf9111a91a219144798681f02968fb01c909ecc20845021f659e96156,207,7840856117971107359570930174349125,69422396,2,0.011607911790505245,8.125538253353671e-05,851328161855224850769296
2026-09-20,0xe7946e1bf9111a91a219144798681f02968fb01c909ecc20845021f659e96156,267,7594748752880373349566335689546189,69958163,201,6.379369238646251,0.04465558467052373,852116368824065803965767
2026-09-20,0xe7946e1bf9111a91a219144798681f02968fb01c909ecc20845021f659e96156,268,7518330751088455349960248727048279,69962558,5,0.10697235857411376,0.0007488065100187964,852140833796852685463232
2026-09-20,0xe7946e1bf9111a91a219144798681f02968fb01c909ecc20845021f659e96156,269,7412105137495291306009818375934479,69975783,89,2.3012565629078616,0.01610879594035503,852440046753536727789828
2026-09-20,0xe7946e1bf9111a91a219144798681f02968fb01c909ecc20845021f659e96156,270,7479047489706038151245819603414216,69980745,12,0.13711388643402483,0.0009597972050381737,852451496189503401719777
2026-09-20,0xe7946e1bf9111a91a219144798681f02968fb01c909ecc20845021f659e96156,271,7437858437180930911975965056524744,69993028,6,0.05122554400561637,0.0003585788080393146,852465040709221222274251
2026-09-20,0xe7946e1bf9111a91a219144798681f02968fb01c909ecc20845021f659e96156,272,7435562132528099181678004877559857,69994101,3,0.002872325809782501,2.0106280668477507e-05,852471628116103295481997
2026-09-20,0xe7946e1bf9111a91a219144798681f02968fb01c909ecc20845021f659e96156,273,7372276126614065134075718021685008,70004290,6,0.07987096839095892,0.0005590967787367125,852477245219556463571390
2026-09-20,0xe7946e1bf9111a91a219144798681f02968fb01c909ecc20845021f659e96156,274,7513660009157642963379626020714375,70019780,7,0.1742550353879142,0.0012197852477153995,852494279702433873870240
2026-09-20,0xe7946e1bf9111a91a219144798681f02968fb01c909ecc20845021f659e96156,276,7510690347326517724739015377137866,70033890,3,0.003640487515851396,2.548341261095977e-05,852505780921467592345586
2026-09-20,0xe7946e1bf9111a91a219144798681f02968fb01c909ecc20845021f659e96156,277,7509803521792641676085441015612634,70041218,3,0.001087706964864777,7.61394875405344e-06,852506263651535786614255
2026-09-20,0xe7946e1bf9111a91a219144798681f02968fb01c909ecc20845021f659e96156,281,7510126562789839340858553758836928,70075803,2,0.00038796874519173203,2.715781216342124e-06,852506407825576750727858
2026-09-20,0xe7946e1bf9111a91a219144798681f02968fb01c909ecc20845021f659e96156,312,7507253265301918575886152046520506,70354915,3,0.00352562785095887,2.467939495671209e-05,852506459971007908835586
2026-09-20,0xe7946e1bf9111a91a219144798681f02968fb01c909ecc20845021f659e96156,320,6695454637849995061683983838650432,70428893,66,1.3741231111169483,0.009618861777818634,852678822390058601408205
2026-09-20,0xe7946e1bf9111a91a219144798681f02968fb01c909ecc20845021f659e96156,323,6692751056417429541642039032959503,70453093,11,0.7196040611283708,0.005037228427898595,852764578902429363772677
2026-09-20,0xe7946e1bf9111a91a219144798681f02968fb01c909ecc20845021f659e96156,325,6699102367213734333746305282321220,70468373,2,0.009598172201390759,6.71872054097353e-05,852764634400215982566009
2026-09-20,0xe7946e1bf9111a91a219144798681f02968fb01c909ecc20845021f659e96156,326,6753300322991201601308348978314735,70478170,2,0.08117032266911209,0.0005681922586837846,852765785142251232292427
2026-09-20,0xe7946e1bf9111a91a219144798681f02968fb01c909ecc20845021f659e96156,329,7263983011953253407682432104356482,70506932,8,0.7053809058715124,0.004937666341100588,852865315489846361268730
2026-09-20,0xe7946e1bf9111a91a219144798681f02968fb01c909ecc20845021f659e96156,330,7267203602360237866630014324218042,70515751,2,0.0041341975488314074,2.893938284181985e-05,852865606996969946784463
2026-09-20,0xe7946e1bf9111a91a219144798681f02968fb01c909ecc20845021f659e96156,333,7430001275112529500232148539381082,70539278,2,0.2043102370702781,0.0014301716594919468,852866144685864729872752
2026-09-20,0xe7946e1bf9111a91a219144798681f02968fb01c909ecc20845021f659e96156,339,7312448714101912886412412342326997,70593524,15,0.14975670237966301,0.001048296916657641,852908946567111453970026
2026-09-20,0xe7946e1bf9111a91a219144798681f02968fb01c909ecc20845021f659e96156,353,7312638141449332999952810688686197,70715095,2,0.000240064355989573,1.680450491927011e-06,852912823856737106111097
2026-09-20,0xe7946e1bf9111a91a219144798681f02968fb01c909ecc20845021f659e96156,356,7312326504220086216733299930149778,70750399,3,0.000403374421056804,2.8236209473976284e-06,852912855274410564495401
2026-09-20,0xe7946e1bf9111a91a219144798681f02968fb01c909ecc20845021f659e96156,374,7305349703714486028658618367564717,70908568,6,0.009039654097904568,6.327757868533198e-05,852913425794236932624320
2026-09-20,0xe7946e1bf9111a91a219144798681f02968fb01c909ecc20845021f659e96156,375,6924823667687250274321773533637164,70918936,34,0.9120153616889538,0.006384107531822674,853015978267948266272745
2026-09-20,0xe7946e1bf9111a91a219144798681f02968fb01c909ecc20845021f659e96156,376,6923084925114280171222595400283828,70922124,11,0.006049693157769868,4.234785210438908e-05,853028294383024678679584
2026-09-20,0xe7946e1bf9111a91a219144798681f02968fb01c909ecc20845021f659e96156,377,6832693596883827691199964310643175,70936503,21,0.13228569894375372,0.0009259998926062758,853043961855697802379920
2026-09-20,0xe7946e1bf9111a91a219144798681f02968fb01c909ecc20845021f659e96156,378,6882850252087011136210955156369119,70943611,7,0.07282337339292037,0.0005097636137504425,853052942555933635237235
2026-09-20,0xe7946e1bf9111a91a219144798681f02968fb01c909ecc20845021f659e96156,379,6852243277653384755758823263759122,70947608,3,0.044927488763259714,0.000314492421342818,853053530248832138220160
2026-09-20,0xe7946e1bf9111a91a219144798681f02968fb01c909ecc20845021f659e96156,383,6848498435053764110222690716635141,70988085,3,0.005524235995551006,3.866965196885704e-05,853058987121126115239372
2026-09-20,0xe7946e1bf9111a91a219144798681f02968fb01c909ecc20845021f659e96156,399,6842422578987623723574166045818408,71131942,3,0.00897577303459306,6.283041124215142e-05,853059655152944855060060
2026-09-20,0xe7946e1bf9111a91a219144798681f02968fb01c909ecc20845021f659e96156,401,6847330925470197692445309947930456,71143971,5,0.012057169275372656,8.440018492760859e-05,853061042387904322524343
2026-09-20,0xe7946e1bf9111a91a219144798681f02968fb01c909ecc20845021f659e96156,417,6845740821411498062663843439028841,71291278,15,0.4521537404096081,0.0031650761828672575,853107993483378569437061
2026-09-20,0xe7946e1bf9111a91a219144798681f02968fb01c909ecc20845021f659e96156,427,6822232892204688497465874858990540,71377027,3,0.034848567176913876,0.00024393997023839712,853116812291668351374311
2026-09-20,0xe7946e1bf9111a91a219144798681f02968fb01c909ecc20845021f659e96156,431,6845495758237923397806827727563911,71410082,2,0.03376445106294458,0.00023635115744061208,853121022234633694483868
2026-09-20,0xe7946e1bf9111a91a219144798681f02968fb01c909ecc20845021f659e96156,451,6846877064890234637480336327009940,71589658,2,0.001997665151656162,1.3983656061593133e-05,853125158790984443168021
2026-09-20,0xe7946e1bf9111a91a219144798681f02968fb01c909ecc20845021f659e96156,452,6847900876820401688495569086588682,71604077,2,0.001480131635811915,1.0360921450683406e-05,853125403577555315343112
2026-09-20,0xe7946e1bf9111a91a219144798681f02968fb01c909ecc20845021f659e96156,454,6847853195062714929809520397455752,71615593,10,0.03181354344386358,0.00022269480410704506,853128123247919600097802
2026-09-20,0xe7946e1bf9111a91a219144798681f02968fb01c909ecc20845021f659e96156,462,6848200609606306755834750407509742,71687334,2,0.000502168299025616,3.5151780931793117e-06,853129455088320368411089
2026-09-20,0xe7946e1bf9111a91a219144798681f02968fb01c909ecc20845021f659e96156,512,6848501451667148806634155604825971,72138235,2,0.00043480924891221005,3.0436647423854703e-06,853129516634066114570176
2026-09-20,0xe7946e1bf9111a91a219144798681f02968fb01c909ecc20845021f659e96156,531,6851264049895618563417528986647144,72308039,2,0.003991018517588198,2.7937129623117382e-05,853129569926627338975490
2026-09-20,0xe7946e1bf9111a91a219144798681f02968fb01c909ecc20845021f659e96156,540,6851248697466039518749867958797925,72385863,5,0.002710992350675126,1.897694645472588e-05,853130226263506421929868
2026-09-20,0xe7946e1bf9111a91a219144798681f02968fb01c909ecc20845021f659e96156,558,6851498980737937038010257886830654,72544689,5,0.001674404963038677,1.1720834741270737e-05,853130469554378581691794
2026-09-20,0xe7946e1bf9111a91a219144798681f02968fb01c909ecc20845021f659e96156,568,7269487510788574824736997925194863,72633579,14,0.5688821401873485,0.003982174981311439,853195149644239619341843
2026-09-20,0xe7946e1bf9111a91a219144798681f02968fb01c909ecc20845021f659e96156,571,7272255472645543162872338249250784,72655808,2,0.003549414838867815,2.4845903872074708e-05,853202864265551942913722
2026-09-20,0xe7946e1bf9111a91a219144798681f02968fb01c909ecc20845021f659e96156,573,7271752585481700380477585388190173,72680829,8,0.0030553005401929368,2.138710378135056e-05,853203566141678689545916
2026-09-20,0xe7946e1bf9111a91a219144798681f02968fb01c909ecc20845021f659e96156,581,7286188178354053066798162360614207,72744631,2,0.018469926399529133,0.00012928948479670394,853203720461274134006380
2026-09-20,0xe7946e1bf9111a91a219144798681f02968fb01c909ecc20845021f659e96156,617,7285538083231794555839362812410205,73070515,3,0.000847916759399217,5.935417315794519e-06,853206128918924891541513
2026-09-20,0xe7946e1bf9111a91a219144798681f02968fb01c909ecc20845021f659e96156,619,7286149831321887427840587729192153,73091049,2,0.000781239494384606,5.468676460692242e-06,853206237949705046346564
2026-09-20,0xe7946e1bf9111a91a219144798681f02968fb01c909ecc20845021f659e96156,631,7286478242015640665838944472440411,73196472,2,0.00041934635314183703,2.9354244719928592e-06,853206339821645799705985
2026-09-20,0xe7946e1bf9111a91a219144798681f02968fb01c909ecc20845021f659e96156,636,7287609581287783232136323219598452,73235189,2,0.001444313500494613,1.0110194503462291e-05,853206394505965141359059
2026-09-20,0xe7946e1bf9111a91a219144798681f02968fb01c909ecc20845021f659e96156,648,7287025325467459254540943222511494,73341186,3,0.000761738950044881,5.332172650314167e-06,853206582879073799839380
2026-09-20,0xe7946e1bf9111a91a219144798681f02968fb01c909ecc20845021f659e96156,652,7286231358654371985100375471449064,73382048,3,0.001035351620987082,7.2474613469095734e-06,853206680847660858943445
