inner,outer,stop,expiry_hours,pools,mean_return_pct,median_return_pct,worst_return_pct,positive_pct,touched_pct,completed_pct,stopped_pct,fees_pct
0.1,0.3,0.2,12,5,-9.014202800074411,-1.0000000000000009,-41.07101400037205,0.0,20.0,0.0,20.0,0.0
0.1,0.3,0.2,24,5,-9.014202800074411,-1.0000000000000009,-41.07101400037205,0.0,20.0,0.0,20.0,0.0
0.1,0.3,0.2,48,5,-9.014202800074411,-1.0000000000000009,-41.07101400037205,0.0,20.0,0.0,20.0,0.0
0.1,0.3,0.2,96,5,-9.00690251825825,-1.0000000000000009,-41.07101400037205,0.0,40.0,0.0,20.0,0.02168479541732598
0.1,0.3,0.35,12,5,-9.859548526691306,-1.0000000000000009,-45.29774263345653,0.0,20.0,0.0,20.0,0.0
0.1,0.3,0.35,24,5,-9.859548526691306,-1.0000000000000009,-45.29774263345653,0.0,20.0,0.0,20.0,0.0
0.1,0.3,0.35,48,5,-9.859548526691306,-1.0000000000000009,-45.29774263345653,0.0,20.0,0.0,20.0,0.0
0.1,0.3,0.35,96,5,-9.852248244875145,-1.0000000000000009,-45.29774263345653,0.0,40.0,0.0,20.0,0.02168479541732598
0.1,0.3,0.5,12,5,-12.280757420356835,-1.0000000000000009,-57.403787101784175,0.0,20.0,0.0,20.0,0.0
0.1,0.3,0.5,24,5,-12.280757420356835,-1.0000000000000009,-57.403787101784175,0.0,20.0,0.0,20.0,0.0
0.1,0.3,0.5,48,5,-12.280757420356835,-1.0000000000000009,-57.403787101784175,0.0,20.0,0.0,20.0,0.0
0.1,0.3,0.5,96,5,-12.273457138540675,-1.0000000000000009,-57.403787101784175,0.0,40.0,0.0,20.0,0.02168479541732598
0.1,0.5,0.2,12,5,-9.999106351092935,-1.0000000000000009,-45.99553175546468,0.0,20.0,0.0,20.0,0.6841466990334093
0.1,0.5,0.2,24,5,-9.999106351092935,-1.0000000000000009,-45.99553175546468,0.0,20.0,0.0,20.0,0.6841466990334093
0.1,0.5,0.2,48,5,-9.999106351092935,-1.0000000000000009,-45.99553175546468,0.0,20.0,0.0,20.0,0.6841466990334093
0.1,0.5,0.2,96,5,-9.99571723958849,-1.0000000000000009,-45.99553175546468,0.0,40.0,0.0,20.0,0.6942061620012059
0.1,0.5,0.35,12,5,-10.093697707345866,-1.0000000000000009,-46.46848853672934,0.0,20.0,0.0,0.0,0.6841466990334093
0.1,0.5,0.35,24,5,-10.436514729305514,-1.0000000000000009,-48.18257364652758,0.0,20.0,0.0,0.0,0.6841466990334093
0.1,0.5,0.35,48,5,-10.444915513886803,-1.0000000000000009,-48.224577569434025,0.0,20.0,0.0,0.0,0.6841466990334093
0.1,0.5,0.35,96,5,-10.60732988396008,-1.0000000000000009,-49.05359497732263,0.0,40.0,0.0,0.0,0.6942061620012059
0.1,0.5,0.5,12,5,-10.093697707345866,-1.0000000000000009,-46.46848853672934,0.0,20.0,0.0,0.0,0.6841466990334093
0.1,0.5,0.5,24,5,-10.436514729305514,-1.0000000000000009,-48.18257364652758,0.0,20.0,0.0,0.0,0.6841466990334093
0.1,0.5,0.5,48,5,-10.444915513886803,-1.0000000000000009,-48.224577569434025,0.0,20.0,0.0,0.0,0.6841466990334093
0.1,0.5,0.5,96,5,-10.60732988396008,-1.0000000000000009,-49.05359497732263,0.0,40.0,0.0,0.0,0.6942061620012059
0.1,0.7,0.2,12,5,-7.445706163327303,-1.0000000000000009,-33.228530816636514,0.0,20.0,0.0,0.0,0.48781600039292944
0.1,0.7,0.2,24,5,-7.826273284628148,-1.0000000000000009,-35.13136642314074,0.0,20.0,0.0,0.0,0.49054006697076885
0.1,0.7,0.2,48,5,-7.8358151106490315,-1.0000000000000009,-35.179075553245156,0.0,20.0,0.0,0.0,0.49060425691257664
0.1,0.7,0.2,96,5,-8.022620391711651,-1.0000000000000009,-36.12331553944013,0.0,40.0,0.0,0.0,0.4995527120541552
0.1,0.7,0.35,12,5,-7.445706163327303,-1.0000000000000009,-33.228530816636514,0.0,20.0,0.0,0.0,0.48781600039292944
0.1,0.7,0.35,24,5,-7.826273284628148,-1.0000000000000009,-35.13136642314074,0.0,20.0,0.0,0.0,0.49054006697076885
0.1,0.7,0.35,48,5,-7.8358151106490315,-1.0000000000000009,-35.179075553245156,0.0,20.0,0.0,0.0,0.49060425691257664
0.1,0.7,0.35,96,5,-8.022620391711651,-1.0000000000000009,-36.12331553944013,0.0,40.0,0.0,0.0,0.4995527120541552
0.1,0.7,0.5,12,5,-7.445706163327303,-1.0000000000000009,-33.228530816636514,0.0,20.0,0.0,0.0,0.48781600039292944
0.1,0.7,0.5,24,5,-7.826273284628148,-1.0000000000000009,-35.13136642314074,0.0,20.0,0.0,0.0,0.49054006697076885
0.1,0.7,0.5,48,5,-7.8358151106490315,-1.0000000000000009,-35.179075553245156,0.0,20.0,0.0,0.0,0.49060425691257664
0.1,0.7,0.5,96,5,-8.022620391711651,-1.0000000000000009,-36.12331553944013,0.0,40.0,0.0,0.0,0.4995527120541552
0.2,0.3,0.2,12,5,-8.287142283008823,-1.0000000000000009,-37.43571141504412,0.0,20.0,0.0,20.0,0.0
0.2,0.3,0.2,24,5,-8.287142283008823,-1.0000000000000009,-37.43571141504412,0.0,20.0,0.0,20.0,0.0
0.2,0.3,0.2,48,5,-8.287142283008823,-1.0000000000000009,-37.43571141504412,0.0,20.0,0.0,20.0,0.0
0.2,0.3,0.2,96,5,-8.287142283008823,-1.0000000000000009,-37.43571141504412,0.0,20.0,0.0,20.0,0.0
0.2,0.3,0.35,12,5,-9.183766826615637,-1.0000000000000009,-41.918834133078185,0.0,20.0,0.0,20.0,0.0
0.2,0.3,0.35,24,5,-9.183766826615637,-1.0000000000000009,-41.918834133078185,0.0,20.0,0.0,20.0,0.0
0.2,0.3,0.35,48,5,-9.183766826615637,-1.0000000000000009,-41.918834133078185,0.0,20.0,0.0,20.0,0.0
0.2,0.3,0.35,96,5,-9.183766826615637,-1.0000000000000009,-41.918834133078185,0.0,20.0,0.0,20.0,0.0
0.2,0.3,0.5,12,5,-11.75184666768575,-1.0000000000000009,-54.75923333842876,0.0,20.0,0.0,20.0,0.0
0.2,0.3,0.5,24,5,-11.75184666768575,-1.0000000000000009,-54.75923333842876,0.0,20.0,0.0,20.0,0.0
0.2,0.3,0.5,48,5,-11.75184666768575,-1.0000000000000009,-54.75923333842876,0.0,20.0,0.0,20.0,0.0
0.2,0.3,0.5,96,5,-11.75184666768575,-1.0000000000000009,-54.75923333842876,0.0,20.0,0.0,20.0,0.0
0.2,0.5,0.2,12,5,-9.175780446004904,-1.0000000000000009,-41.878902230024536,0.0,20.0,0.0,20.0,0.8816569619331585
0.2,0.5,0.2,24,5,-9.175780446004904,-1.0000000000000009,-41.878902230024536,0.0,20.0,0.0,20.0,0.8816569619331585
0.2,0.5,0.2,48,5,-9.175780446004904,-1.0000000000000009,-41.878902230024536,0.0,20.0,0.0,20.0,0.8816569619331585
0.2,0.5,0.2,96,5,-9.175780446004904,-1.0000000000000009,-41.878902230024536,0.0,20.0,0.0,20.0,0.8816569619331585
0.2,0.5,0.35,12,5,-9.276109730177023,-1.0000000000000009,-42.38054865088513,0.0,20.0,0.0,0.0,0.8816569619331585
0.2,0.5,0.35,24,5,-9.63972209157779,-1.0000000000000009,-44.19861045788897,0.0,20.0,0.0,0.0,0.8816569619331585
0.2,0.5,0.35,48,5,-9.648632469194864,-1.0000000000000009,-44.24316234597434,0.0,20.0,0.0,0.0,0.8816569619331585
0.2,0.5,0.35,96,5,-9.82449361844678,-1.0000000000000009,-45.12246809223392,0.0,20.0,0.0,0.0,0.8816569619331585
0.2,0.5,0.5,12,5,-9.276109730177023,-1.0000000000000009,-42.38054865088513,0.0,20.0,0.0,0.0,0.8816569619331585
0.2,0.5,0.5,24,5,-9.63972209157779,-1.0000000000000009,-44.19861045788897,0.0,20.0,0.0,0.0,0.8816569619331585
0.2,0.5,0.5,48,5,-9.648632469194864,-1.0000000000000009,-44.24316234597434,0.0,20.0,0.0,0.0,0.8816569619331585
0.2,0.5,0.5,96,5,-9.82449361844678,-1.0000000000000009,-45.12246809223392,0.0,20.0,0.0,0.0,0.8816569619331585
0.2,0.7,0.2,12,5,-6.589371446999245,-1.0000000000000009,-28.946857234996205,0.0,20.0,0.0,0.0,0.5640196267186308
0.2,0.7,0.2,24,5,-6.987082343304681,-1.0000000000000009,-30.935411716523387,0.0,20.0,0.0,0.0,0.5671692311787742
0.2,0.7,0.2,48,5,-6.997078076728682,-1.0000000000000009,-30.985390383643395,0.0,20.0,0.0,0.0,0.5672434485011666
0.2,0.7,0.2,96,5,-7.194967167570281,-1.0000000000000009,-31.97483583785139,0.0,20.0,0.0,0.0,0.5705813128392471
0.2,0.7,0.35,12,5,-6.589371446999245,-1.0000000000000009,-28.946857234996205,0.0,20.0,0.0,0.0,0.5640196267186308
0.2,0.7,0.35,24,5,-6.987082343304681,-1.0000000000000009,-30.935411716523387,0.0,20.0,0.0,0.0,0.5671692311787742
0.2,0.7,0.35,48,5,-6.997078076728682,-1.0000000000000009,-30.985390383643395,0.0,20.0,0.0,0.0,0.5672434485011666
0.2,0.7,0.35,96,5,-7.194967167570281,-1.0000000000000009,-31.97483583785139,0.0,20.0,0.0,0.0,0.5705813128392471
0.2,0.7,0.5,12,5,-6.589371446999245,-1.0000000000000009,-28.946857234996205,0.0,20.0,0.0,0.0,0.5640196267186308
0.2,0.7,0.5,24,5,-6.987082343304681,-1.0000000000000009,-30.935411716523387,0.0,20.0,0.0,0.0,0.5671692311787742
0.2,0.7,0.5,48,5,-6.997078076728682,-1.0000000000000009,-30.985390383643395,0.0,20.0,0.0,0.0,0.5672434485011666
0.2,0.7,0.5,96,5,-7.194967167570281,-1.0000000000000009,-31.97483583785139,0.0,20.0,0.0,0.0,0.5705813128392471
0.3,0.5,0.2,12,5,-8.02898184234304,-1.0000000000000009,-36.1449092117152,0.0,20.0,0.0,20.0,1.272926685421319
0.3,0.5,0.2,24,5,-8.02898184234304,-1.0000000000000009,-36.1449092117152,0.0,20.0,0.0,20.0,1.272926685421319
0.3,0.5,0.2,48,5,-8.02898184234304,-1.0000000000000009,-36.1449092117152,0.0,20.0,0.0,20.0,1.272926685421319
0.3,0.5,0.2,96,5,-8.02898184234304,-1.0000000000000009,-36.1449092117152,0.0,20.0,0.0,20.0,1.272926685421319
0.3,0.5,0.35,12,5,-8.136238358695142,-1.0000000000000009,-36.68119179347571,0.0,20.0,0.0,0.0,1.272926685421319
0.3,0.5,0.35,24,5,-8.524956323825851,-1.0000000000000009,-38.624781619129266,0.0,20.0,0.0,0.0,1.272926685421319
0.3,0.5,0.35,48,5,-8.534481918177246,-1.0000000000000009,-38.67240959088624,0.0,20.0,0.0,0.0,1.272926685421319
0.3,0.5,0.35,96,5,-8.722485394790102,-1.0000000000000009,-39.61242697395051,0.0,20.0,0.0,0.0,1.272926685421319
0.3,0.5,0.5,12,5,-8.136238358695142,-1.0000000000000009,-36.68119179347571,0.0,20.0,0.0,0.0,1.272926685421319
0.3,0.5,0.5,24,5,-8.524956323825851,-1.0000000000000009,-38.624781619129266,0.0,20.0,0.0,0.0,1.272926685421319
0.3,0.5,0.5,48,5,-8.534481918177246,-1.0000000000000009,-38.67240959088624,0.0,20.0,0.0,0.0,1.272926685421319
0.3,0.5,0.5,96,5,-8.722485394790102,-1.0000000000000009,-39.61242697395051,0.0,20.0,0.0,0.0,1.272926685421319
0.3,0.7,0.2,12,5,-5.540526264564241,-1.000000000000012,-23.702631322821166,0.0,20.0,0.0,0.0,0.6765444546348004
0.3,0.7,0.2,24,5,-5.956312608004831,-1.000000000000012,-25.781563040024114,0.0,20.0,0.0,0.0,0.6803224230318514
0.3,0.7,0.2,48,5,-5.966801217427611,-1.000000000000012,-25.834006087138018,0.0,20.0,0.0,0.0,0.6804114471308785
0.3,0.7,0.2,96,5,-6.174540116039052,-1.000000000000012,-26.872700580195218,0.0,20.0,0.0,0.0,0.684415234347443
0.3,0.7,0.35,12,5,-5.540526264564241,-1.000000000000012,-23.702631322821166,0.0,20.0,0.0,0.0,0.6765444546348004
0.3,0.7,0.35,24,5,-5.956312608004831,-1.000000000000012,-25.781563040024114,0.0,20.0,0.0,0.0,0.6803224230318514
0.3,0.7,0.35,48,5,-5.966801217427611,-1.000000000000012,-25.834006087138018,0.0,20.0,0.0,0.0,0.6804114471308785
0.3,0.7,0.35,96,5,-6.174540116039052,-1.000000000000012,-26.872700580195218,0.0,20.0,0.0,0.0,0.684415234347443
0.3,0.7,0.5,12,5,-5.540526264564241,-1.000000000000012,-23.702631322821166,0.0,20.0,0.0,0.0,0.6765444546348004
0.3,0.7,0.5,24,5,-5.956312608004831,-1.000000000000012,-25.781563040024114,0.0,20.0,0.0,0.0,0.6803224230318514
0.3,0.7,0.5,48,5,-5.966801217427611,-1.000000000000012,-25.834006087138018,0.0,20.0,0.0,0.0,0.6804114471308785
0.3,0.7,0.5,96,5,-6.174540116039052,-1.000000000000012,-26.872700580195218,0.0,20.0,0.0,0.0,0.684415234347443
