width,stop,expiry_hours,pools,mean_return_pct,median_return_pct,worst_return_pct,positive_pct,stopped_pct,fees_pct
0.2,0.1,1,5,-7.116366614672222,-0.9995833197363857,-31.614086962716957,0.0,20.0,1.7798112668583286
0.2,0.1,2,5,-6.91075378801921,-0.9995833197363857,-31.614086962716957,20.0,20.0,1.7894130556228736
0.2,0.1,4,5,-6.882786784285818,-0.9995833197363857,-31.614086962716957,20.0,20.0,1.7908317629331485
0.2,0.1,6,5,-6.902412237249797,-0.9995833197363857,-31.614086962716957,20.0,20.0,1.7943125609854458
0.2,0.1,12,5,-8.370716234523705,-2.9183653647425034,-31.614086962716957,0.0,20.0,1.8485127613241628
0.2,0.2,1,5,-7.116366614672222,-0.9995833197363857,-31.614086962716957,0.0,20.0,1.7798112668583286
0.2,0.2,2,5,-6.91075378801921,-0.9995833197363857,-31.614086962716957,20.0,20.0,1.7894130556228736
0.2,0.2,4,5,-6.882786784285818,-0.9995833197363857,-31.614086962716957,20.0,20.0,1.7908317629331485
0.2,0.2,6,5,-6.902412237249797,-0.9995833197363857,-31.614086962716957,20.0,20.0,1.7943125609854458
0.2,0.2,12,5,-8.370716234523705,-2.9183653647425034,-31.614086962716957,0.0,20.0,1.8485127613241628
0.2,0.3,1,5,-7.116366614672222,-0.9995833197363857,-31.614086962716957,0.0,20.0,1.7798112668583286
0.2,0.3,2,5,-6.91075378801921,-0.9995833197363857,-31.614086962716957,20.0,20.0,1.7894130556228736
0.2,0.3,4,5,-6.882786784285818,-0.9995833197363857,-31.614086962716957,20.0,20.0,1.7908317629331485
0.2,0.3,6,5,-6.902412237249797,-0.9995833197363857,-31.614086962716957,20.0,20.0,1.7943125609854458
0.2,0.3,12,5,-8.370716234523705,-2.9183653647425034,-31.614086962716957,0.0,20.0,1.8485127613241628
0.4,0.1,1,5,-7.385745879675527,-0.9997648520067348,-32.940511514914036,0.0,20.0,1.0032606351464382
0.4,0.1,2,5,-7.17717664698219,-0.9997648520067348,-32.940511514914036,20.0,20.0,1.008675161735227
0.4,0.1,4,5,-7.147641032405706,-0.9997648520067348,-32.940511514914036,20.0,20.0,1.009474918098217
0.4,0.1,6,5,-7.172133511786754,-0.9997648520067348,-32.940511514914036,20.0,20.0,1.0114367252080982
0.4,0.1,12,5,-8.578017605503744,-2.88006636176259,-32.940511514914036,0.0,20.0,1.042066857273547
0.4,0.2,1,5,-7.385745879675527,-0.9997648520067348,-32.940511514914036,0.0,20.0,1.0032606351464382
0.4,0.2,2,5,-7.17717664698219,-0.9997648520067348,-32.940511514914036,20.0,20.0,1.008675161735227
0.4,0.2,4,5,-7.147641032405706,-0.9997648520067348,-32.940511514914036,20.0,20.0,1.009474918098217
0.4,0.2,6,5,-7.172133511786754,-0.9997648520067348,-32.940511514914036,20.0,20.0,1.0114367252080982
0.4,0.2,12,5,-8.578017605503744,-2.88006636176259,-32.940511514914036,0.0,20.0,1.042066857273547
0.4,0.3,1,5,-7.385745879675527,-0.9997648520067348,-32.940511514914036,0.0,20.0,1.0032606351464382
0.4,0.3,2,5,-7.17717664698219,-0.9997648520067348,-32.940511514914036,20.0,20.0,1.008675161735227
0.4,0.3,4,5,-7.147641032405706,-0.9997648520067348,-32.940511514914036,20.0,20.0,1.009474918098217
0.4,0.3,6,5,-7.172133511786754,-0.9997648520067348,-32.940511514914036,20.0,20.0,1.0114367252080982
0.4,0.3,12,5,-8.578017605503744,-2.88006636176259,-32.940511514914036,0.0,20.0,1.042066857273547
0.7,0.1,1,5,-7.024936920674672,-0.9998435517278859,-31.12669451754806,0.0,20.0,0.6670909155134368
0.7,0.1,2,5,-6.815097013397076,-0.9998435517278859,-31.12669451754806,20.0,20.0,0.6706921143543221
0.7,0.1,4,5,-6.784884918380956,-0.9998435517278859,-31.12669451754806,20.0,20.0,0.6712239560004009
0.7,0.1,6,5,-6.811480092414134,-0.9998435517278859,-31.12669451754806,20.0,20.0,0.6725284532240355
0.7,0.1,12,5,-8.190500233064068,-2.8635368952438123,-31.12669451754806,0.0,20.0,0.6928996953513484
0.7,0.2,1,5,-7.024936920674672,-0.9998435517278859,-31.12669451754806,0.0,20.0,0.6670909155134368
0.7,0.2,2,5,-6.815097013397076,-0.9998435517278859,-31.12669451754806,20.0,20.0,0.6706921143543221
0.7,0.2,4,5,-6.784884918380956,-0.9998435517278859,-31.12669451754806,20.0,20.0,0.6712239560004009
0.7,0.2,6,5,-6.811480092414134,-0.9998435517278859,-31.12669451754806,20.0,20.0,0.6725284532240355
0.7,0.2,12,5,-8.190500233064068,-2.8635368952438123,-31.12669451754806,0.0,20.0,0.6928996953513484
0.7,0.3,1,5,-7.024936920674672,-0.9998435517278859,-31.12669451754806,0.0,20.0,0.6670909155134368
0.7,0.3,2,5,-6.815097013397076,-0.9998435517278859,-31.12669451754806,20.0,20.0,0.6706921143543221
0.7,0.3,4,5,-6.784884918380956,-0.9998435517278859,-31.12669451754806,20.0,20.0,0.6712239560004009
0.7,0.3,6,5,-6.811480092414134,-0.9998435517278859,-31.12669451754806,20.0,20.0,0.6725284532240355
0.7,0.3,12,5,-8.190500233064068,-2.8635368952438123,-31.12669451754806,0.0,20.0,0.6928996953513484
1.0,0.1,1,5,-6.470511327474879,-0.9998754608225746,-28.350599659032085,0.0,20.0,0.7195228276812797
1.0,0.1,2,5,-6.260158109168888,-0.9998754608225746,-28.350599659032085,20.0,20.0,0.7223891460221797
1.0,0.1,4,5,-6.229672343096455,-0.9998754608225746,-28.350599659032085,20.0,20.0,0.7228124326731886
1.0,0.1,6,5,-6.257118808692246,-0.9998754608225746,-28.350599659032085,20.0,20.0,0.7238506304404762
1.0,0.1,12,5,-7.625271507527588,-2.8568477034597084,-28.350599659032085,0.0,20.0,0.7400645468374676
1.0,0.2,1,5,-6.470511327474879,-0.9998754608225746,-28.350599659032085,0.0,20.0,0.7195228276812797
1.0,0.2,2,5,-6.260158109168888,-0.9998754608225746,-28.350599659032085,20.0,20.0,0.7223891460221797
1.0,0.2,4,5,-6.229672343096455,-0.9998754608225746,-28.350599659032085,20.0,20.0,0.7228124326731886
1.0,0.2,6,5,-6.257118808692246,-0.9998754608225746,-28.350599659032085,20.0,20.0,0.7238506304404762
1.0,0.2,12,5,-7.625271507527588,-2.8568477034597084,-28.350599659032085,0.0,20.0,0.7400645468374676
1.0,0.3,1,5,-6.470511327474879,-0.9998754608225746,-28.350599659032085,0.0,20.0,0.7195228276812797
1.0,0.3,2,5,-6.260158109168888,-0.9998754608225746,-28.350599659032085,20.0,20.0,0.7223891460221797
1.0,0.3,4,5,-6.229672343096455,-0.9998754608225746,-28.350599659032085,20.0,20.0,0.7228124326731886
1.0,0.3,6,5,-6.257118808692246,-0.9998754608225746,-28.350599659032085,20.0,20.0,0.7238506304404762
1.0,0.3,12,5,-7.625271507527588,-2.8568477034597084,-28.350599659032085,0.0,20.0,0.7400645468374676
