target_pct,stop_pct,hold_hours,friction_pct,delay_minutes,day,pool_id,return_pct,trigger,ambiguous_bar,fill_delay_minutes
50.0,20.0,4,5.0,0,2026-09-13,0x15645306225545e19ec7b5755cf83d059336c2979753caea28ecb06e5cdfb9e4,42.499999999999986,target,False,0
50.0,20.0,4,5.0,0,2026-09-13,0xb9fd90172ebf1a94886912a4f9efafb66594cf41dd1ad95461ac46f831247996,42.499999999999986,target,False,0
50.0,20.0,4,5.0,0,2026-09-15,0x2f4d1a75c5c884e70fd17a737a6b62bc008248fcbb2c31276adc1a3f1528b3bf,42.499999999999986,target,False,0
50.0,20.0,4,5.0,0,2026-09-15,0xe052e30aab03360c62acc51561b84a7a04056164ca1aafb5f244958c6cd00056,42.499999999999986,target,False,0
50.0,20.0,4,5.0,0,2026-09-17,0x4fc50f1180d5a96169cb66a218d56fbeff9a22f2d38ed3c1a44160814682de51,42.499999999999986,target,False,0
50.0,20.0,4,5.0,0,2026-09-17,0x47b071c2ca1b6f377b6003bd759a08555a008e89dc4d7fe7ed50599c91806402,42.499999999999986,target,False,0
50.0,20.0,4,5.0,0,2026-09-20,0xf058c87bc11ccad23489271b8aee6b63fe505ae7eb4b8b284e2b3ee5bde65861,20.486771829183283,timeout,False,0
50.0,20.0,4,5.0,0,2026-09-20,0xc2322605f92ab672c42d05c56f0ca3c09d0c8a471d7e6d8122ca9b42885fce61,42.499999999999986,target,False,0
50.0,20.0,4,5.0,15,2026-09-13,0x15645306225545e19ec7b5755cf83d059336c2979753caea28ecb06e5cdfb9e4,42.499999999999986,target,False,15
50.0,20.0,4,5.0,15,2026-09-13,0xb9fd90172ebf1a94886912a4f9efafb66594cf41dd1ad95461ac46f831247996,35.66022326121843,target,False,15
50.0,20.0,4,5.0,15,2026-09-15,0x2f4d1a75c5c884e70fd17a737a6b62bc008248fcbb2c31276adc1a3f1528b3bf,42.499999999999986,target,False,15
50.0,20.0,4,5.0,15,2026-09-15,0xe052e30aab03360c62acc51561b84a7a04056164ca1aafb5f244958c6cd00056,42.499999999999986,target,False,15
50.0,20.0,4,5.0,15,2026-09-17,0x4fc50f1180d5a96169cb66a218d56fbeff9a22f2d38ed3c1a44160814682de51,42.499999999999986,target,False,15
50.0,20.0,4,5.0,15,2026-09-17,0x47b071c2ca1b6f377b6003bd759a08555a008e89dc4d7fe7ed50599c91806402,42.499999999999986,target,False,15
50.0,20.0,4,5.0,15,2026-09-20,0xf058c87bc11ccad23489271b8aee6b63fe505ae7eb4b8b284e2b3ee5bde65861,20.486771829183283,timeout,False,15
50.0,20.0,4,5.0,15,2026-09-20,0xc2322605f92ab672c42d05c56f0ca3c09d0c8a471d7e6d8122ca9b42885fce61,32.1110691818427,target,False,15
50.0,20.0,4,5.0,30,2026-09-13,0x15645306225545e19ec7b5755cf83d059336c2979753caea28ecb06e5cdfb9e4,42.499999999999986,target,False,30
50.0,20.0,4,5.0,30,2026-09-13,0xb9fd90172ebf1a94886912a4f9efafb66594cf41dd1ad95461ac46f831247996,-5.703565292295432,target,False,30
50.0,20.0,4,5.0,30,2026-09-15,0x2f4d1a75c5c884e70fd17a737a6b62bc008248fcbb2c31276adc1a3f1528b3bf,42.499999999999986,target,False,30
50.0,20.0,4,5.0,30,2026-09-15,0xe052e30aab03360c62acc51561b84a7a04056164ca1aafb5f244958c6cd00056,42.499999999999986,target,False,30
50.0,20.0,4,5.0,30,2026-09-17,0x4fc50f1180d5a96169cb66a218d56fbeff9a22f2d38ed3c1a44160814682de51,41.53647902065578,target,False,30
50.0,20.0,4,5.0,30,2026-09-17,0x47b071c2ca1b6f377b6003bd759a08555a008e89dc4d7fe7ed50599c91806402,42.499999999999986,target,False,30
50.0,20.0,4,5.0,30,2026-09-20,0xf058c87bc11ccad23489271b8aee6b63fe505ae7eb4b8b284e2b3ee5bde65861,20.486771829183283,timeout,False,30
50.0,20.0,4,5.0,30,2026-09-20,0xc2322605f92ab672c42d05c56f0ca3c09d0c8a471d7e6d8122ca9b42885fce61,31.12561538196004,target,False,30
50.0,20.0,4,8.0,0,2026-09-13,0x15645306225545e19ec7b5755cf83d059336c2979753caea28ecb06e5cdfb9e4,38.000000000000014,target,False,0
50.0,20.0,4,8.0,0,2026-09-13,0xb9fd90172ebf1a94886912a4f9efafb66594cf41dd1ad95461ac46f831247996,38.000000000000014,target,False,0
50.0,20.0,4,8.0,0,2026-09-15,0x2f4d1a75c5c884e70fd17a737a6b62bc008248fcbb2c31276adc1a3f1528b3bf,38.000000000000014,target,False,0
50.0,20.0,4,8.0,0,2026-09-15,0xe052e30aab03360c62acc51561b84a7a04056164ca1aafb5f244958c6cd00056,38.000000000000014,target,False,0
50.0,20.0,4,8.0,0,2026-09-17,0x4fc50f1180d5a96169cb66a218d56fbeff9a22f2d38ed3c1a44160814682de51,38.000000000000014,target,False,0
50.0,20.0,4,8.0,0,2026-09-17,0x47b071c2ca1b6f377b6003bd759a08555a008e89dc4d7fe7ed50599c91806402,38.000000000000014,target,False,0
50.0,20.0,4,8.0,0,2026-09-20,0xf058c87bc11ccad23489271b8aee6b63fe505ae7eb4b8b284e2b3ee5bde65861,16.68192640299855,timeout,False,0
50.0,20.0,4,8.0,0,2026-09-20,0xc2322605f92ab672c42d05c56f0ca3c09d0c8a471d7e6d8122ca9b42885fce61,38.000000000000014,target,False,0
50.0,20.0,4,8.0,15,2026-09-13,0x15645306225545e19ec7b5755cf83d059336c2979753caea28ecb06e5cdfb9e4,38.000000000000014,target,False,15
50.0,20.0,4,8.0,15,2026-09-13,0xb9fd90172ebf1a94886912a4f9efafb66594cf41dd1ad95461ac46f831247996,31.376216210864172,target,False,15
50.0,20.0,4,8.0,15,2026-09-15,0x2f4d1a75c5c884e70fd17a737a6b62bc008248fcbb2c31276adc1a3f1528b3bf,38.000000000000014,target,False,15
50.0,20.0,4,8.0,15,2026-09-15,0xe052e30aab03360c62acc51561b84a7a04056164ca1aafb5f244958c6cd00056,38.000000000000014,target,False,15
50.0,20.0,4,8.0,15,2026-09-17,0x4fc50f1180d5a96169cb66a218d56fbeff9a22f2d38ed3c1a44160814682de51,38.000000000000014,target,False,15
50.0,20.0,4,8.0,15,2026-09-17,0x47b071c2ca1b6f377b6003bd759a08555a008e89dc4d7fe7ed50599c91806402,38.000000000000014,target,False,15
50.0,20.0,4,8.0,15,2026-09-20,0xf058c87bc11ccad23489271b8aee6b63fe505ae7eb4b8b284e2b3ee5bde65861,16.68192640299855,timeout,False,15
50.0,20.0,4,8.0,15,2026-09-20,0xc2322605f92ab672c42d05c56f0ca3c09d0c8a471d7e6d8122ca9b42885fce61,27.939140681363472,target,False,15
50.0,20.0,4,8.0,30,2026-09-13,0x15645306225545e19ec7b5755cf83d059336c2979753caea28ecb06e5cdfb9e4,38.000000000000014,target,False,30
50.0,20.0,4,8.0,30,2026-09-13,0xb9fd90172ebf1a94886912a4f9efafb66594cf41dd1ad95461ac46f831247996,-8.681347440959774,target,False,30
50.0,20.0,4,8.0,30,2026-09-15,0x2f4d1a75c5c884e70fd17a737a6b62bc008248fcbb2c31276adc1a3f1528b3bf,38.000000000000014,target,False,30
50.0,20.0,4,8.0,30,2026-09-15,0xe052e30aab03360c62acc51561b84a7a04056164ca1aafb5f244958c6cd00056,38.000000000000014,target,False,30
50.0,20.0,4,8.0,30,2026-09-17,0x4fc50f1180d5a96169cb66a218d56fbeff9a22f2d38ed3c1a44160814682de51,37.06690599895086,target,False,30
50.0,20.0,4,8.0,30,2026-09-17,0x47b071c2ca1b6f377b6003bd759a08555a008e89dc4d7fe7ed50599c91806402,38.000000000000014,target,False,30
50.0,20.0,4,8.0,30,2026-09-20,0xf058c87bc11ccad23489271b8aee6b63fe505ae7eb4b8b284e2b3ee5bde65861,16.68192640299855,timeout,False,30
50.0,20.0,4,8.0,30,2026-09-20,0xc2322605f92ab672c42d05c56f0ca3c09d0c8a471d7e6d8122ca9b42885fce61,26.984806475161307,target,False,30
50.0,20.0,4,10.0,0,2026-09-13,0x15645306225545e19ec7b5755cf83d059336c2979753caea28ecb06e5cdfb9e4,35.00000000000001,target,False,0
50.0,20.0,4,10.0,0,2026-09-13,0xb9fd90172ebf1a94886912a4f9efafb66594cf41dd1ad95461ac46f831247996,35.00000000000001,target,False,0
50.0,20.0,4,10.0,0,2026-09-15,0x2f4d1a75c5c884e70fd17a737a6b62bc008248fcbb2c31276adc1a3f1528b3bf,35.00000000000001,target,False,0
50.0,20.0,4,10.0,0,2026-09-15,0xe052e30aab03360c62acc51561b84a7a04056164ca1aafb5f244958c6cd00056,35.00000000000001,target,False,0
50.0,20.0,4,10.0,0,2026-09-17,0x4fc50f1180d5a96169cb66a218d56fbeff9a22f2d38ed3c1a44160814682de51,35.00000000000001,target,False,0
50.0,20.0,4,10.0,0,2026-09-17,0x47b071c2ca1b6f377b6003bd759a08555a008e89dc4d7fe7ed50599c91806402,35.00000000000001,target,False,0
50.0,20.0,4,10.0,0,2026-09-20,0xf058c87bc11ccad23489271b8aee6b63fe505ae7eb4b8b284e2b3ee5bde65861,14.145362785542059,timeout,False,0
50.0,20.0,4,10.0,0,2026-09-20,0xc2322605f92ab672c42d05c56f0ca3c09d0c8a471d7e6d8122ca9b42885fce61,35.00000000000001,target,False,0
50.0,20.0,4,10.0,15,2026-09-13,0x15645306225545e19ec7b5755cf83d059336c2979753caea28ecb06e5cdfb9e4,35.00000000000001,target,False,15
50.0,20.0,4,10.0,15,2026-09-13,0xb9fd90172ebf1a94886912a4f9efafb66594cf41dd1ad95461ac46f831247996,28.52021151062798,target,False,15
50.0,20.0,4,10.0,15,2026-09-15,0x2f4d1a75c5c884e70fd17a737a6b62bc008248fcbb2c31276adc1a3f1528b3bf,35.00000000000001,target,False,15
50.0,20.0,4,10.0,15,2026-09-15,0xe052e30aab03360c62acc51561b84a7a04056164ca1aafb5f244958c6cd00056,35.00000000000001,target,False,15
50.0,20.0,4,10.0,15,2026-09-17,0x4fc50f1180d5a96169cb66a218d56fbeff9a22f2d38ed3c1a44160814682de51,35.00000000000001,target,False,15
50.0,20.0,4,10.0,15,2026-09-17,0x47b071c2ca1b6f377b6003bd759a08555a008e89dc4d7fe7ed50599c91806402,35.00000000000001,target,False,15
50.0,20.0,4,10.0,15,2026-09-20,0xf058c87bc11ccad23489271b8aee6b63fe505ae7eb4b8b284e2b3ee5bde65861,14.145362785542059,timeout,False,15
50.0,20.0,4,10.0,15,2026-09-20,0xc2322605f92ab672c42d05c56f0ca3c09d0c8a471d7e6d8122ca9b42885fce61,25.157855014377304,target,False,15
50.0,20.0,4,10.0,30,2026-09-13,0x15645306225545e19ec7b5755cf83d059336c2979753caea28ecb06e5cdfb9e4,35.00000000000001,target,False,30
50.0,20.0,4,10.0,30,2026-09-13,0xb9fd90172ebf1a94886912a4f9efafb66594cf41dd1ad95461ac46f831247996,-10.666535540069344,target,False,30
50.0,20.0,4,10.0,30,2026-09-15,0x2f4d1a75c5c884e70fd17a737a6b62bc008248fcbb2c31276adc1a3f1528b3bf,35.00000000000001,target,False,30
50.0,20.0,4,10.0,30,2026-09-15,0xe052e30aab03360c62acc51561b84a7a04056164ca1aafb5f244958c6cd00056,35.00000000000001,target,False,30
50.0,20.0,4,10.0,30,2026-09-17,0x4fc50f1180d5a96169cb66a218d56fbeff9a22f2d38ed3c1a44160814682de51,34.08719065114758,target,False,30
50.0,20.0,4,10.0,30,2026-09-17,0x47b071c2ca1b6f377b6003bd759a08555a008e89dc4d7fe7ed50599c91806402,35.00000000000001,target,False,30
50.0,20.0,4,10.0,30,2026-09-20,0xf058c87bc11ccad23489271b8aee6b63fe505ae7eb4b8b284e2b3ee5bde65861,14.145362785542059,timeout,False,30
50.0,20.0,4,10.0,30,2026-09-20,0xc2322605f92ab672c42d05c56f0ca3c09d0c8a471d7e6d8122ca9b42885fce61,24.224267203962157,target,False,30
50.0,20.0,4,12.0,0,2026-09-13,0x15645306225545e19ec7b5755cf83d059336c2979753caea28ecb06e5cdfb9e4,32.00000000000001,target,False,0
50.0,20.0,4,12.0,0,2026-09-13,0xb9fd90172ebf1a94886912a4f9efafb66594cf41dd1ad95461ac46f831247996,32.00000000000001,target,False,0
50.0,20.0,4,12.0,0,2026-09-15,0x2f4d1a75c5c884e70fd17a737a6b62bc008248fcbb2c31276adc1a3f1528b3bf,32.00000000000001,target,False,0
50.0,20.0,4,12.0,0,2026-09-15,0xe052e30aab03360c62acc51561b84a7a04056164ca1aafb5f244958c6cd00056,32.00000000000001,target,False,0
50.0,20.0,4,12.0,0,2026-09-17,0x4fc50f1180d5a96169cb66a218d56fbeff9a22f2d38ed3c1a44160814682de51,32.00000000000001,target,False,0
50.0,20.0,4,12.0,0,2026-09-17,0x47b071c2ca1b6f377b6003bd759a08555a008e89dc4d7fe7ed50599c91806402,32.00000000000001,target,False,0
50.0,20.0,4,12.0,0,2026-09-20,0xf058c87bc11ccad23489271b8aee6b63fe505ae7eb4b8b284e2b3ee5bde65861,11.608799168085572,timeout,False,0
50.0,20.0,4,12.0,0,2026-09-20,0xc2322605f92ab672c42d05c56f0ca3c09d0c8a471d7e6d8122ca9b42885fce61,32.00000000000001,target,False,0
50.0,20.0,4,12.0,15,2026-09-13,0x15645306225545e19ec7b5755cf83d059336c2979753caea28ecb06e5cdfb9e4,32.00000000000001,target,False,15
50.0,20.0,4,12.0,15,2026-09-13,0xb9fd90172ebf1a94886912a4f9efafb66594cf41dd1ad95461ac46f831247996,25.66420681039181,target,False,15
50.0,20.0,4,12.0,15,2026-09-15,0x2f4d1a75c5c884e70fd17a737a6b62bc008248fcbb2c31276adc1a3f1528b3bf,32.00000000000001,target,False,15
50.0,20.0,4,12.0,15,2026-09-15,0xe052e30aab03360c62acc51561b84a7a04056164ca1aafb5f244958c6cd00056,32.00000000000001,target,False,15
50.0,20.0,4,12.0,15,2026-09-17,0x4fc50f1180d5a96169cb66a218d56fbeff9a22f2d38ed3c1a44160814682de51,32.00000000000001,target,False,15
50.0,20.0,4,12.0,15,2026-09-17,0x47b071c2ca1b6f377b6003bd759a08555a008e89dc4d7fe7ed50599c91806402,32.00000000000001,target,False,15
50.0,20.0,4,12.0,15,2026-09-20,0xf058c87bc11ccad23489271b8aee6b63fe505ae7eb4b8b284e2b3ee5bde65861,11.608799168085572,timeout,False,15
50.0,20.0,4,12.0,15,2026-09-20,0xc2322605f92ab672c42d05c56f0ca3c09d0c8a471d7e6d8122ca9b42885fce61,22.37656934739114,target,False,15
50.0,20.0,4,12.0,30,2026-09-13,0x15645306225545e19ec7b5755cf83d059336c2979753caea28ecb06e5cdfb9e4,32.00000000000001,target,False,30
50.0,20.0,4,12.0,30,2026-09-13,0xb9fd90172ebf1a94886912a4f9efafb66594cf41dd1ad95461ac46f831247996,-12.651723639178913,target,False,30
50.0,20.0,4,12.0,30,2026-09-15,0x2f4d1a75c5c884e70fd17a737a6b62bc008248fcbb2c31276adc1a3f1528b3bf,32.00000000000001,target,False,30
50.0,20.0,4,12.0,30,2026-09-15,0xe052e30aab03360c62acc51561b84a7a04056164ca1aafb5f244958c6cd00056,32.00000000000001,target,False,30
50.0,20.0,4,12.0,30,2026-09-17,0x4fc50f1180d5a96169cb66a218d56fbeff9a22f2d38ed3c1a44160814682de51,31.1074753033443,target,False,30
50.0,20.0,4,12.0,30,2026-09-17,0x47b071c2ca1b6f377b6003bd759a08555a008e89dc4d7fe7ed50599c91806402,32.00000000000001,target,False,30
50.0,20.0,4,12.0,30,2026-09-20,0xf058c87bc11ccad23489271b8aee6b63fe505ae7eb4b8b284e2b3ee5bde65861,11.608799168085572,timeout,False,30
50.0,20.0,4,12.0,30,2026-09-20,0xc2322605f92ab672c42d05c56f0ca3c09d0c8a471d7e6d8122ca9b42885fce61,21.46372793276299,target,False,30
