trigger,trail,max_hold_hours,split,flow_gate,pools,entered_pct,mean_return_pct,median_return_pct,p10_return_pct,positive_pct
1.25,0.25,12,test,False,10,50.0,-9.309503641240985,0.0,-33.135843472886854,10.0
1.25,0.25,12,test,True,12,8.333333333333332,-3.7136823726406134,0.0,0.0,0.0
1.25,0.25,12,train,False,38,44.73684210526316,-1.4206417531897655,0.0,-32.914252235970885,10.526315789473683
1.25,0.25,12,train,True,53,33.9622641509434,-5.874190947613325,0.0,-32.080271979286984,11.320754716981133
1.25,0.25,24,test,False,10,50.0,-8.227782815312889,0.0,-33.135843472886854,10.0
1.25,0.25,24,test,True,12,8.333333333333332,-3.7136823726406134,0.0,0.0,0.0
1.25,0.25,24,train,False,38,44.73684210526316,-1.4206417531897655,0.0,-32.914252235970885,10.526315789473683
1.25,0.25,24,train,True,53,33.9622641509434,-6.303086484462896,0.0,-32.080271979286984,11.320754716981133
1.25,0.25,48,test,False,10,50.0,-8.227782815312889,0.0,-33.135843472886854,10.0
1.25,0.25,48,test,True,12,8.333333333333332,-3.7136823726406134,0.0,0.0,0.0
1.25,0.25,48,train,False,38,44.73684210526316,-1.4206417531897655,0.0,-32.914252235970885,10.526315789473683
1.25,0.25,48,train,True,53,33.9622641509434,-5.9924346852699,0.0,-32.080271979286984,11.320754716981133
1.25,0.35,12,test,False,10,50.0,-14.422311085151946,-0.5026257408996972,-40.337417981749766,0.0
1.25,0.35,12,test,True,12,8.333333333333332,-3.7136823726406134,0.0,0.0,0.0
1.25,0.35,12,train,False,38,44.73684210526316,-2.662097386344365,0.0,-44.7334827846079,10.526315789473683
1.25,0.35,12,train,True,53,33.9622641509434,-8.800734583467536,0.0,-38.25652060192525,11.320754716981133
1.25,0.35,24,test,False,10,50.0,-13.340590259223848,-0.3805355031709414,-40.337417981749766,0.0
1.25,0.35,24,test,True,12,8.333333333333332,-3.7136823726406134,0.0,0.0,0.0
1.25,0.35,24,train,False,38,44.73684210526316,-2.6687711047932816,0.0,-44.7334827846079,10.526315789473683
1.25,0.35,24,train,True,53,33.9622641509434,-9.229630120317106,0.0,-38.25652060192525,11.320754716981133
1.25,0.35,48,test,False,10,50.0,-13.340590259223848,-0.3805355031709414,-40.337417981749766,0.0
1.25,0.35,48,test,True,12,8.333333333333332,-3.7136823726406134,0.0,0.0,0.0
1.25,0.35,48,train,False,38,44.73684210526316,-2.076814997806038,0.0,-44.7334827846079,10.526315789473683
1.25,0.35,48,train,True,53,33.9622641509434,-8.91897832112411,0.0,-38.25652060192525,11.320754716981133
1.25,0.5,12,test,False,10,50.0,-23.094508141549067,-5.789139632811423,-59.750490084160866,0.0
1.25,0.5,12,test,True,12,8.333333333333332,-1.8295617052232096,0.0,0.0,0.0
1.25,0.5,12,train,False,38,44.73684210526316,-4.264903051745789,0.0,-54.999471070541354,13.157894736842104
1.25,0.5,12,train,True,53,33.9622641509434,-11.429859225634011,0.0,-51.132292463144836,3.7735849056603774
1.25,0.5,24,test,False,10,50.0,-22.012787315620972,-0.3805355031709414,-59.750490084160866,0.0
1.25,0.5,24,test,True,12,8.333333333333332,-1.8295617052232096,0.0,0.0,0.0
1.25,0.5,24,train,False,38,44.73684210526316,-7.372500947736353,0.0,-54.999471070541354,7.894736842105263
1.25,0.5,24,train,True,53,33.9622641509434,-12.99306530731773,0.0,-53.5577405383781,3.7735849056603774
1.25,0.5,48,test,False,10,50.0,-22.012787315620972,-0.3805355031709414,-59.750490084160866,0.0
1.25,0.5,48,test,True,12,8.333333333333332,-1.8295617052232096,0.0,0.0,0.0
1.25,0.5,48,train,False,38,44.73684210526316,-6.811539097061663,0.0,-54.999471070541354,7.894736842105263
1.25,0.5,48,train,True,53,33.9622641509434,-13.295420929474448,0.0,-54.29590174519168,5.660377358490567
1.5,0.25,12,test,False,10,50.0,-12.304152072081298,0.0,-33.135843472886854,10.0
1.5,0.25,12,test,True,12,8.333333333333332,1.8133434875670682,0.0,0.0,8.333333333333332
1.5,0.25,12,train,False,38,31.57894736842105,-5.2412484597309446,0.0,-31.174543021992505,7.894736842105263
1.5,0.25,12,train,True,53,24.528301886792452,-5.359719780369876,0.0,-28.824538541639136,9.433962264150944
1.5,0.25,24,test,False,10,50.0,-12.304152072081298,0.0,-33.135843472886854,10.0
1.5,0.25,24,test,True,12,8.333333333333332,1.8133434875670682,0.0,0.0,8.333333333333332
1.5,0.25,24,train,False,38,31.57894736842105,-5.2412484597309446,0.0,-31.174543021992505,7.894736842105263
1.5,0.25,24,train,True,53,24.528301886792452,-5.116849539841977,0.0,-28.824538541639136,9.433962264150944
1.5,0.25,48,test,False,10,50.0,-12.304152072081298,0.0,-33.135843472886854,10.0
1.5,0.25,48,test,True,12,8.333333333333332,1.8133434875670682,0.0,0.0,8.333333333333332
1.5,0.25,48,train,False,38,31.57894736842105,-5.2412484597309446,0.0,-31.174543021992505,7.894736842105263
1.5,0.25,48,train,True,53,24.528301886792452,-5.118455863838064,0.0,-28.824538541639136,9.433962264150944
1.5,0.35,12,test,False,10,50.0,-16.738248853990733,-4.53059253812259,-47.830414931661245,0.0
1.5,0.35,12,test,True,12,8.333333333333332,-0.23143578882521917,0.0,0.0,0.0
1.5,0.35,12,train,False,38,31.57894736842105,-5.83120381762235,0.0,-42.051902432057595,7.894736842105263
1.5,0.35,12,train,True,53,24.528301886792452,-6.355228605237841,0.0,-36.08783480021723,11.320754716981133
1.5,0.35,24,test,False,10,50.0,-16.738248853990733,-4.53059253812259,-47.830414931661245,0.0
1.5,0.35,24,test,True,12,8.333333333333332,-0.23143578882521917,0.0,0.0,0.0
1.5,0.35,24,train,False,38,31.57894736842105,-5.837877536071267,0.0,-42.051902432057595,7.894736842105263
1.5,0.35,24,train,True,53,24.528301886792452,-6.11235836470994,0.0,-36.08783480021723,11.320754716981133
1.5,0.35,48,test,False,10,50.0,-16.738248853990733,-4.53059253812259,-47.830414931661245,0.0
1.5,0.35,48,test,True,12,8.333333333333332,-0.23143578882521917,0.0,0.0,0.0
1.5,0.35,48,train,False,38,31.57894736842105,-5.2459214290840235,0.0,-42.051902432057595,7.894736842105263
1.5,0.35,48,train,True,53,24.528301886792452,-6.1139646887060275,0.0,-36.08783480021723,11.320754716981133
1.5,0.5,12,test,False,10,50.0,-24.914953191288216,-4.53059253812259,-59.750490084160866,0.0
1.5,0.5,12,test,True,12,8.333333333333332,-2.8216878124733893,0.0,0.0,0.0
1.5,0.5,12,train,False,38,31.57894736842105,-6.585414533898441,0.0,-50.823878742086535,10.526315789473683
1.5,0.5,12,train,True,53,24.528301886792452,-8.87142681069785,0.0,-32.18717777050849,1.8867924528301887
1.5,0.5,24,test,False,10,50.0,-24.914953191288216,-4.53059253812259,-59.750490084160866,0.0
1.5,0.5,24,test,True,12,8.333333333333332,-2.8216878124733893,0.0,0.0,0.0
1.5,0.5,24,train,False,38,31.57894736842105,-9.286485274701889,0.0,-54.07104237535316,7.894736842105263
1.5,0.5,24,train,True,53,24.528301886792452,-9.162678232166947,0.0,-41.374274705653384,1.8867924528301887
1.5,0.5,48,test,False,10,50.0,-24.914953191288216,-4.53059253812259,-59.750490084160866,0.0
1.5,0.5,48,test,True,12,8.333333333333332,-2.8216878124733893,0.0,0.0,0.0
1.5,0.5,48,train,False,38,31.57894736842105,-8.725523424027198,0.0,-54.07104237535316,7.894736842105263
1.5,0.5,48,train,True,53,24.528301886792452,-8.814123236253666,0.0,-38.85487949024795,1.8867924528301887
2.0,0.25,12,test,False,10,10.0,-3.0070130767637546,0.0,-3.007013076763754,0.0
2.0,0.25,12,test,True,12,8.333333333333332,-2.487289267793677,0.0,0.0,0.0
2.0,0.25,12,train,False,38,21.052631578947366,-1.8439818212326562,0.0,-28.832885025462282,5.263157894736842
2.0,0.25,12,train,True,53,13.20754716981132,-3.8420281893684005,0.0,-1.981601031379649,3.7735849056603774
2.0,0.25,24,test,False,10,10.0,-3.0070130767637546,0.0,-3.007013076763754,0.0
2.0,0.25,24,test,True,12,8.333333333333332,-2.487289267793677,0.0,0.0,0.0
2.0,0.25,24,train,False,38,21.052631578947366,-1.8439818212326562,0.0,-28.832885025462282,5.263157894736842
2.0,0.25,24,train,True,53,13.20754716981132,-3.8420281893684005,0.0,-1.981601031379649,3.7735849056603774
2.0,0.25,48,test,False,10,10.0,-3.0070130767637546,0.0,-3.007013076763754,0.0
2.0,0.25,48,test,True,12,8.333333333333332,-2.487289267793677,0.0,0.0,0.0
2.0,0.25,48,train,False,38,21.052631578947366,-1.8439818212326562,0.0,-28.832885025462282,5.263157894736842
2.0,0.25,48,train,True,53,13.20754716981132,-3.8420281893684005,0.0,-1.981601031379649,3.7735849056603774
2.0,0.35,12,test,False,10,10.0,-4.347925169030025,0.0,-4.347925169030024,0.0
2.0,0.35,12,test,True,12,8.333333333333332,-3.738834861695737,0.0,0.0,0.0
2.0,0.35,12,train,False,38,21.052631578947366,7.882543242012037,0.0,-27.798851035527846,5.263157894736842
2.0,0.35,12,train,True,53,13.20754716981132,-4.433377531759346,0.0,0.0,5.660377358490567
2.0,0.35,24,test,False,10,10.0,-4.347925169030025,0.0,-4.347925169030024,0.0
2.0,0.35,24,test,True,12,8.333333333333332,-3.738834861695737,0.0,0.0,0.0
2.0,0.35,24,train,False,38,21.052631578947366,8.307364997019443,0.0,-16.49859235233086,5.263157894736842
2.0,0.35,24,train,True,53,13.20754716981132,-4.433377531759346,0.0,0.0,5.660377358490567
2.0,0.35,48,test,False,10,10.0,-4.347925169030025,0.0,-4.347925169030024,0.0
2.0,0.35,48,test,True,12,8.333333333333332,-3.738834861695737,0.0,0.0,0.0
2.0,0.35,48,train,False,38,21.052631578947366,8.307364997019443,0.0,-16.49859235233086,5.263157894736842
2.0,0.35,48,train,True,53,13.20754716981132,-4.433377531759346,0.0,0.0,5.660377358490567
2.0,0.5,12,test,False,10,10.0,-6.019110626997774,0.0,-6.019110626997773,0.0
2.0,0.5,12,test,True,12,8.333333333333332,-5.3242473043592184,0.0,0.0,0.0
2.0,0.5,12,train,False,38,21.052631578947366,3.021415062729485,0.0,-28.833677691067308,5.263157894736842
2.0,0.5,12,train,True,53,13.20754716981132,-6.5397845118225435,0.0,-12.648917763110234,0.0
2.0,0.5,24,test,False,10,10.0,-6.019110626997774,0.0,-6.019110626997773,0.0
2.0,0.5,24,test,True,12,8.333333333333332,-5.3242473043592184,0.0,0.0,0.0
2.0,0.5,24,train,False,38,21.052631578947366,3.130913336661788,0.0,-21.128106692126483,5.263157894736842
2.0,0.5,24,train,True,53,13.20754716981132,-6.5397845118225435,0.0,-12.648917763110234,0.0
2.0,0.5,48,test,False,10,10.0,-6.019110626997774,0.0,-6.019110626997773,0.0
2.0,0.5,48,test,True,12,8.333333333333332,-5.3242473043592184,0.0,0.0,0.0
2.0,0.5,48,train,False,38,21.052631578947366,3.130913336661788,0.0,-21.128106692126483,5.263157894736842
2.0,0.5,48,train,True,53,13.20754716981132,-6.5397845118225435,0.0,-12.648917763110234,0.0
