venue,fold,from,to,days,net_return_pct,hodl_return_pct,excess_vs_hodl_pct,simple_annualized_excess_pct,time_in_range_pct,rebalances
Alandale CL 0.6bp,1,2026-08-29T22:00:00+00:00,2026-09-08T21:00:00+00:00,10.0,0.5023323667560309,0.4720951509606719,0.0300951381076775,1.0984725409302287,100.0,0
Alandale CL 0.6bp,2,2026-09-08T22:00:00+00:00,2026-09-18T21:00:00+00:00,10.0,2.5134426864223958,2.794107003562485,-0.27303541547414323,-9.965792664806226,100.0,0
Alandale CL 0.6bp,3,2026-09-18T22:00:00+00:00,2026-09-28T21:00:00+00:00,10.0,0.9844366385477477,0.9859466384023463,-0.0014952574143967112,-0.05457689562547996,100.0,0
Giga v3 0.5bp,1,2026-09-10T11:00:00+00:00,2026-09-16T13:00:00+00:00,6.125,-1.3385803510072014,-1.298878084657662,-0.040224736638350134,-2.39706593844862,100.0,0
Giga v3 0.5bp,2,2026-09-16T14:00:00+00:00,2026-09-22T16:00:00+00:00,6.125,5.470581363108917,7.603600909781516,-1.9822938346282681,-118.12853055335802,100.0,0
Giga v3 0.5bp,3,2026-09-22T17:00:00+00:00,2026-09-28T21:00:00+00:00,6.208333333333333,-1.4957472628994384,-1.454946746335406,-0.04140290680954006,-2.4341574741716174,100.0,0
Ramses v3 1bp,1,2026-08-29T22:00:00+00:00,2026-09-08T21:00:00+00:00,10.0,4.286860502214074,0.5816963357614835,3.6837360090687277,134.45636433100856,100.0,0
Ramses v3 1bp,2,2026-09-08T22:00:00+00:00,2026-09-18T21:00:00+00:00,10.0,4.365956351704492,2.785462119323534,1.5376632062481521,56.12470702805755,98.33333333333333,0
Ramses v3 1bp,3,2026-09-18T22:00:00+00:00,2026-09-28T21:00:00+00:00,10.0,0.4748616909340697,0.9851841119998594,-0.5053438537080956,-18.44505066034549,96.25,1
Sushi v3 5bp,1,2026-08-29T22:00:00+00:00,2026-09-08T21:00:00+00:00,10.0,0.6710266627753647,0.6029720529180382,0.06764671904677666,2.469105245207348,100.0,0
Sushi v3 5bp,2,2026-09-08T22:00:00+00:00,2026-09-18T21:00:00+00:00,10.0,2.6265778473964385,2.8369293371183213,-0.20454859074244824,-7.466023562099361,100.0,0
Sushi v3 5bp,3,2026-09-18T22:00:00+00:00,2026-09-28T21:00:00+00:00,10.0,1.0592497237986498,0.9813714799874917,0.07712139642170879,2.8149309693923708,100.0,0
Uniswap v3 1bp,1,2026-08-29T22:00:00+00:00,2026-09-08T21:00:00+00:00,10.0,1.8972692037037664,0.5971864974706032,1.292364877685559,47.1713180355229,100.0,0
Uniswap v3 1bp,2,2026-09-08T22:00:00+00:00,2026-09-18T21:00:00+00:00,10.0,2.3422350936806113,2.785462119323534,-0.43121567632626867,-15.739372185908806,98.33333333333333,0
Uniswap v3 1bp,3,2026-09-18T22:00:00+00:00,2026-09-28T21:00:00+00:00,10.0,-0.847673118461223,0.9859466384023241,-1.8157177487568066,-66.27369782962344,96.25,1
Uniswap v3 5bp,1,2026-08-29T22:00:00+00:00,2026-09-08T21:00:00+00:00,10.0,1.6169204206011978,0.6056442538201701,1.0051883015923524,36.68937300812086,100.0,0
Uniswap v3 5bp,2,2026-09-08T22:00:00+00:00,2026-09-18T21:00:00+00:00,10.0,2.2020747461223733,2.789495059975966,-0.5714789371334406,-20.85898120537058,98.33333333333333,0
Uniswap v3 5bp,3,2026-09-18T22:00:00+00:00,2026-09-28T21:00:00+00:00,10.0,-0.8432926645839722,0.9851841119998594,-1.8106386522560691,-66.08831080734652,96.25,1
Up v3 5bp,1,2026-08-29T22:00:00+00:00,2026-09-08T21:00:00+00:00,10.0,10.056170968034328,0.5971864974706032,9.402832027316732,343.2033689970607,100.0,0
Up v3 5bp,2,2026-09-08T22:00:00+00:00,2026-09-18T21:00:00+00:00,10.0,9.607833323707183,2.785462119323534,6.637486531376946,242.26825839525856,98.33333333333333,0
Up v3 5bp,3,2026-09-18T22:00:00+00:00,2026-09-28T21:00:00+00:00,10.0,2.1202831017000046,0.9859466384023241,1.1232617023033464,40.999052134072144,96.25,1
