venue,volume_case,volume_multiplier,fee_capture_pct,net_return_pct,hodl_return_pct,excess_vs_hodl_pct,simple_annualized_excess_pct,net_fee_income_pct,fees_to_position_usd,costs_usd
Alandale CL 0.6bp,observed_month,1.0,5.0,3.648754961796241,4.37796076039445,-0.6986204686180275,-8.499882368186002,0.01763998015799178,2.2649993979783134,0.5010013821791355
Alandale CL 0.6bp,latest_7d_run_rate,1.6059962119254036,5.0,3.6600622284273188,4.37796076039445,-0.6877874665659589,-8.368080843219166,0.02886250666017384,3.6377594436828637,0.75150877766548
Alandale CL 0.6bp,observed_month,1.0,10.0,3.6690749390637434,4.37796076039445,-0.6791527791561336,-8.263025479732958,0.03778731882340522,4.530355853394882,0.7516239710543604
Alandale CL 0.6bp,latest_7d_run_rate,1.6059962119254036,10.0,3.694495109411977,4.37796076039445,-0.654798815768598,-7.966718925184609,0.06273214276565707,7.276514499794142,1.0033002232284343
Alandale CL 0.6bp,observed_month,1.0,15.0,3.6896690147489863,4.37796076039445,-0.6594224878808119,-8.022973602549879,0.057930434516861105,6.796138075233247,1.0030946235471367
Alandale CL 0.6bp,latest_7d_run_rate,1.6059962119254036,15.0,3.731420598819457,4.37796076039445,-0.6194221048820503,-7.536302276064945,0.09911337889270974,10.916288819332644,1.0049509300616686
Alandale CL 0.6bp,observed_month,1.0,25.0,3.7356060928167123,4.37796076039445,-0.6154121645011945,-7.487514668097867,0.10323718871431253,11.328856905056258,1.0051380336250058
Alandale CL 0.6bp,latest_7d_run_rate,1.6059962119254036,25.0,3.805302043501557,4.37796076039445,-0.5486394950821705,-6.675113856833074,0.17190619057255901,18.198872591727188,1.008253534471288
Alandale CL 0.6bp,observed_month,1.0,50.0,3.850636028445309,4.37796076039445,-0.5052069690838712,-6.146684790520434,0.2165723982425659,22.667519738603502,1.0102799143469103
Alandale CL 0.6bp,latest_7d_run_rate,1.6059962119254036,50.0,3.9901834655323487,4.37796076039445,-0.3715126182166628,-4.52007018830273,0.3540652925307791,36.423046247423194,1.016516994345283
Alandale CL 0.6bp,observed_month,1.0,100.0,4.080991427686076,4.37796076039445,-0.2845134456976872,-3.461580255988528,0.4435371197257079,45.374287197019676,1.0205752244488824
Alandale CL 0.6bp,latest_7d_run_rate,1.6059962119254036,100.0,4.36070919913496,4.37796076039445,-0.01652797308341336,-0.20109033918152922,0.7191432250572608,72.94739622655193,1.0330737208258496
Giga v3 0.5bp,observed_month,1.0,5.0,3.6273676016247203,4.339955383446381,-0.6829481373678115,-13.504798382261916,0.02160669550427186,2.661679536459139,0.5010099860319528
Giga v3 0.5bp,latest_7d_run_rate,1.1252133876720698,5.0,3.6307683477708963,4.339955383446381,-0.6796888431370607,-13.440348229978898,0.024938878107878277,2.994986862043424,0.5010990512555964
Giga v3 0.5bp,observed_month,1.0,10.0,3.6544072373026593,4.339955383446381,-0.657033198475454,-12.9923494777539,0.04821854268613551,5.323807848550062,0.5019535799365102
Giga v3 0.5bp,latest_7d_run_rate,1.1252133876720698,10.0,3.661175025299368,4.339955383446381,-0.6505469124004515,-12.864087929182745,0.05488349364979701,5.9905475855542,0.5021982205744989
Giga v3 0.5bp,observed_month,1.0,15.0,3.6814339561509035,4.339955383446381,-0.6311306391453053,-12.48014537000649,0.074834611641936,7.986391673971741,0.502930509778142
Giga v3 0.5bp,latest_7d_run_rate,1.1252133876720698,15.0,3.691587450114553,4.339955383446381,-0.6213994734319161,-12.287718707141279,0.08483384709894343,8.986682217850284,0.5032975079559396
Giga v3 0.5bp,observed_month,1.0,25.0,3.735501012957876,4.339955383446381,-0.5793124678529327,-11.455479048288241,0.12808034643967062,13.312919293172525,0.5048846492054637
Giga v3 0.5bp,latest_7d_run_rate,1.1252133876720698,25.0,3.752429543497393,4.339955383446381,-0.5630880689854956,-11.134653463460365,0.144751769611552,14.980673398058563,0.5054964369033645
Giga v3 0.5bp,observed_month,1.0,50.0,3.870748115281941,4.339955383446381,-0.44969088441730865,-8.892307330689896,0.26127401410099627,26.637173039688584,0.5097716295889557
Giga v3 0.5bp,latest_7d_run_rate,1.1252133876720698,50.0,3.9046353875863415,4.339955383446381,-0.4172131320741457,-8.250083604897329,0.29464702238817814,29.975698064130412,0.5109958253125972
Giga v3 0.5bp,observed_month,1.0,100.0,4.141583005196514,4.339955383446381,-0.1901212028707966,-3.759507307332231,0.5280014791100044,53.319700494620996,0.5195525836205499
Giga v3 0.5bp,latest_7d_run_rate,1.1252133876720698,100.0,4.209478465185468,4.339955383446381,-0.12504981220415878,-2.472768295504359,0.594868213945767,60.00882485084148,0.522003456264767
Ramses v3 1bp,observed_month,1.0,5.0,3.6464167814694415,4.511917233620144,-0.8281356567366505,-10.075650490295914,1.6196981066708072,174.0464255249873,12.076614857906577
Ramses v3 1bp,latest_7d_run_rate,0.41897166302701194,5.0,2.6237985477262304,4.511917233620144,-1.8066061133232503,-21.98037437876621,0.6070309268954496,72.66116781042868,11.958075120883716
Ramses v3 1bp,observed_month,1.0,10.0,5.423411896039543,4.511917233620144,0.8721442363188947,10.611088208546553,3.379492438379593,350.231293983022,12.282050145062692
Ramses v3 1bp,latest_7d_run_rate,0.41897166302701194,10.0,3.360467380304555,4.511917233620144,-1.1017402453173841,-13.404506318028174,1.336527371446739,145.69622886360173,12.043491718927847
Ramses v3 1bp,observed_month,1.0,15.0,7.222012645903786,4.511917233620144,2.5930970209125936,31.54934708776989,5.160798428668064,528.5691289127265,12.489286045920048
Ramses v3 1bp,latest_7d_run_rate,0.41897166302701194,15.0,4.100899156126081,4.511917233620144,-0.39327388528842544,-4.784832271009177,2.0697703022353036,219.10625303727286,12.129222813742537
Ramses v3 1bp,observed_month,1.0,25.0,10.884611015898948,4.511917233620144,6.097576191271692,74.1871769938056,8.78852458522841,891.7616490218714,12.909190499030341
Ramses v3 1bp,latest_7d_run_rate,0.41897166302701194,25.0,5.593094325534542,4.511917233620144,1.0345012516587815,12.58643189518184,3.547538353563372,367.05546612826953,12.301630771932333
Ramses v3 1bp,observed_month,1.0,50.0,20.429321623963716,4.511917233620144,15.23022906063687,185.30112023774856,18.244396872070382,1838.4306858801253,13.990998673087143
Ramses v3 1bp,latest_7d_run_rate,0.41897166302701194,50.0,9.390181635180905,4.511917233620144,4.667663296862257,56.78990344515746,7.3082688784567615,743.5650819918224,12.73819414614632
Ramses v3 1bp,observed_month,1.0,100.0,41.24312525298155,4.511917233620144,35.14547335042615,427.6032590968515,38.87334267458308,3903.629417700019,16.295150241711468
Ramses v3 1bp,latest_7d_run_rate,0.41897166302701194,100.0,17.274302158383527,4.511917233620144,12.211415944303305,148.57222732235687,15.118431399388447,1525.478458310957,13.635318372112442
Sushi v3 5bp,observed_month,1.0,5.0,3.775323094173033,4.514951994618488,-0.7076775966787463,-8.61007742625808,0.053363578760301726,6.339312618443493,1.0029547424133198
Sushi v3 5bp,latest_7d_run_rate,1.3219364304957697,5.0,3.7959721752241826,4.514951994618488,-0.6879205373709008,-8.36969987134596,0.07376907460896587,8.38081371273128,1.0039062518346942
Sushi v3 5bp,observed_month,1.0,10.0,3.8394736484704373,4.514951994618488,-0.6462982886724422,-7.863295845514713,0.11675747837944425,12.68165859262901,1.0059107546845858
Sushi v3 5bp,latest_7d_run_rate,1.3219364304957697,10.0,3.8807945467032923,4.514951994618488,-0.6067624161065988,-7.382276062630285,0.1575911411193654,16.766928834901268,1.0078147229647287
Sushi v3 5bp,observed_month,1.0,15.0,3.9036546208618628,4.514951994618488,-0.5848898766064758,-7.11616016537879,0.18018170902092667,19.027038939259047,1.0088680371663803
Sushi v3 5bp,latest_7d_run_rate,1.3219364304957697,15.0,3.965670085720796,4.514951994618488,-0.5255534240937942,-6.394233326474496,0.24146622301215848,25.1583477154205,1.0117254142046554
Sushi v3 5bp,observed_month,1.0,25.0,4.032107860579481,4.514951994618488,-0.4619857013988593,-5.620826033686122,0.307121204034813,31.726906817653408,1.0147864141721057
Sushi v3 5bp,latest_7d_run_rate,1.3219364304957697,25.0,4.135580760299251,4.514951994618488,-0.3629827379519557,-4.416289978415461,0.4093755268990078,41.95710615017384,1.0195534602730634
Sushi v3 5bp,observed_month,1.0,50.0,4.35377398814889,4.514951994618488,-0.15421526144689945,-1.8762856809372765,0.6250014462867245,63.529749238732364,1.0296046100599179
Sushi v3 5bp,latest_7d_run_rate,1.3219364304957697,50.0,4.5612895230448425,4.514951994618488,0.04433578884364131,0.5394187642643026,0.8300782006396309,84.04698254837477,1.0391624844116956
Sushi v3 5bp,observed_month,1.0,100.0,4.99939497520745,4.514951994618488,0.4635154792147933,5.6394383304466515,1.2630441343722292,127.36374996065648,1.0593365234335386
Sushi v3 5bp,latest_7d_run_rate,1.3219364304957697,100.0,5.416711658454565,4.514951994618488,0.8628044568039561,10.497454224448132,1.6754767510555102,168.6262227376,1.0785476320489915
Uniswap v3 1bp,observed_month,1.0,5.0,2.5082281750134383,4.512732505289052,-1.9179522745462307,-23.335086006979143,0.4923333739470262,61.17820034939518,11.94486295469256
Uniswap v3 1bp,latest_7d_run_rate,0.5907195658759703,5.0,2.2555560250116846,4.512732505289052,-2.1597143488360615,-26.276524577505416,0.24189826774824708,36.10534550584952,11.91551873102481
Uniswap v3 1bp,observed_month,1.0,10.0,3.1280536292608296,4.512732505289052,-1.3248901285383141,-16.119496563882823,1.1062061570097093,122.63758551196753,12.016969810996594
Uniswap v3 1bp,latest_7d_run_rate,0.5907195658759703,10.0,2.620531004207294,4.512732505289052,-1.8104985447452537,-22.02773229440059,0.603505010829085,72.3084220933449,11.95792101043639
Uniswap v3 1bp,observed_month,1.0,15.0,3.750646511316935,4.512732505289052,-0.7291800488840483,-8.871690594755922,1.7228976315689093,184.3790841659383,12.089321009047385
Uniswap v3 1bp,latest_7d_run_rate,0.5907195658759703,15.0,2.9865975756768304,4.512732505289052,-1.4602382820054993,-17.766232431066907,0.966092961767485,108.60981430844276,12.00051813169427
Uniswap v3 1bp,observed_month,1.0,25.0,5.004361546903313,4.512732505289052,0.4704010983440421,5.723213363185845,2.964772787970428,308.71200961460414,12.23473081756135
Uniswap v3 1bp,latest_7d_run_rate,0.5907195658759703,25.0,3.7216940848639357,4.512732505289052,-0.7568823448234729,-9.208735195352254,1.694219316364395,181.50789018297928,12.085958546539784
Uniswap v3 1bp,observed_month,1.0,50.0,8.188827228164207,4.512732505289052,3.517365429794994,42.79461272917243,6.119421910663573,624.5445952195777,12.602404153220377
Uniswap v3 1bp,latest_7d_run_rate,0.5907195658759703,50.0,5.576808716263693,4.512732505289052,1.0181306961051684,12.387256802612882,3.531833097637614,365.4843099268159,12.301000163054496
Uniswap v3 1bp,observed_month,1.0,100.0,14.776702799718011,4.512732505289052,9.820784557431338,119.48621211541462,12.646729033746903,1278.0286384259575,13.355735051267082
Uniswap v3 1bp,latest_7d_run_rate,0.5907195658759703,100.0,9.362292151407026,4.512732505289052,4.640161566795253,56.455299062675586,7.28199019181867,740.9363182727368,12.737299090869834
Uniswap v3 5bp,observed_month,1.0,5.0,2.4241194305218094,4.521029370994301,-2.006208657809494,-24.408872003348844,0.4097426409385286,52.906870252584895,11.932606158732034
Uniswap v3 5bp,latest_7d_run_rate,0.7271687635196256,5.0,2.278378343666221,4.521029370994301,-2.1456457526531247,-26.105356657279685,0.2653476951621631,38.45112802930298,11.91635851308667
Uniswap v3 5bp,observed_month,1.0,10.0,2.9593771456915885,4.521029370994301,-1.4941033729773845,-18.178257704558177,0.9403436243233875,106.02670467184016,11.99234223950141
Uniswap v3 5bp,latest_7d_run_rate,0.7271687635196256,10.0,2.667008864655007,4.521029370994301,-1.7738253416530014,-21.581541656778185,0.6505489814735697,77.01460653419045,11.959708386833485
Uniswap v3 5bp,observed_month,1.0,15.0,3.496840883962027,4.521029370994301,-0.9798874859880402,-11.92196441285449,1.4730844945012973,159.36072652485734,12.052277074727602
Uniswap v3 5bp,latest_7d_run_rate,0.7271687635196256,15.0,3.0567705850309768,4.521029370994301,-1.40092266099483,-17.044559042103764,1.036880441874163,115.69125258154516,12.003208394128851
Uniswap v3 5bp,observed_month,1.0,25.0,4.578231744122263,4.521029370994301,0.05472809966780012,0.6658585459582348,2.545005023132416,266.67315050505323,12.172648191811648
Uniswap v3 5bp,latest_7d_run_rate,0.7271687635196256,25.0,3.8397029093861335,4.521029370994301,-0.6518558664302843,-7.930913041568458,1.8129392513975107,193.38439826702594,12.090473127274873
Uniswap v3 5bp,observed_month,1.0,50.0,7.319697216783982,4.521029370994301,2.677612211276559,32.57761523719813,5.262650854833187,538.7416006260424,12.476515142723647
Uniswap v3 5bp,latest_7d_run_rate,0.7271687635196256,50.0,5.817028303725125,4.521029370994301,1.2399408430342929,15.085946923583895,3.773004924567274,389.6106770048191,12.310184548091666
Uniswap v3 5bp,observed_month,1.0,100.0,12.968052822882846,4.521029370994301,8.081649695494386,98.32673796184837,10.862747763239966,1099.3717502931813,13.096973969184756
Uniswap v3 5bp,latest_7d_run_rate,0.7271687635196256,100.0,9.858372265610216,4.521029370994301,5.106477544983967,62.12881013063827,7.7795028261122,790.7065803919028,12.756297780682798
Up v3 5bp,observed_month,1.0,5.0,6.134317806736589,4.512732505289052,1.5515672230323352,18.877401213560077,4.0825577668152935,420.63548223882464,12.379705557295242
Up v3 5bp,latest_7d_run_rate,0.48387961385948475,5.0,3.928751441645373,4.512732505289052,-0.5587654725362268,-6.798313249190759,1.898579561739229,201.9747354595328,12.116779285609894
Up v3 5bp,observed_month,1.0,10.0,10.504043374637927,4.512732505289052,5.7326133627265685,69.74679591317324,8.40998543236515,853.8961863708951,12.897643134379905
Up v3 5bp,latest_7d_run_rate,0.48387961385948475,10.0,5.9955559713302575,4.512732505289052,1.4187969546831436,17.26202961531158,3.9451493171776617,406.8781257017391,12.363193983972966
Up v3 5bp,observed_month,1.0,15.0,15.00280399991225,4.512732505289052,10.037122983166014,122.11832962851985,12.865824476741954,1300.0093613971053,13.426913722909907
Up v3 5bp,latest_7d_run_rate,0.48387961385948475,15.0,8.092022691782109,4.512732505289052,3.424740795397274,41.6676796773335,6.021236241653276,614.7358552878566,12.612231122529034
Up v3 5bp,observed_month,1.0,25.0,24.396563274045956,4.512732505289052,19.02527117234316,231.47413259684177,22.171853130621635,2231.705280250338,14.519967188174816
Up v3 5bp,latest_7d_run_rate,0.48387961385948475,25.0,12.374973358149411,4.512732505289052,7.522758868123991,91.52689956217523,10.26299035987817,1039.4172669734007,13.1182309855838
Up v3 5bp,observed_month,1.0,50.0,50.299399125268195,4.512732505289052,43.809654118135334,533.0174584373133,47.84416558383837,4801.876443406073,17.459885022236048
Up v3 5bp,latest_7d_run_rate,0.48387961385948475,50.0,23.619511632769186,4.512732505289052,18.281771674578696,222.42822204070748,21.401966563258792,2154.6267982992376,14.430141973358534
Up v3 5bp,observed_month,1.0,100.0,113.44801365779506,4.512732505289052,104.2315883827773,1268.1509919904572,110.48213514731044,11072.495209037754,24.281694306709703
Up v3 5bp,latest_7d_run_rate,0.48387961385948475,100.0,48.521076728715464,4.512732505289052,42.108117516876995,512.3154297886701,46.08119670923023,4625.380840479128,17.261169556105695
