mode,fee_capture_pct,net_return_pct,hodl_return_pct,excess_vs_hodl_pct,net_fee_income_usd,net_fee_income_pct,compounded_net_fee_apy_pct,management_cost_usd,rebalances,compounds
wide_default,10.0,3.766114256465647,4.061459254760158,-0.2838178518825507,1.0971161638735847,0.5485580819367923,6.8823854808404805,0.0,0,0
wide_default,15.0,4.040393297434042,4.061459254760158,-0.020243765056704444,1.6456742458103744,0.8228371229051871,10.48418656971668,0.0,0,0
wide_default,25.0,4.588951379370831,4.061459254760158,0.5069044085949992,2.742790409683958,1.371395204841979,18.02417960603433,0.0,0,0
guarded_tight,10.0,3.6407298764958185,4.061459254760158,-0.40430855119407694,1.6218094514582906,0.8109047257291453,10.325202517434917,0.8333770809805419,1,0
guarded_tight,15.0,4.2602173174264735,4.061459254760158,0.19100064912576098,2.8554046221053326,1.4277023110526663,18.824267502956403,0.834329180117485,1,0
guarded_tight,25.0,5.506146141590418,4.061459254760158,1.388301583676066,5.336502848004587,2.6682514240022934,37.76535425052532,0.8362333783913715,1,0
old_frequent_cadence,10.0,2.7529307729078134,4.061459254760158,-1.2574573633922115,1.8674096334296646,0.9337048167148323,11.971443400618975,2.18609182904206,2,2
old_frequent_cadence,15.0,3.7937590248726005,4.061459254760158,-0.2572520429798941,3.9304952028143223,1.9652476014071611,26.716985947333583,2.1882643423715322,2,2
old_frequent_cadence,25.0,5.6667349875175965,4.061459254760158,1.5426227387677072,7.640604887792747,3.8203024438963737,57.79788990111978,2.693476985586021,2,4
