candidate,capital_usd,reserve_weight_pct,fee_capture_pct,net_return_pct,hodl_return_pct,excess_vs_hodl_pct,net_fee_income_usd,net_fee_income_pct,compounded_net_fee_apy_pct,rebalances,compounds,management_cost_usd
uniswap_core,200.0,10.0,10.0,3.4849294774038198,4.0631186279011855,-0.5556138986808512,0.271865617993131,0.1359328089965655,1.666459202616477,0,0,0.0
uniswap_core,200.0,10.0,15.0,3.5528958819021073,4.0631186279011855,-0.49030122557012223,0.407798426989696,0.203899213494848,2.5092118826229637,0,0,0.0
uniswap_core,200.0,10.0,25.0,3.6888286908986823,4.0631186279011855,-0.3596758793486199,0.6796640449828271,0.33983202249141353,4.213983636978869,0,0,0.0
two_rail_balanced,200.0,10.0,10.0,3.3961850715024333,4.06145925476018,-0.6393089122737061,0.588555001252925,0.2942775006264625,3.639794252691697,1,1,1.0523625072139762
two_rail_balanced,200.0,10.0,15.0,3.813782059621418,4.06145925476018,-0.23801049582863332,1.4204400226054472,0.7102200113027236,8.992043225106228,1,1,1.0529630887250276
two_rail_balanced,200.0,10.0,25.0,4.54114947566604,4.06145925476018,0.46096818585974475,2.855774343267913,1.4278871716339565,18.826902431862848,1,2,1.3045184021689133
two_rail_yield,200.0,10.0,10.0,3.6463248343955534,4.061459254760158,-0.39893196130209585,1.3869659812740283,0.6934829906370141,8.771868190889109,1,1,1.0838076573642565
two_rail_yield,200.0,10.0,15.0,4.276879961561386,4.061459254760158,0.20701295978737821,2.6350744124607557,1.3175372062303778,17.263521480388675,1,1,1.0851127530031541
two_rail_yield,200.0,10.0,25.0,5.427409954195328,4.061459254760158,1.3126384246554768,4.909711007009501,2.4548555035047506,34.32163391855465,1,2,1.3382369374423744
three_rail,200.0,10.0,10.0,3.4369357181607274,4.063118627901208,-0.6017337535111911,0.5769696045349827,0.28848480226749135,3.5669889742836247,1,0,0.7916796479087481
three_rail,200.0,10.0,15.0,3.661359995975255,4.063118627901208,-0.3860720658992789,1.020157394554829,0.5100786972774145,6.385790564162908,1,1,1.0424150534624217
three_rail,200.0,10.0,25.0,4.249810938348553,4.063118627901208,0.1794029555417298,2.1731428371609702,1.0865714185804851,14.05224673434875,1,2,1.2936580518242815
yield_plus_ramses,200.0,10.0,10.0,3.5027959388931773,4.061336964009832,-0.5367421190348942,0.9051390443093414,0.45256952215467067,5.647553538777972,1,1,1.0627924869982064
yield_plus_ramses,200.0,10.0,15.0,4.004424336692214,4.061336964009832,-0.05469142428692342,1.898645863556821,0.9493229317784105,12.182425947707088,1,1,1.0637711431026895
yield_plus_ramses,200.0,10.0,25.0,5.018303108409072,4.061336964009832,0.9196173836688359,3.9068162161293003,1.9534081080646502,26.538087796725197,1,1,1.0657384964230765
