candidate,venue,weight_pct,capital_usd,volume_multiplier,half_width_pct,dwell_hours,cooldown_hours,compound_hours,worst_fold_excess_pct,mean_fold_excess_pct,fold_1_excess_pct,fold_2_excess_pct,fold_3_excess_pct,fold_actions,full_month_net_return_pct,full_month_hodl_return_pct,full_month_excess_pct,full_month_rebalances,full_month_compounds
uniswap_core,Uniswap v3 1bp,70.0,140.0,0.5907195658759703,30.0,12.0,168.0,168.0,-0.22376270718503788,-0.04474484545662719,0.08040039762202689,-0.22376270718503788,0.009127773193129407,0.0,3.942795683886624,4.512732505289052,-0.5453276435706922,0,0
uniswap_core,Uniswap v3 5bp,20.0,40.0,0.7271687635196256,30.0,12.0,168.0,168.0,-0.21892659133999626,-0.03990279555050602,0.07787491956381398,-0.21892659133999626,0.021343285124664213,0.0,3.96469451590733,4.521029370994301,-0.5322707386589798,0,0
two_rail_balanced,Uniswap v3 1bp,65.0,130.0,0.5907195658759703,30.0,12.0,168.0,168.0,-0.22376269486628075,-0.04474483357139736,0.0804004132954228,-0.22376269486628075,0.009127780856665879,0.0,3.942795720764658,4.5127325052890965,-0.54532760828504,0,0
two_rail_balanced,Up v3 5bp,25.0,50.0,0.48387961385948475,7.5,12.0,168.0,168.0,0.5726035460635659,1.0145478542401998,1.833474639518129,0.5726035460635659,0.6375653771389045,0.0,5.003859364497543,4.512732505289074,0.4699205995629452,1,1
two_rail_yield,Uniswap v3 1bp,50.0,100.0,0.5907195658759703,30.0,12.0,168.0,168.0,-0.223762657910076,-0.04474479791568564,0.08040046031569936,-0.223762657910076,0.009127803847319704,0.0,3.94279583139876,4.512732505289052,-0.5453275024279503,0,0
two_rail_yield,Up v3 5bp,40.0,80.0,0.48387961385948475,7.5,12.0,168.0,336.0,0.5725115175535311,1.0144666303898358,1.8333660410114971,0.5725115175535311,0.6375223326044788,0.0,5.763705114654982,4.512732505289074,1.196957135631882,1,1
three_rail,Uniswap v3 1bp,50.0,100.0,0.5907195658759703,30.0,12.0,168.0,168.0,-0.223762657910076,-0.04474479791568564,0.08040046031569936,-0.223762657910076,0.009127803847319704,0.0,3.94279583139876,4.512732505289052,-0.5453275024279503,0,0
three_rail,Uniswap v3 5bp,20.0,40.0,0.7271687635196256,30.0,12.0,168.0,168.0,-0.21892659133999626,-0.03990279555050602,0.07787491956381398,-0.21892659133999626,0.021343285124664213,0.0,3.96469451590733,4.521029370994301,-0.5322707386589798,0,0
three_rail,Up v3 5bp,20.0,40.0,0.48387961385948475,7.5,12.0,168.0,168.0,0.5726342245764293,1.0145749309215562,1.8335108418040758,0.5726342245764293,0.6375797263841632,0.0,4.48511588547198,4.512732505289074,-0.026424167807193033,1,1
yield_plus_ramses,Uniswap v3 1bp,45.0,90.0,0.5907195658759703,30.0,12.0,168.0,168.0,-0.22376264559131887,-0.044744786030441,0.08040047598911748,-0.22376264559131887,0.00912781151087838,0.0,3.942795868276816,4.512732505289074,-0.5453274671422537,0,0
yield_plus_ramses,Up v3 5bp,30.0,60.0,0.48387961385948475,7.5,12.0,168.0,336.0,0.5725728687221654,1.0145207785911732,1.833438438624091,0.5725728687221654,0.6375510284272634,0.0,5.338765072380869,4.512732505289074,0.7903654868558707,1,1
yield_plus_ramses,Ramses v3 1bp,15.0,30.0,0.41897166302701194,30.0,12.0,168.0,168.0,-0.14138112286218307,0.036145576599688756,0.1803877024174172,-0.14138112286218307,0.06943015024383214,0.0,4.190244495022499,4.511917233620166,-0.3077857024463726,0,0
