volume_case,fee_capture_pct,net_return_pct,hodl_return_pct,excess_vs_hodl_pct,net_fee_income_pct,reserve_weight_pct,simple_annualized_net_fee_income_pct,compounded_net_fee_apy_pct
latest_7d_run_rate,5.0,2.303956324872204,4.063077864317751,-1.6831314514952522,0.48915715351221295,10.0,5.951412034398591,6.116677563592148
latest_7d_run_rate,10.0,2.9110240397494147,4.063077864317751,-1.102281809766625,1.0904610678582425,10.0,13.267276325608616,14.105652203741798
latest_7d_run_rate,15.0,3.523501266418231,4.063077864317751,-0.5162562481565458,1.6970965206183317,10.0,20.648007667523036,22.72152370580156
latest_7d_run_rate,25.0,4.764688344308333,4.063077864317751,0.6713265471037444,2.926522980121594,10.0,35.60602959147939,42.0415837893934
latest_7d_run_rate,50.0,7.964245845551295,4.063077864317751,3.73270243268936,6.096225962143919,10.0,74.17074920608434,105.43883748645379
latest_7d_run_rate,100.0,14.794697146052052,4.063077864317751,10.268164717141135,12.86499673748573,10.0,156.52412697274306,335.984610033715
observed_month,5.0,2.8414064836950415,4.063077864317751,-1.1688895682169964,1.021483785517053,10.0,12.428052723790813,13.161980750199362
observed_month,10.0,4.002679344766399,4.063077864317751,-0.05776652263970394,2.1716442401432845,10.0,26.42167158840996,29.873233603150823
observed_month,15.0,5.1862126647329,4.063077864317751,1.0746557768808995,3.3439793076294104,10.0,40.68508157615783,49.21175080090117
observed_month,25.0,7.621542164177949,4.063077864317751,3.4048156545206396,5.756591597466363,10.0,70.03853110250742,97.57891133582152
observed_month,50.0,14.124729007427316,4.063077864317751,9.627164727904953,12.201085807477698,10.0,148.44654399097865,305.7864680655961
observed_month,100.0,29.06132027575391,4.063077864317751,23.91873414275245,27.011901475347162,10.0,328.6448012833905,1734.1735102215246
